﻿<?xml version="1.0" encoding="utf-8"?>
<abapGit version="v1.0.0" serializer="LCL_OBJECT_CLAS" serializer_version="v1.0.0">
 <asx:abap xmlns:asx="http://www.sap.com/abapxml" version="1.0">
  <asx:values>
   <VSEOCLASS>
    <CLSNAME>ZCL_UL_SEND_EMAIL</CLSNAME>
    <VERSION>1</VERSION>
    <LANGU>E</LANGU>
    <DESCRIPT>Sending email UL</DESCRIPT>
    <EXPOSURE>2</EXPOSURE>
    <STATE>1</STATE>
    <CLSCCINCL>X</CLSCCINCL>
    <FIXPT>X</FIXPT>
    <UNICODE>X</UNICODE>
   </VSEOCLASS>
   <DESCRIPTIONS>
    <SEOCOMPOTX>
     <CLSNAME>ZCL_UL_SEND_EMAIL</CLSNAME>
     <CMPNAME>ATTACHMENT_PDF</CMPNAME>
     <LANGU>E</LANGU>
     <DESCRIPT>Create PDF attachment</DESCRIPT>
    </SEOCOMPOTX>
    <SEOCOMPOTX>
     <CLSNAME>ZCL_UL_SEND_EMAIL</CLSNAME>
     <CMPNAME>ATTACHMENT_XLSX</CMPNAME>
     <LANGU>E</LANGU>
     <DESCRIPT>Create excel attachment</DESCRIPT>
    </SEOCOMPOTX>
    <SEOCOMPOTX>
     <CLSNAME>ZCL_UL_SEND_EMAIL</CLSNAME>
     <CMPNAME>BCS_EXCEPTION</CMPNAME>
     <LANGU>E</LANGU>
     <DESCRIPT>BCS: General Exceptions</DESCRIPT>
    </SEOCOMPOTX>
    <SEOCOMPOTX>
     <CLSNAME>ZCL_UL_SEND_EMAIL</CLSNAME>
     <CMPNAME>CONSTRUCTOR</CMPNAME>
     <LANGU>E</LANGU>
     <DESCRIPT>CONSTRUCTOR</DESCRIPT>
    </SEOCOMPOTX>
    <SEOCOMPOTX>
     <CLSNAME>ZCL_UL_SEND_EMAIL</CLSNAME>
     <CMPNAME>CREATE_DOCUMENT</CMPNAME>
     <LANGU>E</LANGU>
     <DESCRIPT>Create document</DESCRIPT>
    </SEOCOMPOTX>
    <SEOCOMPOTX>
     <CLSNAME>ZCL_UL_SEND_EMAIL</CLSNAME>
     <CMPNAME>CX_ERROR</CMPNAME>
     <LANGU>E</LANGU>
     <DESCRIPT>Handling errors class UL</DESCRIPT>
    </SEOCOMPOTX>
    <SEOCOMPOTX>
     <CLSNAME>ZCL_UL_SEND_EMAIL</CLSNAME>
     <CMPNAME>DOCUMENT</CMPNAME>
     <LANGU>E</LANGU>
     <DESCRIPT>Wrapper Class for Office Documents</DESCRIPT>
    </SEOCOMPOTX>
    <SEOCOMPOTX>
     <CLSNAME>ZCL_UL_SEND_EMAIL</CLSNAME>
     <CMPNAME>DOCUMENT_EMAIL_TEMP</CMPNAME>
     <LANGU>E</LANGU>
     <DESCRIPT>Create from email template</DESCRIPT>
    </SEOCOMPOTX>
    <SEOCOMPOTX>
     <CLSNAME>ZCL_UL_SEND_EMAIL</CLSNAME>
     <CMPNAME>DOCUMENT_TEXT_SO</CMPNAME>
     <LANGU>E</LANGU>
     <DESCRIPT>Create document from SO text</DESCRIPT>
    </SEOCOMPOTX>
    <SEOCOMPOTX>
     <CLSNAME>ZCL_UL_SEND_EMAIL</CLSNAME>
     <CMPNAME>EXCEPTION_INFO</CMPNAME>
     <LANGU>E</LANGU>
     <DESCRIPT>Object Service Exception</DESCRIPT>
    </SEOCOMPOTX>
    <SEOCOMPOTX>
     <CLSNAME>ZCL_UL_SEND_EMAIL</CLSNAME>
     <CMPNAME>FILENAME</CMPNAME>
     <LANGU>E</LANGU>
     <DESCRIPT>Filename</DESCRIPT>
    </SEOCOMPOTX>
    <SEOCOMPOTX>
     <CLSNAME>ZCL_UL_SEND_EMAIL</CLSNAME>
     <CMPNAME>RECIPIENTS</CMPNAME>
     <LANGU>E</LANGU>
     <DESCRIPT>Recipients</DESCRIPT>
    </SEOCOMPOTX>
    <SEOCOMPOTX>
     <CLSNAME>ZCL_UL_SEND_EMAIL</CLSNAME>
     <CMPNAME>SENDER</CMPNAME>
     <LANGU>E</LANGU>
     <DESCRIPT>Interface of Sender Object in BCS</DESCRIPT>
    </SEOCOMPOTX>
    <SEOCOMPOTX>
     <CLSNAME>ZCL_UL_SEND_EMAIL</CLSNAME>
     <CMPNAME>SEND_EMAIL</CMPNAME>
     <LANGU>E</LANGU>
     <DESCRIPT>Sending email</DESCRIPT>
    </SEOCOMPOTX>
    <SEOCOMPOTX>
     <CLSNAME>ZCL_UL_SEND_EMAIL</CLSNAME>
     <CMPNAME>SEND_REQUEST</CMPNAME>
     <LANGU>E</LANGU>
     <DESCRIPT>Business Communication Service</DESCRIPT>
    </SEOCOMPOTX>
    <SEOCOMPOTX>
     <CLSNAME>ZCL_UL_SEND_EMAIL</CLSNAME>
     <CMPNAME>SET_RECEIPIENTS</CMPNAME>
     <LANGU>E</LANGU>
     <DESCRIPT>Set recipients</DESCRIPT>
    </SEOCOMPOTX>
    <SEOCOMPOTX>
     <CLSNAME>ZCL_UL_SEND_EMAIL</CLSNAME>
     <CMPNAME>SET_SENDER</CMPNAME>
     <LANGU>E</LANGU>
     <DESCRIPT>Set sender</DESCRIPT>
    </SEOCOMPOTX>
    <SEOCOMPOTX>
     <CLSNAME>ZCL_UL_SEND_EMAIL</CLSNAME>
     <CMPNAME>SET_SUBJECT</CMPNAME>
     <LANGU>E</LANGU>
     <DESCRIPT>Set subject</DESCRIPT>
    </SEOCOMPOTX>
   </DESCRIPTIONS>
  </asx:values>
 </asx:abap>
</abapGit>
