﻿<?xml version="1.0" encoding="utf-8"?>
<abapGit version="v1.0.0" serializer="LCL_OBJECT_CLAS" serializer_version="v1.0.0">
 <asx:abap xmlns:asx="http://www.sap.com/abapxml" version="1.0">
  <asx:values>
   <VSEOCLASS>
    <CLSNAME>ZCL_UL_RTTS_SERVICES</CLSNAME>
    <VERSION>1</VERSION>
    <LANGU>E</LANGU>
    <DESCRIPT>Runtime Type Service UL</DESCRIPT>
    <EXPOSURE>2</EXPOSURE>
    <STATE>1</STATE>
    <CLSFINAL>X</CLSFINAL>
    <CLSCCINCL>X</CLSCCINCL>
    <FIXPT>X</FIXPT>
    <UNICODE>X</UNICODE>
   </VSEOCLASS>
   <DESCRIPTIONS>
    <SEOCOMPOTX>
     <CLSNAME>ZCL_UL_RTTS_SERVICES</CLSNAME>
     <CMPNAME>AR_CLASSDESCR</CMPNAME>
     <LANGU>E</LANGU>
     <DESCRIPT>Runtime Type Services</DESCRIPT>
    </SEOCOMPOTX>
    <SEOCOMPOTX>
     <CLSNAME>ZCL_UL_RTTS_SERVICES</CLSNAME>
     <CMPNAME>AR_DATADESCR</CMPNAME>
     <LANGU>E</LANGU>
     <DESCRIPT>Runtime Type Services</DESCRIPT>
    </SEOCOMPOTX>
    <SEOCOMPOTX>
     <CLSNAME>ZCL_UL_RTTS_SERVICES</CLSNAME>
     <CMPNAME>AR_ELEMDESCR</CMPNAME>
     <LANGU>E</LANGU>
     <DESCRIPT>Runtime Type Services</DESCRIPT>
    </SEOCOMPOTX>
    <SEOCOMPOTX>
     <CLSNAME>ZCL_UL_RTTS_SERVICES</CLSNAME>
     <CMPNAME>AR_STRUCTDESCR</CMPNAME>
     <LANGU>E</LANGU>
     <DESCRIPT>Runtime Type Services</DESCRIPT>
    </SEOCOMPOTX>
    <SEOCOMPOTX>
     <CLSNAME>ZCL_UL_RTTS_SERVICES</CLSNAME>
     <CMPNAME>AR_TABLEDESCR</CMPNAME>
     <LANGU>E</LANGU>
     <DESCRIPT>Runtime Type Services</DESCRIPT>
    </SEOCOMPOTX>
    <SEOCOMPOTX>
     <CLSNAME>ZCL_UL_RTTS_SERVICES</CLSNAME>
     <CMPNAME>CONSTRUCTOR</CMPNAME>
     <LANGU>E</LANGU>
     <DESCRIPT>CONSTRUCTOR</DESCRIPT>
    </SEOCOMPOTX>
    <SEOCOMPOTX>
     <CLSNAME>ZCL_UL_RTTS_SERVICES</CLSNAME>
     <CMPNAME>CREATE_STRUCT</CMPNAME>
     <LANGU>E</LANGU>
     <DESCRIPT>Create structure</DESCRIPT>
    </SEOCOMPOTX>
    <SEOCOMPOTX>
     <CLSNAME>ZCL_UL_RTTS_SERVICES</CLSNAME>
     <CMPNAME>CREATE_TABLE</CMPNAME>
     <LANGU>E</LANGU>
     <DESCRIPT>Create table</DESCRIPT>
    </SEOCOMPOTX>
    <SEOCOMPOTX>
     <CLSNAME>ZCL_UL_RTTS_SERVICES</CLSNAME>
     <CMPNAME>CX_ERROR</CMPNAME>
     <LANGU>E</LANGU>
     <DESCRIPT>Handling errors class UL</DESCRIPT>
    </SEOCOMPOTX>
    <SEOCOMPOTX>
     <CLSNAME>ZCL_UL_RTTS_SERVICES</CLSNAME>
     <CMPNAME>FILL_SAMPLE_DATA</CMPNAME>
     <LANGU>E</LANGU>
     <DESCRIPT>Generate sampe data</DESCRIPT>
    </SEOCOMPOTX>
    <SEOCOMPOTX>
     <CLSNAME>ZCL_UL_RTTS_SERVICES</CLSNAME>
     <CMPNAME>GET_DATA_INF</CMPNAME>
     <LANGU>E</LANGU>
     <DESCRIPT>Get information of data</DESCRIPT>
    </SEOCOMPOTX>
    <SEOCOMPOTX>
     <CLSNAME>ZCL_UL_RTTS_SERVICES</CLSNAME>
     <CMPNAME>GET_FIX_VALUES</CMPNAME>
     <LANGU>E</LANGU>
     <DESCRIPT>Get fixed values of a field</DESCRIPT>
    </SEOCOMPOTX>
    <SEOCOMPOTX>
     <CLSNAME>ZCL_UL_RTTS_SERVICES</CLSNAME>
     <CMPNAME>GET_STRUCT_INF</CMPNAME>
     <LANGU>E</LANGU>
     <DESCRIPT>Get information of structure</DESCRIPT>
    </SEOCOMPOTX>
    <SEOCOMPOTX>
     <CLSNAME>ZCL_UL_RTTS_SERVICES</CLSNAME>
     <CMPNAME>GET_TABLE_INF</CMPNAME>
     <LANGU>E</LANGU>
     <DESCRIPT>Get information of table</DESCRIPT>
    </SEOCOMPOTX>
   </DESCRIPTIONS>
  </asx:values>
 </asx:abap>
</abapGit>
