﻿<?xml version="1.0" encoding="utf-8"?>
<abapGit version="v1.0.0" serializer="LCL_OBJECT_CLAS" serializer_version="v1.0.0">
 <asx:abap xmlns:asx="http://www.sap.com/abapxml" version="1.0">
  <asx:values>
   <VSEOCLASS>
    <CLSNAME>ZCL_SALV_SERVICES</CLSNAME>
    <VERSION>1</VERSION>
    <LANGU>E</LANGU>
    <DESCRIPT>Class for creating ALV report</DESCRIPT>
    <EXPOSURE>2</EXPOSURE>
    <STATE>1</STATE>
    <CLSFINAL>X</CLSFINAL>
    <CLSCCINCL>X</CLSCCINCL>
    <FIXPT>X</FIXPT>
    <UNICODE>X</UNICODE>
    <RSTAT>K</RSTAT>
   </VSEOCLASS>
   <DESCRIPTIONS>
    <SEOCOMPOTX>
     <CLSNAME>ZCL_SALV_SERVICES</CLSNAME>
     <CMPNAME>COLUMNS_SETTING</CMPNAME>
     <LANGU>E</LANGU>
     <DESCRIPT>Columns Setting</DESCRIPT>
    </SEOCOMPOTX>
    <SEOCOMPOTX>
     <CLSNAME>ZCL_SALV_SERVICES</CLSNAME>
     <CMPNAME>CX_ERROR</CMPNAME>
     <LANGU>E</LANGU>
     <DESCRIPT>ALV: General Error Class (Checked During Syntax Check)</DESCRIPT>
    </SEOCOMPOTX>
    <SEOCOMPOTX>
     <CLSNAME>ZCL_SALV_SERVICES</CLSNAME>
     <CMPNAME>ERROR_REPORTING</CMPNAME>
     <LANGU>E</LANGU>
     <DESCRIPT>Report error message</DESCRIPT>
    </SEOCOMPOTX>
    <SEOCOMPOTX>
     <CLSNAME>ZCL_SALV_SERVICES</CLSNAME>
     <CMPNAME>GENERAL_SERVICES</CMPNAME>
     <LANGU>E</LANGU>
     <DESCRIPT>ALV Services In One Stack</DESCRIPT>
    </SEOCOMPOTX>
    <SEOCOMPOTX>
     <CLSNAME>ZCL_SALV_SERVICES</CLSNAME>
     <CMPNAME>MO_CONTAINER</CMPNAME>
     <LANGU>E</LANGU>
     <DESCRIPT>Abstract Container for GUI Controls</DESCRIPT>
    </SEOCOMPOTX>
    <SEOCOMPOTX>
     <CLSNAME>ZCL_SALV_SERVICES</CLSNAME>
     <CMPNAME>MO_SALV_AGGREGATION</CMPNAME>
     <LANGU>E</LANGU>
     <DESCRIPT>Aggregation Object of a Column</DESCRIPT>
    </SEOCOMPOTX>
    <SEOCOMPOTX>
     <CLSNAME>ZCL_SALV_SERVICES</CLSNAME>
     <CMPNAME>MO_SALV_COLUMNS</CMPNAME>
     <LANGU>E</LANGU>
     <DESCRIPT>Columns in Simple, Two-Dimensional Tables</DESCRIPT>
    </SEOCOMPOTX>
    <SEOCOMPOTX>
     <CLSNAME>ZCL_SALV_SERVICES</CLSNAME>
     <CMPNAME>MO_SALV_TABLE</CMPNAME>
     <LANGU>E</LANGU>
     <DESCRIPT>Basis Class for Simple Tables</DESCRIPT>
    </SEOCOMPOTX>
    <SEOCOMPOTX>
     <CLSNAME>ZCL_SALV_SERVICES</CLSNAME>
     <CMPNAME>MT_FCAT_ATT</CMPNAME>
     <LANGU>E</LANGU>
     <DESCRIPT>Field Catalog for List Viewer Control</DESCRIPT>
    </SEOCOMPOTX>
    <SEOCOMPOTX>
     <CLSNAME>ZCL_SALV_SERVICES</CLSNAME>
     <CMPNAME>MT_HIDE_FILEDS</CMPNAME>
     <LANGU>E</LANGU>
     <DESCRIPT>Field Catalog for List Viewer Control</DESCRIPT>
    </SEOCOMPOTX>
    <SEOCOMPOTX>
     <CLSNAME>ZCL_SALV_SERVICES</CLSNAME>
     <CMPNAME>ON_DOUBLE_CLICK</CMPNAME>
     <LANGU>E</LANGU>
     <DESCRIPT>Handle with DC event</DESCRIPT>
    </SEOCOMPOTX>
    <SEOCOMPOTX>
     <CLSNAME>ZCL_SALV_SERVICES</CLSNAME>
     <CMPNAME>R_TABLE</CMPNAME>
     <LANGU>E</LANGU>
     <DESCRIPT>Dynamic table data</DESCRIPT>
    </SEOCOMPOTX>
    <SEOCOMPOTX>
     <CLSNAME>ZCL_SALV_SERVICES</CLSNAME>
     <CMPNAME>SORT_SETTING</CMPNAME>
     <LANGU>E</LANGU>
     <DESCRIPT>Sort setting</DESCRIPT>
    </SEOCOMPOTX>
   </DESCRIPTIONS>
  </asx:values>
 </asx:abap>
</abapGit>
