﻿<?xml version="1.0" encoding="utf-8"?>
<abapGit version="v1.0.0" serializer="LCL_OBJECT_CLAS" serializer_version="v1.0.0">
 <asx:abap xmlns:asx="http://www.sap.com/abapxml" version="1.0">
  <asx:values>
   <VSEOCLASS>
    <CLSNAME>ZCL_UL_DOI_USAGE</CLSNAME>
    <VERSION>1</VERSION>
    <LANGU>E</LANGU>
    <DESCRIPT>Usage of DOI UL</DESCRIPT>
    <EXPOSURE>2</EXPOSURE>
    <STATE>1</STATE>
    <CLSCCINCL>X</CLSCCINCL>
    <FIXPT>X</FIXPT>
    <UNICODE>X</UNICODE>
   </VSEOCLASS>
   <DESCRIPTIONS>
    <SEOCOMPOTX>
     <CLSNAME>ZCL_UL_DOI_USAGE</CLSNAME>
     <CMPNAME>AR_BDS_INSTANCE</CMPNAME>
     <LANGU>E</LANGU>
     <DESCRIPT>BusinessDocumentSet</DESCRIPT>
    </SEOCOMPOTX>
    <SEOCOMPOTX>
     <CLSNAME>ZCL_UL_DOI_USAGE</CLSNAME>
     <CMPNAME>AR_CONTROL</CMPNAME>
     <LANGU>E</LANGU>
     <DESCRIPT>Document Container Control Interface</DESCRIPT>
    </SEOCOMPOTX>
    <SEOCOMPOTX>
     <CLSNAME>ZCL_UL_DOI_USAGE</CLSNAME>
     <CMPNAME>AR_PROXY</CMPNAME>
     <LANGU>E</LANGU>
     <DESCRIPT>General Document Interface</DESCRIPT>
    </SEOCOMPOTX>
    <SEOCOMPOTX>
     <CLSNAME>ZCL_UL_DOI_USAGE</CLSNAME>
     <CMPNAME>AV_DOC_URL</CMPNAME>
     <LANGU>E</LANGU>
     <DESCRIPT>Business Document Service: URI</DESCRIPT>
    </SEOCOMPOTX>
    <SEOCOMPOTX>
     <CLSNAME>ZCL_UL_DOI_USAGE</CLSNAME>
     <CMPNAME>CONSTRUCTOR</CMPNAME>
     <LANGU>E</LANGU>
     <DESCRIPT>CONSTRUCTOR</DESCRIPT>
    </SEOCOMPOTX>
    <SEOCOMPOTX>
     <CLSNAME>ZCL_UL_DOI_USAGE</CLSNAME>
     <CMPNAME>CX_ERROR</CMPNAME>
     <LANGU>E</LANGU>
     <DESCRIPT>Handling errors class UL</DESCRIPT>
    </SEOCOMPOTX>
   </DESCRIPTIONS>
  </asx:values>
 </asx:abap>
</abapGit>
