﻿<?xml version="1.0" encoding="utf-8"?>
<abapGit version="v1.0.0" serializer="LCL_OBJECT_CLAS" serializer_version="v1.0.0">
 <asx:abap xmlns:asx="http://www.sap.com/abapxml" version="1.0">
  <asx:values>
   <VSEOCLASS>
    <CLSNAME>ZCL_TREE_LIST_CREATE</CLSNAME>
    <VERSION>1</VERSION>
    <LANGU>E</LANGU>
    <DESCRIPT>Dynamic tree list creation</DESCRIPT>
    <EXPOSURE>2</EXPOSURE>
    <STATE>1</STATE>
    <CLSFINAL>X</CLSFINAL>
    <CLSCCINCL>X</CLSCCINCL>
    <FIXPT>X</FIXPT>
    <UNICODE>X</UNICODE>
   </VSEOCLASS>
   <DESCRIPTIONS>
    <SEOCOMPOTX>
     <CLSNAME>ZCL_TREE_LIST_CREATE</CLSNAME>
     <CMPNAME>ADD_IMAGE_DISPLAY</CMPNAME>
     <LANGU>E</LANGU>
     <DESCRIPT>Add image for display with container</DESCRIPT>
    </SEOCOMPOTX>
    <SEOCOMPOTX>
     <CLSNAME>ZCL_TREE_LIST_CREATE</CLSNAME>
     <CMPNAME>AR_CONT</CMPNAME>
     <LANGU>E</LANGU>
     <DESCRIPT>Container for customer controls in the dynpro area</DESCRIPT>
    </SEOCOMPOTX>
    <SEOCOMPOTX>
     <CLSNAME>ZCL_TREE_LIST_CREATE</CLSNAME>
     <CMPNAME>AR_DRAPDROP</CMPNAME>
     <LANGU>E</LANGU>
     <DESCRIPT>Behavior for Drag and Drop</DESCRIPT>
    </SEOCOMPOTX>
    <SEOCOMPOTX>
     <CLSNAME>ZCL_TREE_LIST_CREATE</CLSNAME>
     <CMPNAME>AR_HCON</CMPNAME>
     <LANGU>E</LANGU>
     <DESCRIPT>Container for customer controls in the dynpro area</DESCRIPT>
    </SEOCOMPOTX>
    <SEOCOMPOTX>
     <CLSNAME>ZCL_TREE_LIST_CREATE</CLSNAME>
     <CMPNAME>AR_HTML</CMPNAME>
     <LANGU>E</LANGU>
     <DESCRIPT>HTML Control Proxy Class</DESCRIPT>
    </SEOCOMPOTX>
    <SEOCOMPOTX>
     <CLSNAME>ZCL_TREE_LIST_CREATE</CLSNAME>
     <CMPNAME>AR_PIC</CMPNAME>
     <LANGU>E</LANGU>
     <DESCRIPT>SAP Picture Control</DESCRIPT>
    </SEOCOMPOTX>
    <SEOCOMPOTX>
     <CLSNAME>ZCL_TREE_LIST_CREATE</CLSNAME>
     <CMPNAME>AR_TREE</CMPNAME>
     <LANGU>E</LANGU>
     <DESCRIPT>List Tree Control</DESCRIPT>
    </SEOCOMPOTX>
    <SEOCOMPOTX>
     <CLSNAME>ZCL_TREE_LIST_CREATE</CLSNAME>
     <CMPNAME>AT_CONFG</CMPNAME>
     <LANGU>E</LANGU>
     <DESCRIPT>Configuration table for tree structure loading</DESCRIPT>
    </SEOCOMPOTX>
    <SEOCOMPOTX>
     <CLSNAME>ZCL_TREE_LIST_CREATE</CLSNAME>
     <CMPNAME>AT_FLDS</CMPNAME>
     <LANGU>E</LANGU>
     <DESCRIPT>Field_table infor</DESCRIPT>
    </SEOCOMPOTX>
    <SEOCOMPOTX>
     <CLSNAME>ZCL_TREE_LIST_CREATE</CLSNAME>
     <CMPNAME>AT_ITEM</CMPNAME>
     <LANGU>E</LANGU>
     <DESCRIPT>Tree Control: Item Table</DESCRIPT>
    </SEOCOMPOTX>
    <SEOCOMPOTX>
     <CLSNAME>ZCL_TREE_LIST_CREATE</CLSNAME>
     <CMPNAME>AT_NODE</CMPNAME>
     <LANGU>E</LANGU>
     <DESCRIPT>Tree Control: Node Table</DESCRIPT>
    </SEOCOMPOTX>
    <SEOCOMPOTX>
     <CLSNAME>ZCL_TREE_LIST_CREATE</CLSNAME>
     <CMPNAME>AT_NODE_KEY</CMPNAME>
     <LANGU>E</LANGU>
     <DESCRIPT>Tree Control: Table with Node Keys</DESCRIPT>
    </SEOCOMPOTX>
    <SEOCOMPOTX>
     <CLSNAME>ZCL_TREE_LIST_CREATE</CLSNAME>
     <CMPNAME>AV_CLIENT</CMPNAME>
     <LANGU>E</LANGU>
     <DESCRIPT>Logical destination (specified in function call)</DESCRIPT>
    </SEOCOMPOTX>
    <SEOCOMPOTX>
     <CLSNAME>ZCL_TREE_LIST_CREATE</CLSNAME>
     <CMPNAME>AV_CLT_CHECK</CMPNAME>
     <LANGU>E</LANGU>
     <DESCRIPT>Single-Character Flag</DESCRIPT>
    </SEOCOMPOTX>
    <SEOCOMPOTX>
     <CLSNAME>ZCL_TREE_LIST_CREATE</CLSNAME>
     <CMPNAME>AV_DRAG_OBJ</CMPNAME>
     <LANGU>E</LANGU>
     <DESCRIPT>Get drap information</DESCRIPT>
    </SEOCOMPOTX>
    <SEOCOMPOTX>
     <CLSNAME>ZCL_TREE_LIST_CREATE</CLSNAME>
     <CMPNAME>AV_DROP_OBJ</CMPNAME>
     <LANGU>E</LANGU>
     <DESCRIPT>Get drop information</DESCRIPT>
    </SEOCOMPOTX>
    <SEOCOMPOTX>
     <CLSNAME>ZCL_TREE_LIST_CREATE</CLSNAME>
     <CMPNAME>AV_ENCODE</CMPNAME>
     <LANGU>E</LANGU>
     <DESCRIPT>Single-Character Flag</DESCRIPT>
    </SEOCOMPOTX>
    <SEOCOMPOTX>
     <CLSNAME>ZCL_TREE_LIST_CREATE</CLSNAME>
     <CMPNAME>AV_MODULE</CMPNAME>
     <LANGU>E</LANGU>
     <DESCRIPT>Tree Module</DESCRIPT>
    </SEOCOMPOTX>
    <SEOCOMPOTX>
     <CLSNAME>ZCL_TREE_LIST_CREATE</CLSNAME>
     <CMPNAME>AV_NODE_KEY</CMPNAME>
     <LANGU>E</LANGU>
     <DESCRIPT>Tree Control: Node Key</DESCRIPT>
    </SEOCOMPOTX>
    <SEOCOMPOTX>
     <CLSNAME>ZCL_TREE_LIST_CREATE</CLSNAME>
     <CMPNAME>CHECK_TABLE_TYPE</CMPNAME>
     <LANGU>E</LANGU>
     <DESCRIPT>Check whether type is table?</DESCRIPT>
    </SEOCOMPOTX>
    <SEOCOMPOTX>
     <CLSNAME>ZCL_TREE_LIST_CREATE</CLSNAME>
     <CMPNAME>CONSTRUCTOR</CMPNAME>
     <LANGU>E</LANGU>
     <DESCRIPT>CONSTRUCTOR</DESCRIPT>
    </SEOCOMPOTX>
    <SEOCOMPOTX>
     <CLSNAME>ZCL_TREE_LIST_CREATE</CLSNAME>
     <CMPNAME>CREATE_INT_TREE</CMPNAME>
     <LANGU>E</LANGU>
     <DESCRIPT>Set up tree display</DESCRIPT>
    </SEOCOMPOTX>
    <SEOCOMPOTX>
     <CLSNAME>ZCL_TREE_LIST_CREATE</CLSNAME>
     <CMPNAME>CREATE_LIST_INFOR</CMPNAME>
     <LANGU>E</LANGU>
     <DESCRIPT>Get list field informations</DESCRIPT>
    </SEOCOMPOTX>
    <SEOCOMPOTX>
     <CLSNAME>ZCL_TREE_LIST_CREATE</CLSNAME>
     <CMPNAME>CREATE_TREE_CUS01</CMPNAME>
     <LANGU>E</LANGU>
     <DESCRIPT>Handling With Self-Defined Tree</DESCRIPT>
    </SEOCOMPOTX>
    <SEOCOMPOTX>
     <CLSNAME>ZCL_TREE_LIST_CREATE</CLSNAME>
     <CMPNAME>CREATE_TREE_CUS02</CMPNAME>
     <LANGU>E</LANGU>
     <DESCRIPT>Handling With Self-Defined Tree02</DESCRIPT>
    </SEOCOMPOTX>
    <SEOCOMPOTX>
     <CLSNAME>ZCL_TREE_LIST_CREATE</CLSNAME>
     <CMPNAME>CX_ERROR</CMPNAME>
     <LANGU>E</LANGU>
     <DESCRIPT>Handling errors class UL</DESCRIPT>
    </SEOCOMPOTX>
    <SEOCOMPOTX>
     <CLSNAME>ZCL_TREE_LIST_CREATE</CLSNAME>
     <CMPNAME>FILL_RD_DATA</CMPNAME>
     <LANGU>E</LANGU>
     <DESCRIPT>Fill data with data type</DESCRIPT>
    </SEOCOMPOTX>
    <SEOCOMPOTX>
     <CLSNAME>ZCL_TREE_LIST_CREATE</CLSNAME>
     <CMPNAME>GET_MESSAGE</CMPNAME>
     <LANGU>E</LANGU>
     <DESCRIPT>Throwing auto-generating message</DESCRIPT>
    </SEOCOMPOTX>
    <SEOCOMPOTX>
     <CLSNAME>ZCL_TREE_LIST_CREATE</CLSNAME>
     <CMPNAME>GET_NODE_INF</CMPNAME>
     <LANGU>E</LANGU>
     <DESCRIPT>Get information of node key</DESCRIPT>
    </SEOCOMPOTX>
    <SEOCOMPOTX>
     <CLSNAME>ZCL_TREE_LIST_CREATE</CLSNAME>
     <CMPNAME>HANDLE_DC_CUS01</CMPNAME>
     <LANGU>E</LANGU>
     <DESCRIPT>Creating API message double click</DESCRIPT>
    </SEOCOMPOTX>
    <SEOCOMPOTX>
     <CLSNAME>ZCL_TREE_LIST_CREATE</CLSNAME>
     <CMPNAME>HANDLE_DC_CUS02</CMPNAME>
     <LANGU>E</LANGU>
     <DESCRIPT>Creating API message double click 02</DESCRIPT>
    </SEOCOMPOTX>
    <SEOCOMPOTX>
     <CLSNAME>ZCL_TREE_LIST_CREATE</CLSNAME>
     <CMPNAME>HANDLE_DOUBLE_CLICK</CMPNAME>
     <LANGU>E</LANGU>
     <DESCRIPT>Handle with user clicking</DESCRIPT>
    </SEOCOMPOTX>
    <SEOCOMPOTX>
     <CLSNAME>ZCL_TREE_LIST_CREATE</CLSNAME>
     <CMPNAME>MODIFY_NODES</CMPNAME>
     <LANGU>E</LANGU>
     <DESCRIPT>Modify dragdrop nodes</DESCRIPT>
    </SEOCOMPOTX>
    <SEOCOMPOTX>
     <CLSNAME>ZCL_TREE_LIST_CREATE</CLSNAME>
     <CMPNAME>ON_USER_DRAG</CMPNAME>
     <LANGU>E</LANGU>
     <DESCRIPT>On user drag</DESCRIPT>
    </SEOCOMPOTX>
    <SEOCOMPOTX>
     <CLSNAME>ZCL_TREE_LIST_CREATE</CLSNAME>
     <CMPNAME>ON_USER_DROP</CMPNAME>
     <LANGU>E</LANGU>
     <DESCRIPT>On user drop</DESCRIPT>
    </SEOCOMPOTX>
    <SEOCOMPOTX>
     <CLSNAME>ZCL_TREE_LIST_CREATE</CLSNAME>
     <CMPNAME>ON_USER_DROP_COMPLETE</CMPNAME>
     <LANGU>E</LANGU>
     <DESCRIPT>On user drop complete</DESCRIPT>
    </SEOCOMPOTX>
    <SEOCOMPOTX>
     <CLSNAME>ZCL_TREE_LIST_CREATE</CLSNAME>
     <CMPNAME>PAI_CNL_COMMAND</CMPNAME>
     <LANGU>E</LANGU>
     <DESCRIPT>Handle with user command</DESCRIPT>
    </SEOCOMPOTX>
    <SEOCOMPOTX>
     <CLSNAME>ZCL_TREE_LIST_CREATE</CLSNAME>
     <CMPNAME>PBO_DATA_LOAD</CMPNAME>
     <LANGU>E</LANGU>
     <DESCRIPT>Load data to container</DESCRIPT>
    </SEOCOMPOTX>
    <SEOCOMPOTX>
     <CLSNAME>ZCL_TREE_LIST_CREATE</CLSNAME>
     <CMPNAME>POPULATE_RD_DATA</CMPNAME>
     <LANGU>E</LANGU>
     <DESCRIPT>Generating Random Data</DESCRIPT>
    </SEOCOMPOTX>
    <SEOCOMPOTX>
     <CLSNAME>ZCL_TREE_LIST_CREATE</CLSNAME>
     <CMPNAME>SET_STRUCT</CMPNAME>
     <LANGU>E</LANGU>
     <DESCRIPT>Get structure message dynamically</DESCRIPT>
    </SEOCOMPOTX>
    <SEOCOMPOTX>
     <CLSNAME>ZCL_TREE_LIST_CREATE</CLSNAME>
     <CMPNAME>UPDATE_NODES</CMPNAME>
     <LANGU>E</LANGU>
     <DESCRIPT>Update tree nodes</DESCRIPT>
    </SEOCOMPOTX>
    <SEOCOMPOTX>
     <CLSNAME>ZCL_TREE_LIST_CREATE</CLSNAME>
     <CMPNAME>WEB_BROWSER</CMPNAME>
     <LANGU>E</LANGU>
     <DESCRIPT>Web Browser</DESCRIPT>
    </SEOCOMPOTX>
   </DESCRIPTIONS>
  </asx:values>
 </asx:abap>
</abapGit>
