﻿<?xml version="1.0" encoding="utf-8"?>
<abapGit version="v1.0.0" serializer="LCL_OBJECT_CLAS" serializer_version="v1.0.0">
 <asx:abap xmlns:asx="http://www.sap.com/abapxml" version="1.0">
  <asx:values>
   <VSEOCLASS>
    <CLSNAME>ZCL_UL_TREE_DISPLAY</CLSNAME>
    <VERSION>1</VERSION>
    <LANGU>E</LANGU>
    <DESCRIPT>Create a tree display UL</DESCRIPT>
    <EXPOSURE>2</EXPOSURE>
    <STATE>1</STATE>
    <CLSFINAL>X</CLSFINAL>
    <CLSCCINCL>X</CLSCCINCL>
    <FIXPT>X</FIXPT>
    <UNICODE>X</UNICODE>
   </VSEOCLASS>
   <DESCRIPTIONS>
    <SEOCOMPOTX>
     <CLSNAME>ZCL_UL_TREE_DISPLAY</CLSNAME>
     <CMPNAME>AR_ALV</CMPNAME>
     <LANGU>E</LANGU>
     <DESCRIPT>ALV List Viewer</DESCRIPT>
    </SEOCOMPOTX>
    <SEOCOMPOTX>
     <CLSNAME>ZCL_UL_TREE_DISPLAY</CLSNAME>
     <CMPNAME>AR_DOI_DOC</CMPNAME>
     <LANGU>E</LANGU>
     <DESCRIPT>Usage of DOI UL</DESCRIPT>
    </SEOCOMPOTX>
    <SEOCOMPOTX>
     <CLSNAME>ZCL_UL_TREE_DISPLAY</CLSNAME>
     <CMPNAME>AR_EDITOR</CMPNAME>
     <LANGU>E</LANGU>
     <DESCRIPT>ABAP Edit Control</DESCRIPT>
    </SEOCOMPOTX>
    <SEOCOMPOTX>
     <CLSNAME>ZCL_UL_TREE_DISPLAY</CLSNAME>
     <CMPNAME>AR_HTML</CMPNAME>
     <LANGU>E</LANGU>
     <DESCRIPT>Abstract Container for GUI Controls</DESCRIPT>
    </SEOCOMPOTX>
    <SEOCOMPOTX>
     <CLSNAME>ZCL_UL_TREE_DISPLAY</CLSNAME>
     <CMPNAME>AR_HTML_CONTROL</CMPNAME>
     <LANGU>E</LANGU>
     <DESCRIPT>HTML Control Proxy Class</DESCRIPT>
    </SEOCOMPOTX>
    <SEOCOMPOTX>
     <CLSNAME>ZCL_UL_TREE_DISPLAY</CLSNAME>
     <CMPNAME>AR_PIC</CMPNAME>
     <LANGU>E</LANGU>
     <DESCRIPT>SAP Picture Control</DESCRIPT>
    </SEOCOMPOTX>
    <SEOCOMPOTX>
     <CLSNAME>ZCL_UL_TREE_DISPLAY</CLSNAME>
     <CMPNAME>AR_TREE_CONT</CMPNAME>
     <LANGU>E</LANGU>
     <DESCRIPT>Abstract Container for GUI Controls</DESCRIPT>
    </SEOCOMPOTX>
    <SEOCOMPOTX>
     <CLSNAME>ZCL_UL_TREE_DISPLAY</CLSNAME>
     <CMPNAME>AV_FCODE</CMPNAME>
     <LANGU>E</LANGU>
     <DESCRIPT>ABAP system field: Function code that raised PAI</DESCRIPT>
    </SEOCOMPOTX>
    <SEOCOMPOTX>
     <CLSNAME>ZCL_UL_TREE_DISPLAY</CLSNAME>
     <CMPNAME>C_NODE_CL</CMPNAME>
     <LANGU>E</LANGU>
     <DESCRIPT>Access Type</DESCRIPT>
    </SEOCOMPOTX>
    <SEOCOMPOTX>
     <CLSNAME>ZCL_UL_TREE_DISPLAY</CLSNAME>
     <CMPNAME>C_NODE_CODE</CMPNAME>
     <LANGU>E</LANGU>
     <DESCRIPT>Access Type</DESCRIPT>
    </SEOCOMPOTX>
    <SEOCOMPOTX>
     <CLSNAME>ZCL_UL_TREE_DISPLAY</CLSNAME>
     <CMPNAME>C_NODE_DOC</CMPNAME>
     <LANGU>E</LANGU>
     <DESCRIPT>Access Type</DESCRIPT>
    </SEOCOMPOTX>
    <SEOCOMPOTX>
     <CLSNAME>ZCL_UL_TREE_DISPLAY</CLSNAME>
     <CMPNAME>C_NODE_FM</CMPNAME>
     <LANGU>E</LANGU>
     <DESCRIPT>Access Type</DESCRIPT>
    </SEOCOMPOTX>
    <SEOCOMPOTX>
     <CLSNAME>ZCL_UL_TREE_DISPLAY</CLSNAME>
     <CMPNAME>C_SYMBOL_CLS</CMPNAME>
     <LANGU>E</LANGU>
     <DESCRIPT>Icon in text fields (substitute display, alias)</DESCRIPT>
    </SEOCOMPOTX>
    <SEOCOMPOTX>
     <CLSNAME>ZCL_UL_TREE_DISPLAY</CLSNAME>
     <CMPNAME>C_SYMBOL_FM</CMPNAME>
     <LANGU>E</LANGU>
     <DESCRIPT>Icon in text fields (substitute display, alias)</DESCRIPT>
    </SEOCOMPOTX>
    <SEOCOMPOTX>
     <CLSNAME>ZCL_UL_TREE_DISPLAY</CLSNAME>
     <CMPNAME>C_SYMBOL_IMG</CMPNAME>
     <LANGU>E</LANGU>
     <DESCRIPT>Icon in text fields (substitute display, alias)</DESCRIPT>
    </SEOCOMPOTX>
    <SEOCOMPOTX>
     <CLSNAME>ZCL_UL_TREE_DISPLAY</CLSNAME>
     <CMPNAME>C_SYMBOL_MNID</CMPNAME>
     <LANGU>E</LANGU>
     <DESCRIPT>Icon in text fields (substitute display, alias)</DESCRIPT>
    </SEOCOMPOTX>
    <SEOCOMPOTX>
     <CLSNAME>ZCL_UL_TREE_DISPLAY</CLSNAME>
     <CMPNAME>C_SYMBOL_MV</CMPNAME>
     <LANGU>E</LANGU>
     <DESCRIPT>Icon in text fields (substitute display, alias)</DESCRIPT>
    </SEOCOMPOTX>
    <SEOCOMPOTX>
     <CLSNAME>ZCL_UL_TREE_DISPLAY</CLSNAME>
     <CMPNAME>C_SYMBOL_PROG</CMPNAME>
     <LANGU>E</LANGU>
     <DESCRIPT>Icon in text fields (substitute display, alias)</DESCRIPT>
    </SEOCOMPOTX>
    <SEOCOMPOTX>
     <CLSNAME>ZCL_UL_TREE_DISPLAY</CLSNAME>
     <CMPNAME>C_SYMBOL_TABLE</CMPNAME>
     <LANGU>E</LANGU>
     <DESCRIPT>Icon in text fields (substitute display, alias)</DESCRIPT>
    </SEOCOMPOTX>
    <SEOCOMPOTX>
     <CLSNAME>ZCL_UL_TREE_DISPLAY</CLSNAME>
     <CMPNAME>C_SYMBOL_TCODE</CMPNAME>
     <LANGU>E</LANGU>
     <DESCRIPT>Icon in text fields (substitute display, alias)</DESCRIPT>
    </SEOCOMPOTX>
    <SEOCOMPOTX>
     <CLSNAME>ZCL_UL_TREE_DISPLAY</CLSNAME>
     <CMPNAME>C_SYMBOL_WL</CMPNAME>
     <LANGU>E</LANGU>
     <DESCRIPT>Icon in text fields (substitute display, alias)</DESCRIPT>
    </SEOCOMPOTX>
   </DESCRIPTIONS>
  </asx:values>
 </asx:abap>
</abapGit>
