﻿<?xml version="1.0" encoding="utf-8"?>
<abapGit version="v1.0.0" serializer="LCL_OBJECT_TABL" serializer_version="v1.0.0">
 <asx:abap xmlns:asx="http://www.sap.com/abapxml" version="1.0">
  <asx:values>
   <DD02V>
    <TABNAME>ZSALV_SERVICE</TABNAME>
    <DDLANGUAGE>E</DDLANGUAGE>
    <TABCLASS>INTTAB</TABCLASS>
    <DDTEXT>ALV Services Structure</DDTEXT>
   </DD02V>
   <DD03P_TABLE>
    <DD03P>
     <TABNAME>ZSALV_SERVICE</TABNAME>
     <FIELDNAME>COLUMNNAME</FIELDNAME>
     <POSITION>0001</POSITION>
     <ROLLNAME>LVC_FNAME</ROLLNAME>
     <ADMINFIELD>0</ADMINFIELD>
     <COMPTYPE>E</COMPTYPE>
    </DD03P>
    <DD03P>
     <TABNAME>ZSALV_SERVICE</TABNAME>
     <FIELDNAME>LENGHT</FIELDNAME>
     <POSITION>0002</POSITION>
     <ROLLNAME>LVC_OUTLEN</ROLLNAME>
     <ADMINFIELD>0</ADMINFIELD>
     <COMPTYPE>E</COMPTYPE>
    </DD03P>
    <DD03P>
     <TABNAME>ZSALV_SERVICE</TABNAME>
     <FIELDNAME>SHORT_DESC</FIELDNAME>
     <POSITION>0003</POSITION>
     <ROLLNAME>SCRTEXT_S</ROLLNAME>
     <ADMINFIELD>0</ADMINFIELD>
     <COMPTYPE>E</COMPTYPE>
    </DD03P>
    <DD03P>
     <TABNAME>ZSALV_SERVICE</TABNAME>
     <FIELDNAME>MEDIUM_DESC</FIELDNAME>
     <POSITION>0004</POSITION>
     <ROLLNAME>SCRTEXT_M</ROLLNAME>
     <ADMINFIELD>0</ADMINFIELD>
     <COMPTYPE>E</COMPTYPE>
    </DD03P>
    <DD03P>
     <TABNAME>ZSALV_SERVICE</TABNAME>
     <FIELDNAME>LONG_DESC</FIELDNAME>
     <POSITION>0005</POSITION>
     <ROLLNAME>SCRTEXT_L</ROLLNAME>
     <ADMINFIELD>0</ADMINFIELD>
     <COMPTYPE>E</COMPTYPE>
    </DD03P>
    <DD03P>
     <TABNAME>ZSALV_SERVICE</TABNAME>
     <FIELDNAME>EXCEPTION</FIELDNAME>
     <POSITION>0006</POSITION>
     <ROLLNAME>SAP_BOOL</ROLLNAME>
     <ADMINFIELD>0</ADMINFIELD>
     <VALEXI>X</VALEXI>
     <SHLPORIGIN>F</SHLPORIGIN>
     <COMPTYPE>E</COMPTYPE>
    </DD03P>
    <DD03P>
     <TABNAME>ZSALV_SERVICE</TABNAME>
     <FIELDNAME>CURRENCY</FIELDNAME>
     <POSITION>0007</POSITION>
     <ROLLNAME>LVC_CURR</ROLLNAME>
     <ADMINFIELD>0</ADMINFIELD>
     <COMPTYPE>E</COMPTYPE>
    </DD03P>
    <DD03P>
     <TABNAME>ZSALV_SERVICE</TABNAME>
     <FIELDNAME>TOOLTIP</FIELDNAME>
     <POSITION>0008</POSITION>
     <ROLLNAME>LVC_TIP</ROLLNAME>
     <ADMINFIELD>0</ADMINFIELD>
     <COMPTYPE>E</COMPTYPE>
    </DD03P>
    <DD03P>
     <TABNAME>ZSALV_SERVICE</TABNAME>
     <FIELDNAME>ICON</FIELDNAME>
     <POSITION>0009</POSITION>
     <ROLLNAME>SAP_BOOL</ROLLNAME>
     <ADMINFIELD>0</ADMINFIELD>
     <VALEXI>X</VALEXI>
     <SHLPORIGIN>F</SHLPORIGIN>
     <COMPTYPE>E</COMPTYPE>
    </DD03P>
    <DD03P>
     <TABNAME>ZSALV_SERVICE</TABNAME>
     <FIELDNAME>CHECKBOX</FIELDNAME>
     <POSITION>0010</POSITION>
     <ROLLNAME>SAP_BOOL</ROLLNAME>
     <ADMINFIELD>0</ADMINFIELD>
     <VALEXI>X</VALEXI>
     <SHLPORIGIN>F</SHLPORIGIN>
     <COMPTYPE>E</COMPTYPE>
    </DD03P>
    <DD03P>
     <TABNAME>ZSALV_SERVICE</TABNAME>
     <FIELDNAME>HOSTPOST</FIELDNAME>
     <POSITION>0011</POSITION>
     <ROLLNAME>SAP_BOOL</ROLLNAME>
     <ADMINFIELD>0</ADMINFIELD>
     <VALEXI>X</VALEXI>
     <SHLPORIGIN>F</SHLPORIGIN>
     <COMPTYPE>E</COMPTYPE>
    </DD03P>
    <DD03P>
     <TABNAME>ZSALV_SERVICE</TABNAME>
     <FIELDNAME>SUBTOTAL</FIELDNAME>
     <POSITION>0012</POSITION>
     <ROLLNAME>SAP_BOOL</ROLLNAME>
     <ADMINFIELD>0</ADMINFIELD>
     <VALEXI>X</VALEXI>
     <SHLPORIGIN>F</SHLPORIGIN>
     <COMPTYPE>E</COMPTYPE>
    </DD03P>
    <DD03P>
     <TABNAME>ZSALV_SERVICE</TABNAME>
     <FIELDNAME>SEQUENCE</FIELDNAME>
     <POSITION>0013</POSITION>
     <ROLLNAME>SALV_DE_SORT_SEQUENCE</ROLLNAME>
     <ADMINFIELD>0</ADMINFIELD>
     <VALEXI>X</VALEXI>
     <SHLPORIGIN>F</SHLPORIGIN>
     <COMPTYPE>E</COMPTYPE>
    </DD03P>
    <DD03P>
     <TABNAME>ZSALV_SERVICE</TABNAME>
     <FIELDNAME>OBLIGATORY</FIELDNAME>
     <POSITION>0014</POSITION>
     <ROLLNAME>SAP_BOOL</ROLLNAME>
     <ADMINFIELD>0</ADMINFIELD>
     <VALEXI>X</VALEXI>
     <SHLPORIGIN>F</SHLPORIGIN>
     <COMPTYPE>E</COMPTYPE>
    </DD03P>
    <DD03P>
     <TABNAME>ZSALV_SERVICE</TABNAME>
     <FIELDNAME>GROUP</FIELDNAME>
     <POSITION>0015</POSITION>
     <ROLLNAME>SALV_DE_SORT_GROUP</ROLLNAME>
     <ADMINFIELD>0</ADMINFIELD>
     <VALEXI>X</VALEXI>
     <SHLPORIGIN>F</SHLPORIGIN>
     <COMPTYPE>E</COMPTYPE>
    </DD03P>
    <DD03P>
     <TABNAME>ZSALV_SERVICE</TABNAME>
     <FIELDNAME>COMPRESS_SUBTOTAL</FIELDNAME>
     <POSITION>0016</POSITION>
     <ROLLNAME>SAP_BOOL</ROLLNAME>
     <ADMINFIELD>0</ADMINFIELD>
     <VALEXI>X</VALEXI>
     <SHLPORIGIN>F</SHLPORIGIN>
     <COMPTYPE>E</COMPTYPE>
    </DD03P>
    <DD03P>
     <TABNAME>ZSALV_SERVICE</TABNAME>
     <FIELDNAME>TOTAL</FIELDNAME>
     <POSITION>0017</POSITION>
     <ROLLNAME>SAP_BOOL</ROLLNAME>
     <ADMINFIELD>0</ADMINFIELD>
     <VALEXI>X</VALEXI>
     <SHLPORIGIN>F</SHLPORIGIN>
     <COMPTYPE>E</COMPTYPE>
    </DD03P>
   </DD03P_TABLE>
  </asx:values>
 </asx:abap>
</abapGit>
