﻿<?xml version="1.0" encoding="utf-8"?>
<abapGit version="v1.0.0" serializer="LCL_OBJECT_SHLP" serializer_version="v1.0.0">
 <asx:abap xmlns:asx="http://www.sap.com/abapxml" version="1.0">
  <asx:values>
   <DD30V>
    <SHLPNAME>ZSH_TR_SEARCH</SHLPNAME>
    <DDLANGUAGE>E</DDLANGUAGE>
    <DDTEXT>Search help fuzzy for TR</DDTEXT>
    <ISSIMPLE>X</ISSIMPLE>
    <SELMETHOD>ZTB_TR_SEARCH</SELMETHOD>
    <SELMTYPE>T</SELMTYPE>
    <DIALOGTYPE>C</DIALOGTYPE>
    <AUTOSUGGEST>X</AUTOSUGGEST>
    <FUZZY_SEARCH>X</FUZZY_SEARCH>
    <FUZZY_SIMILARITY>0.9</FUZZY_SIMILARITY>
   </DD30V>
   <DD32P_TABLE>
    <DD32P>
     <SHLPNAME>ZSH_TR_SEARCH</SHLPNAME>
     <FIELDNAME>ACT_ID</FIELDNAME>
     <FLPOSITION>0001</FLPOSITION>
     <ROLLNAME>CUS_IMG_AC</ROLLNAME>
     <SHLPINPUT>X</SHLPINPUT>
     <SHLPOUTPUT>X</SHLPOUTPUT>
     <SHLPSELPOS>01</SHLPSELPOS>
     <SHLPLISPOS>01</SHLPLISPOS>
     <SCRLEN3>20</SCRLEN3>
    </DD32P>
    <DD32P>
     <SHLPNAME>ZSH_TR_SEARCH</SHLPNAME>
     <FIELDNAME>TCODE</FIELDNAME>
     <FLPOSITION>0002</FLPOSITION>
     <ROLLNAME>TCODE</ROLLNAME>
     <SHLPINPUT>X</SHLPINPUT>
     <SHLPSELPOS>02</SHLPSELPOS>
     <SHLPLISPOS>02</SHLPLISPOS>
     <SCRLEN3>20</SCRLEN3>
    </DD32P>
    <DD32P>
     <SHLPNAME>ZSH_TR_SEARCH</SHLPNAME>
     <FIELDNAME>NODE_TEXT1</FIELDNAME>
     <FLPOSITION>0003</FLPOSITION>
     <ROLLNAME>SSM_TITLE</ROLLNAME>
     <SHLPINPUT>X</SHLPINPUT>
     <SHLPSELPOS>03</SHLPSELPOS>
     <SHLPLISPOS>03</SHLPLISPOS>
     <SCRLEN3>10</SCRLEN3>
    </DD32P>
    <DD32P>
     <SHLPNAME>ZSH_TR_SEARCH</SHLPNAME>
     <FIELDNAME>NODE_TEXT2</FIELDNAME>
     <FLPOSITION>0004</FLPOSITION>
     <ROLLNAME>DDTEXT</ROLLNAME>
     <SHLPINPUT>X</SHLPINPUT>
     <SHLPSELPOS>04</SHLPSELPOS>
     <SHLPLISPOS>04</SHLPLISPOS>
     <SCRLEN3>18</SCRLEN3>
    </DD32P>
   </DD32P_TABLE>
  </asx:values>
 </asx:abap>
</abapGit>
