﻿<?xml version="1.0" encoding="utf-8"?>
<abapGit version="v1.0.0" serializer="LCL_OBJECT_TABL" serializer_version="v1.0.0">
 <asx:abap xmlns:asx="http://www.sap.com/abapxml" version="1.0">
  <asx:values>
   <DD02V>
    <TABNAME>ZSPRO</TABNAME>
    <DDLANGUAGE>E</DDLANGUAGE>
    <TABCLASS>TRANSP</TABCLASS>
    <DDTEXT>Specific Customizing objects (prog ZSPRO)</DDTEXT>
    <CONTFLAG>C</CONTFLAG>
   </DD02V>
   <DD09L>
    <TABNAME>ZSPRO</TABNAME>
    <AS4LOCAL>A</AS4LOCAL>
    <TABKAT>0</TABKAT>
    <TABART>USER</TABART>
    <BUFALLOW>N</BUFALLOW>
    <ROWORCOLST>C</ROWORCOLST>
   </DD09L>
   <DD03P_TABLE>
    <DD03P>
     <TABNAME>ZSPRO</TABNAME>
     <FIELDNAME>NODE_KEY</FIELDNAME>
     <POSITION>0001</POSITION>
     <KEYFLAG>X</KEYFLAG>
     <ROLLNAME>TV_NODEKEY</ROLLNAME>
     <ADMINFIELD>0</ADMINFIELD>
     <NOTNULL>X</NOTNULL>
     <COMPTYPE>E</COMPTYPE>
    </DD03P>
    <DD03P>
     <TABNAME>ZSPRO</TABNAME>
     <FIELDNAME>RELATKEY</FIELDNAME>
     <POSITION>0002</POSITION>
     <ROLLNAME>TV_NODEKEY</ROLLNAME>
     <ADMINFIELD>0</ADMINFIELD>
     <COMPTYPE>E</COMPTYPE>
    </DD03P>
    <DD03P>
     <TABNAME>ZSPRO</TABNAME>
     <FIELDNAME>RELATSHIP</FIELDNAME>
     <POSITION>0003</POSITION>
     <ROLLNAME>INT4</ROLLNAME>
     <ADMINFIELD>0</ADMINFIELD>
     <COMPTYPE>E</COMPTYPE>
    </DD03P>
    <DD03P>
     <TABNAME>ZSPRO</TABNAME>
     <FIELDNAME>HIDDEN</FIELDNAME>
     <POSITION>0004</POSITION>
     <ROLLNAME>AS4FLAG</ROLLNAME>
     <ADMINFIELD>0</ADMINFIELD>
     <VALEXI>X</VALEXI>
     <SHLPORIGIN>F</SHLPORIGIN>
     <COMPTYPE>E</COMPTYPE>
    </DD03P>
    <DD03P>
     <TABNAME>ZSPRO</TABNAME>
     <FIELDNAME>DISABLED</FIELDNAME>
     <POSITION>0005</POSITION>
     <ROLLNAME>AS4FLAG</ROLLNAME>
     <ADMINFIELD>0</ADMINFIELD>
     <VALEXI>X</VALEXI>
     <SHLPORIGIN>F</SHLPORIGIN>
     <COMPTYPE>E</COMPTYPE>
    </DD03P>
    <DD03P>
     <TABNAME>ZSPRO</TABNAME>
     <FIELDNAME>ISFOLDER</FIELDNAME>
     <POSITION>0006</POSITION>
     <ROLLNAME>AS4FLAG</ROLLNAME>
     <ADMINFIELD>0</ADMINFIELD>
     <VALEXI>X</VALEXI>
     <SHLPORIGIN>F</SHLPORIGIN>
     <COMPTYPE>E</COMPTYPE>
    </DD03P>
    <DD03P>
     <TABNAME>ZSPRO</TABNAME>
     <FIELDNAME>N_IMAGE</FIELDNAME>
     <POSITION>0007</POSITION>
     <ROLLNAME>TV_IMAGE</ROLLNAME>
     <ADMINFIELD>0</ADMINFIELD>
     <COMPTYPE>E</COMPTYPE>
    </DD03P>
    <DD03P>
     <TABNAME>ZSPRO</TABNAME>
     <FIELDNAME>EXP_IMAGE</FIELDNAME>
     <POSITION>0008</POSITION>
     <ROLLNAME>TV_IMAGE</ROLLNAME>
     <ADMINFIELD>0</ADMINFIELD>
     <COMPTYPE>E</COMPTYPE>
    </DD03P>
    <DD03P>
     <TABNAME>ZSPRO</TABNAME>
     <FIELDNAME>STYLE</FIELDNAME>
     <POSITION>0009</POSITION>
     <ROLLNAME>INT4</ROLLNAME>
     <ADMINFIELD>0</ADMINFIELD>
     <COMPTYPE>E</COMPTYPE>
    </DD03P>
    <DD03P>
     <TABNAME>ZSPRO</TABNAME>
     <FIELDNAME>LAST_HITEM</FIELDNAME>
     <POSITION>0010</POSITION>
     <ROLLNAME>TV_ITMNAME</ROLLNAME>
     <ADMINFIELD>0</ADMINFIELD>
     <COMPTYPE>E</COMPTYPE>
    </DD03P>
    <DD03P>
     <TABNAME>ZSPRO</TABNAME>
     <FIELDNAME>NO_BRANCH</FIELDNAME>
     <POSITION>0011</POSITION>
     <ROLLNAME>AS4FLAG</ROLLNAME>
     <ADMINFIELD>0</ADMINFIELD>
     <VALEXI>X</VALEXI>
     <SHLPORIGIN>F</SHLPORIGIN>
     <COMPTYPE>E</COMPTYPE>
    </DD03P>
    <DD03P>
     <TABNAME>ZSPRO</TABNAME>
     <FIELDNAME>EXPANDER</FIELDNAME>
     <POSITION>0012</POSITION>
     <ROLLNAME>AS4FLAG</ROLLNAME>
     <ADMINFIELD>0</ADMINFIELD>
     <VALEXI>X</VALEXI>
     <SHLPORIGIN>F</SHLPORIGIN>
     <COMPTYPE>E</COMPTYPE>
    </DD03P>
    <DD03P>
     <TABNAME>ZSPRO</TABNAME>
     <FIELDNAME>DRAGDROPID</FIELDNAME>
     <POSITION>0013</POSITION>
     <ROLLNAME>INT2</ROLLNAME>
     <ADMINFIELD>0</ADMINFIELD>
     <COMPTYPE>E</COMPTYPE>
    </DD03P>
    <DD03P>
     <TABNAME>ZSPRO</TABNAME>
     <FIELDNAME>TEXT</FIELDNAME>
     <POSITION>0014</POSITION>
     <ROLLNAME>TEXT100</ROLLNAME>
     <ADMINFIELD>0</ADMINFIELD>
     <COMPTYPE>E</COMPTYPE>
    </DD03P>
    <DD03P>
     <TABNAME>ZSPRO</TABNAME>
     <FIELDNAME>SORT</FIELDNAME>
     <DDLANGUAGE>E</DDLANGUAGE>
     <POSITION>0015</POSITION>
     <ADMINFIELD>0</ADMINFIELD>
     <INTTYPE>X</INTTYPE>
     <INTLEN>000002</INTLEN>
     <DATATYPE>INT2</DATATYPE>
     <LENG>000005</LENG>
     <MASK>  INT2</MASK>
     <DDTEXT>Position</DDTEXT>
    </DD03P>
    <DD03P>
     <TABNAME>ZSPRO</TABNAME>
     <FIELDNAME>NOMAINT</FIELDNAME>
     <DDLANGUAGE>E</DDLANGUAGE>
     <POSITION>0016</POSITION>
     <ADMINFIELD>0</ADMINFIELD>
     <INTTYPE>C</INTTYPE>
     <INTLEN>000002</INTLEN>
     <DATATYPE>CHAR</DATATYPE>
     <LENG>000001</LENG>
     <MASK>  CHAR</MASK>
     <DDTEXT>No maintenance view for this table</DDTEXT>
    </DD03P>
    <DD03P>
     <TABNAME>ZSPRO</TABNAME>
     <FIELDNAME>NODETYPE</FIELDNAME>
     <DDLANGUAGE>E</DDLANGUAGE>
     <POSITION>0017</POSITION>
     <ADMINFIELD>0</ADMINFIELD>
     <INTTYPE>C</INTTYPE>
     <INTLEN>000002</INTLEN>
     <DATATYPE>CHAR</DATATYPE>
     <LENG>000001</LENG>
     <MASK>  CHAR</MASK>
     <DDTEXT>Type of Node (Table, Program, Transaction, URL...)</DDTEXT>
    </DD03P>
    <DD03P>
     <TABNAME>ZSPRO</TABNAME>
     <FIELDNAME>NODEPARAM</FIELDNAME>
     <DDLANGUAGE>E</DDLANGUAGE>
     <POSITION>0018</POSITION>
     <ADMINFIELD>0</ADMINFIELD>
     <INTTYPE>C</INTTYPE>
     <INTLEN>000510</INTLEN>
     <DATATYPE>CHAR</DATATYPE>
     <LENG>000255</LENG>
     <MASK>  CHAR</MASK>
     <DDTEXT>Parameter (Table name, Program name, ...)</DDTEXT>
    </DD03P>
    <DD03P>
     <TABNAME>ZSPRO</TABNAME>
     <FIELDNAME>NEW_LINE</FIELDNAME>
     <DDLANGUAGE>E</DDLANGUAGE>
     <POSITION>0019</POSITION>
     <ADMINFIELD>0</ADMINFIELD>
     <INTTYPE>C</INTTYPE>
     <INTLEN>000002</INTLEN>
     <DATATYPE>CHAR</DATATYPE>
     <LENG>000001</LENG>
     <MASK>  CHAR</MASK>
     <DDTEXT>Empty field (used in program)</DDTEXT>
    </DD03P>
    <DD03P>
     <TABNAME>ZSPRO</TABNAME>
     <FIELDNAME>UPDATED</FIELDNAME>
     <DDLANGUAGE>E</DDLANGUAGE>
     <POSITION>0020</POSITION>
     <ADMINFIELD>0</ADMINFIELD>
     <INTTYPE>C</INTTYPE>
     <INTLEN>000002</INTLEN>
     <DATATYPE>CHAR</DATATYPE>
     <LENG>000001</LENG>
     <MASK>  CHAR</MASK>
     <DDTEXT>Empty field (used in program)</DDTEXT>
    </DD03P>
   </DD03P_TABLE>
  </asx:values>
 </asx:abap>
</abapGit>
