﻿<?xml version="1.0" encoding="utf-8"?>
<abapGit version="v1.0.0" serializer="LCL_OBJECT_TABL" serializer_version="v1.0.0">
 <asx:abap xmlns:asx="http://www.sap.com/abapxml" version="1.0">
  <asx:values>
   <DD02V>
    <TABNAME>ZTB_TREELOAD</TABNAME>
    <DDLANGUAGE>E</DDLANGUAGE>
    <TABCLASS>TRANSP</TABCLASS>
    <CLIDEP>X</CLIDEP>
    <DDTEXT>Configuration table for tree structure loading</DDTEXT>
    <CONTFLAG>A</CONTFLAG>
    <EXCLASS>1</EXCLASS>
   </DD02V>
   <DD09L>
    <TABNAME>ZTB_TREELOAD</TABNAME>
    <AS4LOCAL>A</AS4LOCAL>
    <TABKAT>1</TABKAT>
    <TABART>APPL0</TABART>
    <BUFALLOW>N</BUFALLOW>
    <ROWORCOLST>C</ROWORCOLST>
   </DD09L>
   <DD03P_TABLE>
    <DD03P>
     <TABNAME>ZTB_TREELOAD</TABNAME>
     <FIELDNAME>MANDT</FIELDNAME>
     <POSITION>0001</POSITION>
     <KEYFLAG>X</KEYFLAG>
     <ROLLNAME>MANDT</ROLLNAME>
     <ADMINFIELD>0</ADMINFIELD>
     <NOTNULL>X</NOTNULL>
     <COMPTYPE>E</COMPTYPE>
    </DD03P>
    <DD03P>
     <TABNAME>ZTB_TREELOAD</TABNAME>
     <FIELDNAME>MODULELO</FIELDNAME>
     <POSITION>0002</POSITION>
     <KEYFLAG>X</KEYFLAG>
     <ROLLNAME>TL12</ROLLNAME>
     <ADMINFIELD>0</ADMINFIELD>
     <NOTNULL>X</NOTNULL>
     <COMPTYPE>E</COMPTYPE>
    </DD03P>
    <DD03P>
     <TABNAME>ZTB_TREELOAD</TABNAME>
     <FIELDNAME>NODE_KEY</FIELDNAME>
     <POSITION>0003</POSITION>
     <KEYFLAG>X</KEYFLAG>
     <ROLLNAME>TV_NODEKEY</ROLLNAME>
     <ADMINFIELD>0</ADMINFIELD>
     <NOTNULL>X</NOTNULL>
     <COMPTYPE>E</COMPTYPE>
    </DD03P>
    <DD03P>
     <TABNAME>ZTB_TREELOAD</TABNAME>
     <FIELDNAME>POS</FIELDNAME>
     <POSITION>0004</POSITION>
     <ROLLNAME>EPOSITION</ROLLNAME>
     <ADMINFIELD>0</ADMINFIELD>
     <SHLPORIGIN>D</SHLPORIGIN>
     <COMPTYPE>E</COMPTYPE>
    </DD03P>
    <DD03P>
     <TABNAME>ZTB_TREELOAD</TABNAME>
     <FIELDNAME>RELATKEY</FIELDNAME>
     <POSITION>0005</POSITION>
     <ROLLNAME>TV_NODEKEY</ROLLNAME>
     <ADMINFIELD>0</ADMINFIELD>
     <COMPTYPE>E</COMPTYPE>
    </DD03P>
    <DD03P>
     <TABNAME>ZTB_TREELOAD</TABNAME>
     <FIELDNAME>RELATSHIP</FIELDNAME>
     <POSITION>0006</POSITION>
     <ROLLNAME>INT4</ROLLNAME>
     <ADMINFIELD>0</ADMINFIELD>
     <COMPTYPE>E</COMPTYPE>
    </DD03P>
    <DD03P>
     <TABNAME>ZTB_TREELOAD</TABNAME>
     <FIELDNAME>ISFOLDER</FIELDNAME>
     <POSITION>0007</POSITION>
     <ROLLNAME>AS4FLAG</ROLLNAME>
     <ADMINFIELD>0</ADMINFIELD>
     <VALEXI>X</VALEXI>
     <SHLPORIGIN>F</SHLPORIGIN>
     <COMPTYPE>E</COMPTYPE>
    </DD03P>
    <DD03P>
     <TABNAME>ZTB_TREELOAD</TABNAME>
     <FIELDNAME>N_IMAGE</FIELDNAME>
     <POSITION>0008</POSITION>
     <ROLLNAME>ICON_D</ROLLNAME>
     <ADMINFIELD>0</ADMINFIELD>
     <SHLPORIGIN>X</SHLPORIGIN>
     <COMPTYPE>E</COMPTYPE>
    </DD03P>
    <DD03P>
     <TABNAME>ZTB_TREELOAD</TABNAME>
     <FIELDNAME>DRAGDROPID</FIELDNAME>
     <POSITION>0009</POSITION>
     <ROLLNAME>INT2</ROLLNAME>
     <ADMINFIELD>0</ADMINFIELD>
     <COMPTYPE>E</COMPTYPE>
    </DD03P>
    <DD03P>
     <TABNAME>ZTB_TREELOAD</TABNAME>
     <FIELDNAME>HIDDEN</FIELDNAME>
     <POSITION>0010</POSITION>
     <ROLLNAME>AS4FLAG</ROLLNAME>
     <ADMINFIELD>0</ADMINFIELD>
     <VALEXI>X</VALEXI>
     <SHLPORIGIN>F</SHLPORIGIN>
     <COMPTYPE>E</COMPTYPE>
    </DD03P>
    <DD03P>
     <TABNAME>ZTB_TREELOAD</TABNAME>
     <FIELDNAME>STYLE</FIELDNAME>
     <POSITION>0011</POSITION>
     <ROLLNAME>INT4</ROLLNAME>
     <ADMINFIELD>0</ADMINFIELD>
     <COMPTYPE>E</COMPTYPE>
    </DD03P>
    <DD03P>
     <TABNAME>ZTB_TREELOAD</TABNAME>
     <FIELDNAME>CLASS</FIELDNAME>
     <POSITION>0012</POSITION>
     <ROLLNAME>INT4</ROLLNAME>
     <ADMINFIELD>0</ADMINFIELD>
     <COMPTYPE>E</COMPTYPE>
    </DD03P>
    <DD03P>
     <TABNAME>ZTB_TREELOAD</TABNAME>
     <FIELDNAME>FONT</FIELDNAME>
     <POSITION>0013</POSITION>
     <ROLLNAME>INT4</ROLLNAME>
     <ADMINFIELD>0</ADMINFIELD>
     <COMPTYPE>E</COMPTYPE>
    </DD03P>
    <DD03P>
     <TABNAME>ZTB_TREELOAD</TABNAME>
     <FIELDNAME>LENGTH</FIELDNAME>
     <POSITION>0014</POSITION>
     <ROLLNAME>INT4</ROLLNAME>
     <ADMINFIELD>0</ADMINFIELD>
     <COMPTYPE>E</COMPTYPE>
    </DD03P>
    <DD03P>
     <TABNAME>ZTB_TREELOAD</TABNAME>
     <FIELDNAME>IGNOREIMAG</FIELDNAME>
     <POSITION>0015</POSITION>
     <ROLLNAME>AS4FLAG</ROLLNAME>
     <ADMINFIELD>0</ADMINFIELD>
     <VALEXI>X</VALEXI>
     <SHLPORIGIN>F</SHLPORIGIN>
     <COMPTYPE>E</COMPTYPE>
    </DD03P>
    <DD03P>
     <TABNAME>ZTB_TREELOAD</TABNAME>
     <FIELDNAME>USEBGCOLOR</FIELDNAME>
     <POSITION>0016</POSITION>
     <ROLLNAME>AS4FLAG</ROLLNAME>
     <ADMINFIELD>0</ADMINFIELD>
     <VALEXI>X</VALEXI>
     <SHLPORIGIN>F</SHLPORIGIN>
     <COMPTYPE>E</COMPTYPE>
    </DD03P>
    <DD03P>
     <TABNAME>ZTB_TREELOAD</TABNAME>
     <FIELDNAME>ALIGNMENT</FIELDNAME>
     <POSITION>0017</POSITION>
     <ROLLNAME>INT4</ROLLNAME>
     <ADMINFIELD>0</ADMINFIELD>
     <COMPTYPE>E</COMPTYPE>
    </DD03P>
    <DD03P>
     <TABNAME>ZTB_TREELOAD</TABNAME>
     <FIELDNAME>TEXT</FIELDNAME>
     <POSITION>0018</POSITION>
     <ROLLNAME>TEXT255</ROLLNAME>
     <ADMINFIELD>0</ADMINFIELD>
     <COMPTYPE>E</COMPTYPE>
    </DD03P>
    <DD03P>
     <TABNAME>ZTB_TREELOAD</TABNAME>
     <FIELDNAME>EXPANDER</FIELDNAME>
     <POSITION>0019</POSITION>
     <ROLLNAME>AS4FLAG</ROLLNAME>
     <ADMINFIELD>0</ADMINFIELD>
     <VALEXI>X</VALEXI>
     <SHLPORIGIN>F</SHLPORIGIN>
     <COMPTYPE>E</COMPTYPE>
    </DD03P>
    <DD03P>
     <TABNAME>ZTB_TREELOAD</TABNAME>
     <FIELDNAME>ACC_TYPE</FIELDNAME>
     <POSITION>0020</POSITION>
     <ROLLNAME>ZACC_TYPE</ROLLNAME>
     <ADMINFIELD>0</ADMINFIELD>
     <VALEXI>X</VALEXI>
     <SHLPORIGIN>F</SHLPORIGIN>
     <COMPTYPE>E</COMPTYPE>
    </DD03P>
    <DD03P>
     <TABNAME>ZTB_TREELOAD</TABNAME>
     <FIELDNAME>PROGRAMNAME</FIELDNAME>
     <POSITION>0021</POSITION>
     <ROLLNAME>TEXT255</ROLLNAME>
     <ADMINFIELD>0</ADMINFIELD>
     <COMPTYPE>E</COMPTYPE>
    </DD03P>
    <DD03P>
     <TABNAME>ZTB_TREELOAD</TABNAME>
     <FIELDNAME>DOCTYPE</FIELDNAME>
     <POSITION>0022</POSITION>
     <ROLLNAME>ZDOCTYPE_OFFICE</ROLLNAME>
     <ADMINFIELD>0</ADMINFIELD>
     <COMPTYPE>E</COMPTYPE>
    </DD03P>
    <DD03P>
     <TABNAME>ZTB_TREELOAD</TABNAME>
     <FIELDNAME>DOCNAME</FIELDNAME>
     <POSITION>0023</POSITION>
     <ROLLNAME>BDS_DOCID</ROLLNAME>
     <ADMINFIELD>0</ADMINFIELD>
     <COMPTYPE>E</COMPTYPE>
    </DD03P>
   </DD03P_TABLE>
   <DD35V_TALE>
    <DD35V>
     <TABNAME>ZTB_TREELOAD</TABNAME>
     <FIELDNAME>N_IMAGE</FIELDNAME>
     <SHLPNAME>APB_LPD_ICONS</SHLPNAME>
    </DD35V>
   </DD35V_TALE>
   <DD36M>
    <DD36M>
     <TABNAME>ZTB_TREELOAD</TABNAME>
     <FIELDNAME>N_IMAGE</FIELDNAME>
     <SHLPNAME>APB_LPD_ICONS</SHLPNAME>
     <SHLPFIELD>ID</SHLPFIELD>
     <FLPOSITION>0001</FLPOSITION>
     <SHTABLE>ZTB_TREELOAD</SHTABLE>
     <SHFIELD>N_IMAGE</SHFIELD>
     <SHLPINPUT>X</SHLPINPUT>
     <SHLPOUTPUT>X</SHLPOUTPUT>
     <ROLLNAME>ICON_D</ROLLNAME>
     <DOMNAME>ICON</DOMNAME>
     <DATATYPE>CHAR</DATATYPE>
     <LENG>000004</LENG>
    </DD36M>
    <DD36M>
     <TABNAME>ZTB_TREELOAD</TABNAME>
     <FIELDNAME>N_IMAGE</FIELDNAME>
     <SHLPNAME>APB_LPD_ICONS</SHLPNAME>
     <SHLPFIELD>NAME</SHLPFIELD>
     <FLPOSITION>0004</FLPOSITION>
     <SHTYPE>G</SHTYPE>
     <SHLPINPUT>X</SHLPINPUT>
     <SHLPOUTPUT>X</SHLPOUTPUT>
     <ROLLNAME>ICONNAME</ROLLNAME>
     <DOMNAME>ICONNAME</DOMNAME>
     <DATATYPE>CHAR</DATATYPE>
     <LENG>000030</LENG>
    </DD36M>
    <DD36M>
     <TABNAME>ZTB_TREELOAD</TABNAME>
     <FIELDNAME>N_IMAGE</FIELDNAME>
     <SHLPNAME>APB_LPD_ICONS</SHLPNAME>
     <SHLPFIELD>QUICKINFO</SHLPFIELD>
     <FLPOSITION>0003</FLPOSITION>
     <SHTYPE>G</SHTYPE>
     <SHLPINPUT>X</SHLPINPUT>
     <SHLPOUTPUT>X</SHLPOUTPUT>
     <ROLLNAME>ICONQUICK</ROLLNAME>
     <DOMNAME>ICONTEXT</DOMNAME>
     <DATATYPE>CHAR</DATATYPE>
     <LENG>000030</LENG>
    </DD36M>
    <DD36M>
     <TABNAME>ZTB_TREELOAD</TABNAME>
     <FIELDNAME>N_IMAGE</FIELDNAME>
     <SHLPNAME>APB_LPD_ICONS</SHLPNAME>
     <SHLPFIELD>SHORTTEXT</SHLPFIELD>
     <FLPOSITION>0002</FLPOSITION>
     <SHTYPE>G</SHTYPE>
     <SHLPINPUT>X</SHLPINPUT>
     <SHLPOUTPUT>X</SHLPOUTPUT>
     <ROLLNAME>ICONSHORT</ROLLNAME>
     <DOMNAME>ICONTEXT</DOMNAME>
     <DATATYPE>CHAR</DATATYPE>
     <LENG>000030</LENG>
    </DD36M>
   </DD36M>
  </asx:values>
 </asx:abap>
</abapGit>
