﻿<?xml version="1.0" encoding="utf-8"?>
<abapGit version="v1.0.0" serializer="LCL_OBJECT_TTYP" serializer_version="v1.0.0">
 <asx:abap xmlns:asx="http://www.sap.com/abapxml" version="1.0">
  <asx:values>
   <DD40V>
    <TYPENAME>ZZRT_MATKL</TYPENAME>
    <ROWTYPE>ZZRT_S_MATKL</ROWTYPE>
    <ROWKIND>S</ROWKIND>
    <DATATYPE>STRU</DATATYPE>
    <ACCESSMODE>T</ACCESSMODE>
    <KEYDEF>D</KEYDEF>
    <KEYKIND>N</KEYKIND>
    <TTYPKIND>R</TTYPKIND>
    <RANGE_CTYP>MATKL</RANGE_CTYP>
    <CTDATATYPE>CHAR</CTDATATYPE>
    <CTLENG>000009</CTLENG>
   </DD40V>
  </asx:values>
 </asx:abap>
</abapGit>
