﻿<?xml version="1.0" encoding="utf-8"?>
<abapGit version="v1.0.0" serializer="LCL_OBJECT_TTYP" serializer_version="v1.0.0">
 <asx:abap xmlns:asx="http://www.sap.com/abapxml" version="1.0">
  <asx:values>
   <DD40V>
    <TYPENAME>ZZRT_MATNR</TYPENAME>
    <ROWTYPE>ZZRTS_MATNR</ROWTYPE>
    <ROWKIND>S</ROWKIND>
    <DATATYPE>STRU</DATATYPE>
    <ACCESSMODE>T</ACCESSMODE>
    <KEYDEF>D</KEYDEF>
    <KEYKIND>N</KEYKIND>
    <TTYPKIND>R</TTYPKIND>
    <RANGE_CTYP>MATNR</RANGE_CTYP>
    <CTDATATYPE>CHAR</CTDATATYPE>
    <CTLENG>000018</CTLENG>
   </DD40V>
  </asx:values>
 </asx:abap>
</abapGit>
