﻿<?xml version="1.0" encoding="utf-8"?>
<abapGit version="v1.0.0" serializer="LCL_OBJECT_DTEL" serializer_version="v1.0.0">
 <asx:abap xmlns:asx="http://www.sap.com/abapxml" version="1.0">
  <asx:values>
   <DD04V>
    <ROLLNAME>YRRE_D_INT_RETRY</ROLLNAME>
    <DDLANGUAGE>E</DDLANGUAGE>
    <DOMNAME>INT1</DOMNAME>
    <HEADLEN>20</HEADLEN>
    <SCRLEN1>05</SCRLEN1>
    <SCRLEN2>11</SCRLEN2>
    <SCRLEN3>15</SCRLEN3>
    <DDTEXT>Integration retry times</DDTEXT>
    <REPTEXT>Retry times</REPTEXT>
    <SCRTEXT_S>Retry</SCRTEXT_S>
    <SCRTEXT_M>Retry times</SCRTEXT_M>
    <SCRTEXT_L>Retry times</SCRTEXT_L>
    <DTELMASTER>E</DTELMASTER>
    <REFKIND>D</REFKIND>
   </DD04V>
  </asx:values>
 </asx:abap>
</abapGit>
