﻿<?xml version="1.0" encoding="utf-8"?>
<abapGit version="v1.0.0" serializer="LCL_OBJECT_DOMA" serializer_version="v1.0.0">
 <asx:abap xmlns:asx="http://www.sap.com/abapxml" version="1.0">
  <asx:values>
   <DD01V>
    <DOMNAME>YRRE_INT_ACTION</DOMNAME>
    <DDLANGUAGE>E</DDLANGUAGE>
    <DATATYPE>CHAR</DATATYPE>
    <LENG>000005</LENG>
    <OUTPUTLEN>000005</OUTPUTLEN>
    <VALEXI>X</VALEXI>
    <DDTEXT>Integration data action</DDTEXT>
   </DD01V>
   <DD07V_TAB>
    <DD07V>
     <DOMNAME>YRRE_INT_ACTION</DOMNAME>
     <VALPOS>0001</VALPOS>
     <DDLANGUAGE>E</DDLANGUAGE>
     <DDTEXT>Undefine</DDTEXT>
    </DD07V>
    <DD07V>
     <DOMNAME>YRRE_INT_ACTION</DOMNAME>
     <VALPOS>0002</VALPOS>
     <DDLANGUAGE>E</DDLANGUAGE>
     <DOMVALUE_L>POST</DOMVALUE_L>
     <DDTEXT>POST</DDTEXT>
    </DD07V>
    <DD07V>
     <DOMNAME>YRRE_INT_ACTION</DOMNAME>
     <VALPOS>0003</VALPOS>
     <DDLANGUAGE>E</DDLANGUAGE>
     <DOMVALUE_L>GET</DOMVALUE_L>
     <DDTEXT>GET</DDTEXT>
    </DD07V>
    <DD07V>
     <DOMNAME>YRRE_INT_ACTION</DOMNAME>
     <VALPOS>0004</VALPOS>
     <DDLANGUAGE>E</DDLANGUAGE>
     <DOMVALUE_L>DEL</DOMVALUE_L>
     <DDTEXT>Delete</DDTEXT>
    </DD07V>
   </DD07V_TAB>
  </asx:values>
 </asx:abap>
</abapGit>
