﻿<?xml version="1.0" encoding="utf-8"?>
<abapGit version="v1.0.0" serializer="LCL_OBJECT_DTEL" serializer_version="v1.0.0">
 <asx:abap xmlns:asx="http://www.sap.com/abapxml" version="1.0">
  <asx:values>
   <DD04V>
    <ROLLNAME>YRRE_D_INT_TYPE</ROLLNAME>
    <DDLANGUAGE>E</DDLANGUAGE>
    <DOMNAME>YRRE_INT_TYPE</DOMNAME>
    <HEADLEN>21</HEADLEN>
    <SCRLEN1>05</SCRLEN1>
    <SCRLEN2>10</SCRLEN2>
    <SCRLEN3>15</SCRLEN3>
    <DDTEXT>Integration data type</DDTEXT>
    <REPTEXT>Integration data type</REPTEXT>
    <SCRTEXT_S>Type</SCRTEXT_S>
    <SCRTEXT_M>Data type</SCRTEXT_M>
    <SCRTEXT_L>Int. data type</SCRTEXT_L>
    <DTELMASTER>E</DTELMASTER>
    <REFKIND>D</REFKIND>
   </DD04V>
  </asx:values>
 </asx:abap>
</abapGit>
