﻿<?xml version="1.0" encoding="utf-8"?>
<abapGit version="v1.0.0" serializer="LCL_OBJECT_FUGR" serializer_version="v1.0.0">
 <asx:abap xmlns:asx="http://www.sap.com/abapxml" version="1.0">
  <asx:values>
   <AREAT>CCM and FI Engagement</AREAT>
   <INCLUDES>
    <SOBJ_NAME>LYRRE_CCM_FITOP</SOBJ_NAME>
    <SOBJ_NAME>SAPLYRRE_CCM_FI</SOBJ_NAME>
   </INCLUDES>
   <FUNCTIONS>
    <item>
     <FUNCNAME>YRRE_VENDOR_REF</FUNCNAME>
     <INCLUDE>LYRRE_CCM_FIU04</INCLUDE>
     <REMOTE_CALL>R</REMOTE_CALL>
     <SHORT_TEXT>Remote Function for Vendor Reference</SHORT_TEXT>
     <IMPORT>
      <RSIMP>
       <PARAMETER>IV_STCEG</PARAMETER>
       <TYP>STCEG</TYP>
      </RSIMP>
      <RSIMP>
       <PARAMETER>IV_LIFNR</PARAMETER>
       <TYP>LIFNR</TYP>
      </RSIMP>
     </IMPORT>
     <EXPORT>
      <RSEXP>
       <PARAMETER>IV_LIFNRPL</PARAMETER>
       <TYP>LIFNR</TYP>
      </RSEXP>
     </EXPORT>
     <DOCUMENTATION>
      <RSFDO>
       <PARAMETER>IV_STCEG</PARAMETER>
       <KIND>P</KIND>
       <STEXT>VAT Registration Number</STEXT>
       <INDEX> 001</INDEX>
      </RSFDO>
      <RSFDO>
       <PARAMETER>IV_LIFNR</PARAMETER>
       <KIND>P</KIND>
       <STEXT>Account Number of Vendor or Creditor</STEXT>
       <INDEX> 002</INDEX>
      </RSFDO>
      <RSFDO>
       <PARAMETER>IV_LIFNRPL</PARAMETER>
       <KIND>P</KIND>
       <STEXT>Account Number of Vendor or Creditor</STEXT>
       <INDEX> 003</INDEX>
      </RSFDO>
     </DOCUMENTATION>
    </item>
    <item>
     <FUNCNAME>ZCOVERT_TO_LOCAL_CURR</FUNCNAME>
     <INCLUDE>LYRRE_CCM_FIU01</INCLUDE>
     <SHORT_TEXT>FM for converting foreign currency to VND</SHORT_TEXT>
     <IMPORT>
      <RSIMP>
       <PARAMETER>CLIENT</PARAMETER>
       <DBFIELD>SY-MANDT</DBFIELD>
       <DEFAULT>SY-MANDT</DEFAULT>
       <OPTIONAL>X</OPTIONAL>
      </RSIMP>
      <RSIMP>
       <PARAMETER>FOREIGN_AMOUNT</PARAMETER>
       <TYP>BSEG-WRBTR</TYP>
      </RSIMP>
      <RSIMP>
       <PARAMETER>FOREIGN_CURRENCY</PARAMETER>
       <TYP>FCURR</TYP>
      </RSIMP>
      <RSIMP>
       <PARAMETER>RATE</PARAMETER>
       <REFERENCE>X</REFERENCE>
       <TYP>BKPF-KURSF</TYP>
      </RSIMP>
     </IMPORT>
     <EXPORT>
      <RSEXP>
       <PARAMETER>LOCAL_AMOUNT</PARAMETER>
       <REFERENCE>X</REFERENCE>
       <TYP>BSEG-DMBTR</TYP>
      </RSEXP>
     </EXPORT>
     <EXCEPTION>
      <RSEXC>
       <EXCEPTION>NO_RATE_FOUND</EXCEPTION>
      </RSEXC>
      <RSEXC>
       <EXCEPTION>NO_FACTORS_FOUND</EXCEPTION>
      </RSEXC>
     </EXCEPTION>
     <DOCUMENTATION>
      <RSFDO>
       <PARAMETER>CLIENT</PARAMETER>
       <KIND>P</KIND>
       <STEXT>ABAP System Field: Client ID of Current User</STEXT>
       <INDEX> 001</INDEX>
      </RSFDO>
      <RSFDO>
       <PARAMETER>FOREIGN_AMOUNT</PARAMETER>
       <KIND>P</KIND>
       <STEXT>Amount in foreign currency</STEXT>
       <INDEX> 002</INDEX>
      </RSFDO>
      <RSFDO>
       <PARAMETER>FOREIGN_CURRENCY</PARAMETER>
       <KIND>P</KIND>
       <STEXT>Currency key for foreign currency</STEXT>
       <INDEX> 003</INDEX>
      </RSFDO>
      <RSFDO>
       <PARAMETER>RATE</PARAMETER>
       <KIND>P</KIND>
       <STEXT>Predefined exchange rate</STEXT>
       <INDEX> 004</INDEX>
      </RSFDO>
      <RSFDO>
       <PARAMETER>LOCAL_AMOUNT</PARAMETER>
       <KIND>P</KIND>
       <STEXT>Amount in local currency</STEXT>
       <INDEX> 005</INDEX>
      </RSFDO>
      <RSFDO>
       <PARAMETER>NO_RATE_FOUND</PARAMETER>
       <KIND>X</KIND>
       <STEXT>No exch.rate entered in table TCURR</STEXT>
       <INDEX> 006</INDEX>
      </RSFDO>
      <RSFDO>
       <PARAMETER>NO_FACTORS_FOUND</PARAMETER>
       <KIND>X</KIND>
       <STEXT>No conversion factors in TCURF</STEXT>
       <INDEX> 007</INDEX>
      </RSFDO>
     </DOCUMENTATION>
    </item>
    <item>
     <FUNCNAME>ZIDOC_UPDATE_SAMPLE</FUNCNAME>
     <INCLUDE>LYRRE_CCM_FIU02</INCLUDE>
     <SHORT_TEXT>Idoc Update</SHORT_TEXT>
     <IMPORT>
      <RSIMP>
       <PARAMETER>INPUT_METHOD</PARAMETER>
       <DBFIELD>BDWFAP_PAR-INPUTMETHD</DBFIELD>
      </RSIMP>
      <RSIMP>
       <PARAMETER>MASS_PROCESSING</PARAMETER>
       <DBFIELD>BDWFAP_PAR-MASS_PROC</DBFIELD>
      </RSIMP>
     </IMPORT>
     <EXPORT>
      <RSEXP>
       <PARAMETER>WORKFLOW_RESULT</PARAMETER>
       <DBFIELD>BDWF_PARAM-RESULT</DBFIELD>
      </RSEXP>
      <RSEXP>
       <PARAMETER>APPLICATION_VARIABLE</PARAMETER>
       <DBFIELD>BDWF_PARAM-APPL_VAR</DBFIELD>
      </RSEXP>
      <RSEXP>
       <PARAMETER>IN_UPDATE_TASK</PARAMETER>
       <DBFIELD>BDWFAP_PAR-UPDATETASK</DBFIELD>
      </RSEXP>
      <RSEXP>
       <PARAMETER>CALL_TRANSACTION_DONE</PARAMETER>
       <DBFIELD>BDWFAP_PAR-CALLTRANS</DBFIELD>
      </RSEXP>
     </EXPORT>
     <TABLES>
      <RSTBL>
       <PARAMETER>IDOC_CONTRL</PARAMETER>
       <DBSTRUCT>EDIDC</DBSTRUCT>
      </RSTBL>
      <RSTBL>
       <PARAMETER>IDOC_DATA</PARAMETER>
       <DBSTRUCT>EDIDD</DBSTRUCT>
      </RSTBL>
      <RSTBL>
       <PARAMETER>IDOC_STATUS</PARAMETER>
       <DBSTRUCT>BDIDOCSTAT</DBSTRUCT>
      </RSTBL>
      <RSTBL>
       <PARAMETER>RETURN_VARIABLES</PARAMETER>
       <DBSTRUCT>BDWFRETVAR</DBSTRUCT>
      </RSTBL>
      <RSTBL>
       <PARAMETER>SERIALIZATION_INFO</PARAMETER>
       <DBSTRUCT>BDI_SER</DBSTRUCT>
      </RSTBL>
     </TABLES>
     <EXCEPTION>
      <RSEXC>
       <EXCEPTION>WRONG_FUNCTION_CALLED</EXCEPTION>
      </RSEXC>
     </EXCEPTION>
     <DOCUMENTATION>
      <RSFDO>
       <PARAMETER>INPUT_METHOD</PARAMETER>
       <KIND>P</KIND>
       <STEXT>Input Method for Inbound IDoc Function Module</STEXT>
       <INDEX> 001</INDEX>
      </RSFDO>
      <RSFDO>
       <PARAMETER>MASS_PROCESSING</PARAMETER>
       <KIND>P</KIND>
       <STEXT>Flag: Mass processing</STEXT>
       <INDEX> 002</INDEX>
      </RSFDO>
      <RSFDO>
       <PARAMETER>WORKFLOW_RESULT</PARAMETER>
       <KIND>P</KIND>
       <STEXT>Final value of method</STEXT>
       <INDEX> 003</INDEX>
      </RSFDO>
      <RSFDO>
       <PARAMETER>APPLICATION_VARIABLE</PARAMETER>
       <KIND>P</KIND>
       <STEXT>Variable to be used by application as required</STEXT>
       <INDEX> 004</INDEX>
      </RSFDO>
      <RSFDO>
       <PARAMETER>IN_UPDATE_TASK</PARAMETER>
       <KIND>P</KIND>
       <STEXT>Flag: Application has triggered update task</STEXT>
       <INDEX> 005</INDEX>
      </RSFDO>
      <RSFDO>
       <PARAMETER>CALL_TRANSACTION_DONE</PARAMETER>
       <KIND>P</KIND>
       <STEXT>Flag: Application has actually performed call transaction</STEXT>
       <INDEX> 006</INDEX>
      </RSFDO>
      <RSFDO>
       <PARAMETER>IDOC_CONTRL</PARAMETER>
       <KIND>P</KIND>
       <STEXT>Control record (IDoc)</STEXT>
       <INDEX> 007</INDEX>
      </RSFDO>
      <RSFDO>
       <PARAMETER>IDOC_DATA</PARAMETER>
       <KIND>P</KIND>
       <STEXT>Data record (IDoc)</STEXT>
       <INDEX> 008</INDEX>
      </RSFDO>
      <RSFDO>
       <PARAMETER>IDOC_STATUS</PARAMETER>
       <KIND>P</KIND>
       <STEXT>ALE IDoc status (subset of all IDoc status fields)</STEXT>
       <INDEX> 009</INDEX>
      </RSFDO>
      <RSFDO>
       <PARAMETER>RETURN_VARIABLES</PARAMETER>
       <KIND>P</KIND>
       <STEXT>Assignment of IDoc or document no. to method parameter</STEXT>
       <INDEX> 010</INDEX>
      </RSFDO>
      <RSFDO>
       <PARAMETER>SERIALIZATION_INFO</PARAMETER>
       <KIND>P</KIND>
       <STEXT>Serialization objects for one/several IDocs</STEXT>
       <INDEX> 011</INDEX>
      </RSFDO>
      <RSFDO>
       <PARAMETER>WRONG_FUNCTION_CALLED</PARAMETER>
       <KIND>X</KIND>
       <STEXT>WRONG FUNCTION CALLED!</STEXT>
       <INDEX> 012</INDEX>
      </RSFDO>
     </DOCUMENTATION>
    </item>
    <item>
     <FUNCNAME>ZRFC_REMOTE_CONTROL</FUNCNAME>
     <INCLUDE>LYRRE_CCM_FIU03</INCLUDE>
     <REMOTE_CALL>R</REMOTE_CALL>
     <SHORT_TEXT>TMF_Remote Control</SHORT_TEXT>
     <IMPORT>
      <RSIMP>
       <PARAMETER>IV_TABNAME</PARAMETER>
       <TYP>DD02L-TABNAME</TYP>
      </RSIMP>
      <RSIMP>
       <PARAMETER>IV_MODE</PARAMETER>
       <OPTIONAL>X</OPTIONAL>
       <TYP>CHAR10</TYP>
      </RSIMP>
      <RSIMP>
       <PARAMETER>IT_WHERETAB</PARAMETER>
       <OPTIONAL>X</OPTIONAL>
       <TYP>FB_T_WHERE</TYP>
      </RSIMP>
      <RSIMP>
       <PARAMETER>IV_COUNT</PARAMETER>
       <OPTIONAL>X</OPTIONAL>
       <TYP>I</TYP>
      </RSIMP>
     </IMPORT>
     <EXPORT>
      <RSEXP>
       <PARAMETER>EV_COUNT</PARAMETER>
       <TYP>I</TYP>
      </RSEXP>
     </EXPORT>
     <TABLES>
      <RSTBL>
       <PARAMETER>T_MOD</PARAMETER>
       <OPTIONAL>X</OPTIONAL>
       <TYP>ZTB_MOD</TYP>
      </RSTBL>
     </TABLES>
     <DOCUMENTATION>
      <RSFDO>
       <PARAMETER>IV_TABNAME</PARAMETER>
       <KIND>P</KIND>
       <STEXT>Table Name</STEXT>
       <INDEX> 001</INDEX>
      </RSFDO>
      <RSFDO>
       <PARAMETER>IV_MODE</PARAMETER>
       <KIND>P</KIND>
       <STEXT>Mode Action</STEXT>
       <INDEX> 002</INDEX>
      </RSFDO>
      <RSFDO>
       <PARAMETER>IT_WHERETAB</PARAMETER>
       <KIND>P</KIND>
       <STEXT>Table for WHERE Clauses (Dynamic Selections)</STEXT>
       <INDEX> 003</INDEX>
      </RSFDO>
      <RSFDO>
       <PARAMETER>IV_COUNT</PARAMETER>
       <KIND>P</KIND>
       <INDEX> 004</INDEX>
      </RSFDO>
      <RSFDO>
       <PARAMETER>EV_COUNT</PARAMETER>
       <KIND>P</KIND>
       <INDEX> 005</INDEX>
      </RSFDO>
      <RSFDO>
       <PARAMETER>T_MOD</PARAMETER>
       <KIND>P</KIND>
       <INDEX> 006</INDEX>
      </RSFDO>
     </DOCUMENTATION>
    </item>
   </FUNCTIONS>
  </asx:values>
 </asx:abap>
</abapGit>
