﻿<?xml version="1.0" encoding="utf-8"?>
<abapGit version="v1.0.0" serializer="LCL_OBJECT_DTEL" serializer_version="v1.0.0">
 <asx:abap xmlns:asx="http://www.sap.com/abapxml" version="1.0">
  <asx:values>
   <DD04V>
    <ROLLNAME>YRRE_CONT_NO</ROLLNAME>
    <DDLANGUAGE>E</DDLANGUAGE>
    <DOMNAME>YRRE_CONT_NO</DOMNAME>
    <HEADLEN>10</HEADLEN>
    <SCRLEN1>10</SCRLEN1>
    <SCRLEN2>15</SCRLEN2>
    <SCRLEN3>20</SCRLEN3>
    <DDTEXT>Contract System Number</DDTEXT>
    <REPTEXT>System No.</REPTEXT>
    <SCRTEXT_S>System No.</SCRTEXT_S>
    <SCRTEXT_M>Contract SysNo.</SCRTEXT_M>
    <SCRTEXT_L>Contract System No.</SCRTEXT_L>
    <DTELMASTER>E</DTELMASTER>
    <SHLPNAME>YRRE_H_CONT_ROOT</SHLPNAME>
    <SHLPFIELD>CONTRACTNO</SHLPFIELD>
    <REFKIND>D</REFKIND>
   </DD04V>
   <I18N_LANGS>
    <LANGU>1</LANGU>
   </I18N_LANGS>
   <DD04_TEXTS>
    <item>
     <DDLANGUAGE>1</DDLANGUAGE>
     <DDTEXT>系统合同编号</DDTEXT>
     <REPTEXT>合同系统编号</REPTEXT>
     <SCRTEXT_S>合同系统编号</SCRTEXT_S>
     <SCRTEXT_M>合同系统编号</SCRTEXT_M>
     <SCRTEXT_L>合同系统编号</SCRTEXT_L>
    </item>
   </DD04_TEXTS>
  </asx:values>
 </asx:abap>
</abapGit>
