﻿<?xml version="1.0" encoding="utf-8"?>
<abapGit version="v1.0.0" serializer="LCL_OBJECT_MSAG" serializer_version="v1.0.0">
 <asx:abap xmlns:asx="http://www.sap.com/abapxml" version="1.0">
  <asx:values>
   <T100A>
    <ARBGB>ZALV_TABLE_CLASS</ARBGB>
    <MASTERLANG>E</MASTERLANG>
   </T100A>
   <T100>
    <T100>
     <SPRSL>E</SPRSL>
     <ARBGB>ZALV_TABLE_CLASS</ARBGB>
     <MSGNR>000</MSGNR>
     <TEXT>&amp;1&amp;2&amp;3&amp;4</TEXT>
    </T100>
    <T100>
     <SPRSL>E</SPRSL>
     <ARBGB>ZALV_TABLE_CLASS</ARBGB>
     <MSGNR>001</MSGNR>
     <TEXT>Only tables in customer namespace can be changed!</TEXT>
    </T100>
    <T100>
     <SPRSL>E</SPRSL>
     <ARBGB>ZALV_TABLE_CLASS</ARBGB>
     <MSGNR>002</MSGNR>
     <TEXT>Table &amp;1 is invalid or unsupported!</TEXT>
    </T100>
    <T100>
     <SPRSL>E</SPRSL>
     <ARBGB>ZALV_TABLE_CLASS</ARBGB>
     <MSGNR>003</MSGNR>
     <TEXT>You have no &amp;1 authorization for table &amp;2!</TEXT>
    </T100>
    <T100>
     <SPRSL>E</SPRSL>
     <ARBGB>ZALV_TABLE_CLASS</ARBGB>
     <MSGNR>004</MSGNR>
     <TEXT>Beware of your modification on a standard table &amp;1 !!</TEXT>
    </T100>
    <T100>
     <SPRSL>E</SPRSL>
     <ARBGB>ZALV_TABLE_CLASS</ARBGB>
     <MSGNR>005</MSGNR>
     <TEXT>File path is not existed! (Consider creating new one on AL11)</TEXT>
    </T100>
    <T100>
     <SPRSL>E</SPRSL>
     <ARBGB>ZALV_TABLE_CLASS</ARBGB>
     <MSGNR>006</MSGNR>
     <TEXT>Changes have been logged!</TEXT>
    </T100>
    <T100>
     <SPRSL>E</SPRSL>
     <ARBGB>ZALV_TABLE_CLASS</ARBGB>
     <MSGNR>007</MSGNR>
     <TEXT>No existed layout for table &amp;1 !</TEXT>
    </T100>
    <T100>
     <SPRSL>E</SPRSL>
     <ARBGB>ZALV_TABLE_CLASS</ARBGB>
     <MSGNR>008</MSGNR>
     <TEXT>Layout &amp;1 has been applied for table &amp;2</TEXT>
    </T100>
    <T100>
     <SPRSL>E</SPRSL>
     <ARBGB>ZALV_TABLE_CLASS</ARBGB>
     <MSGNR>009</MSGNR>
     <TEXT>Fail to insert the entry!</TEXT>
    </T100>
    <T100>
     <SPRSL>E</SPRSL>
     <ARBGB>ZALV_TABLE_CLASS</ARBGB>
     <MSGNR>010</MSGNR>
     <TEXT>Table &amp;1 doesn&apos;t have any entry.</TEXT>
    </T100>
    <T100>
     <SPRSL>E</SPRSL>
     <ARBGB>ZALV_TABLE_CLASS</ARBGB>
     <MSGNR>011</MSGNR>
     <TEXT>&amp;1 entries to be deleted!</TEXT>
    </T100>
    <T100>
     <SPRSL>E</SPRSL>
     <ARBGB>ZALV_TABLE_CLASS</ARBGB>
     <MSGNR>012</MSGNR>
     <TEXT>Table name is required!</TEXT>
    </T100>
    <T100>
     <SPRSL>E</SPRSL>
     <ARBGB>ZALV_TABLE_CLASS</ARBGB>
     <MSGNR>013</MSGNR>
     <TEXT>Some fields table &amp;1 is not relevant for selection options~!</TEXT>
    </T100>
   </T100>
  </asx:values>
 </asx:abap>
</abapGit>
