﻿<?xml version="1.0" encoding="utf-8"?>
<abapGit version="v1.0.0" serializer="LCL_OBJECT_CLAS" serializer_version="v1.0.0">
 <asx:abap xmlns:asx="http://www.sap.com/abapxml" version="1.0">
  <asx:values>
   <VSEOCLASS>
    <CLSNAME>ZCL_UL_ACC_POSTING</CLSNAME>
    <VERSION>1</VERSION>
    <LANGU>E</LANGU>
    <DESCRIPT>Post accounting document UL</DESCRIPT>
    <EXPOSURE>2</EXPOSURE>
    <STATE>1</STATE>
    <CLSFINAL>X</CLSFINAL>
    <CLSCCINCL>X</CLSCCINCL>
    <FIXPT>X</FIXPT>
    <UNICODE>X</UNICODE>
   </VSEOCLASS>
   <DESCRIPTIONS>
    <SEOCOMPOTX>
     <CLSNAME>ZCL_UL_ACC_POSTING</CLSNAME>
     <CMPNAME>AS_DOCUMENTHEADER</CMPNAME>
     <LANGU>E</LANGU>
     <DESCRIPT>Header</DESCRIPT>
    </SEOCOMPOTX>
    <SEOCOMPOTX>
     <CLSNAME>ZCL_UL_ACC_POSTING</CLSNAME>
     <CMPNAME>AT_ACCOUNTGL</CMPNAME>
     <LANGU>E</LANGU>
     <DESCRIPT>Table Type for Structure BAPIACGL09</DESCRIPT>
    </SEOCOMPOTX>
    <SEOCOMPOTX>
     <CLSNAME>ZCL_UL_ACC_POSTING</CLSNAME>
     <CMPNAME>AT_ACCOUNTPAYABLE</CMPNAME>
     <LANGU>E</LANGU>
     <DESCRIPT>Table Type for Structure BAPIACAP09</DESCRIPT>
    </SEOCOMPOTX>
    <SEOCOMPOTX>
     <CLSNAME>ZCL_UL_ACC_POSTING</CLSNAME>
     <CMPNAME>AT_ACCOUNTRECEIVABLE</CMPNAME>
     <LANGU>E</LANGU>
     <DESCRIPT>Table Type for Structure BAPIACAR09</DESCRIPT>
    </SEOCOMPOTX>
    <SEOCOMPOTX>
     <CLSNAME>ZCL_UL_ACC_POSTING</CLSNAME>
     <CMPNAME>AT_ACCOUNTTAX</CMPNAME>
     <LANGU>E</LANGU>
     <DESCRIPT>Tax line items</DESCRIPT>
    </SEOCOMPOTX>
    <SEOCOMPOTX>
     <CLSNAME>ZCL_UL_ACC_POSTING</CLSNAME>
     <CMPNAME>AT_CURRENCYAMOUNT</CMPNAME>
     <LANGU>E</LANGU>
     <DESCRIPT>Table Type for Structure BAPIACCR09</DESCRIPT>
    </SEOCOMPOTX>
    <SEOCOMPOTX>
     <CLSNAME>ZCL_UL_ACC_POSTING</CLSNAME>
     <CMPNAME>AT_EXTENSION2</CMPNAME>
     <LANGU>E</LANGU>
     <DESCRIPT>BAPI Extension</DESCRIPT>
    </SEOCOMPOTX>
    <SEOCOMPOTX>
     <CLSNAME>ZCL_UL_ACC_POSTING</CLSNAME>
     <CMPNAME>CONSTRUCTOR</CMPNAME>
     <LANGU>E</LANGU>
     <DESCRIPT>CONSTRUCTOR</DESCRIPT>
    </SEOCOMPOTX>
    <SEOCOMPOTX>
     <CLSNAME>ZCL_UL_ACC_POSTING</CLSNAME>
     <CMPNAME>CONVERT_AMOUNT</CMPNAME>
     <LANGU>E</LANGU>
     <DESCRIPT>Convert amount</DESCRIPT>
    </SEOCOMPOTX>
    <SEOCOMPOTX>
     <CLSNAME>ZCL_UL_ACC_POSTING</CLSNAME>
     <CMPNAME>CX_ERROR</CMPNAME>
     <LANGU>E</LANGU>
     <DESCRIPT>Handling errors class UL</DESCRIPT>
    </SEOCOMPOTX>
    <SEOCOMPOTX>
     <CLSNAME>ZCL_UL_ACC_POSTING</CLSNAME>
     <CMPNAME>FILL_DATA</CMPNAME>
     <LANGU>E</LANGU>
     <DESCRIPT>FIll accounting data</DESCRIPT>
    </SEOCOMPOTX>
    <SEOCOMPOTX>
     <CLSNAME>ZCL_UL_ACC_POSTING</CLSNAME>
     <CMPNAME>FILL_EXTENSION</CMPNAME>
     <LANGU>E</LANGU>
     <DESCRIPT>Fill extension</DESCRIPT>
    </SEOCOMPOTX>
    <SEOCOMPOTX>
     <CLSNAME>ZCL_UL_ACC_POSTING</CLSNAME>
     <CMPNAME>GC_BUZID_TAX</CMPNAME>
     <LANGU>E</LANGU>
     <DESCRIPT>Identification of the Line Item</DESCRIPT>
    </SEOCOMPOTX>
    <SEOCOMPOTX>
     <CLSNAME>ZCL_UL_ACC_POSTING</CLSNAME>
     <CMPNAME>GC_SHKZG_CREDIT</CMPNAME>
     <LANGU>E</LANGU>
     <DESCRIPT>Debit/Credit Indicator</DESCRIPT>
    </SEOCOMPOTX>
    <SEOCOMPOTX>
     <CLSNAME>ZCL_UL_ACC_POSTING</CLSNAME>
     <CMPNAME>GC_SHKZG_DEBIT</CMPNAME>
     <LANGU>E</LANGU>
     <DESCRIPT>Debit/Credit Indicator</DESCRIPT>
    </SEOCOMPOTX>
    <SEOCOMPOTX>
     <CLSNAME>ZCL_UL_ACC_POSTING</CLSNAME>
     <CMPNAME>GET_TAX_INF</CMPNAME>
     <LANGU>E</LANGU>
     <DESCRIPT>Get tax information</DESCRIPT>
    </SEOCOMPOTX>
    <SEOCOMPOTX>
     <CLSNAME>ZCL_UL_ACC_POSTING</CLSNAME>
     <CMPNAME>POSTING</CMPNAME>
     <LANGU>E</LANGU>
     <DESCRIPT>Posting FI document</DESCRIPT>
    </SEOCOMPOTX>
    <SEOCOMPOTX>
     <CLSNAME>ZCL_UL_ACC_POSTING</CLSNAME>
     <CMPNAME>POSTING_REVERSE</CMPNAME>
     <LANGU>E</LANGU>
     <DESCRIPT>Reverting FI document</DESCRIPT>
    </SEOCOMPOTX>
   </DESCRIPTIONS>
  </asx:values>
 </asx:abap>
</abapGit>
