﻿<?xml version="1.0" encoding="utf-8"?>
<abapGit version="v1.0.0" serializer="LCL_OBJECT_CLAS" serializer_version="v1.0.0">
 <asx:abap xmlns:asx="http://www.sap.com/abapxml" version="1.0">
  <asx:values>
   <VSEOCLASS>
    <CLSNAME>ZCL_UL_BOPF_API</CLSNAME>
    <VERSION>1</VERSION>
    <LANGU>E</LANGU>
    <DESCRIPT>BOPF API UL</DESCRIPT>
    <EXPOSURE>2</EXPOSURE>
    <STATE>1</STATE>
    <CLSFINAL>X</CLSFINAL>
    <CLSCCINCL>X</CLSCCINCL>
    <FIXPT>X</FIXPT>
    <UNICODE>X</UNICODE>
   </VSEOCLASS>
   <DESCRIPTIONS>
    <SEOCOMPOTX>
     <CLSNAME>ZCL_UL_BOPF_API</CLSNAME>
     <CMPNAME>AF_BO_CONFG</CMPNAME>
     <LANGU>E</LANGU>
     <DESCRIPT>Interface for Configuration</DESCRIPT>
    </SEOCOMPOTX>
    <SEOCOMPOTX>
     <CLSNAME>ZCL_UL_BOPF_API</CLSNAME>
     <CMPNAME>AF_SVC_MNGR</CMPNAME>
     <LANGU>E</LANGU>
     <DESCRIPT>Containing the public service methods of a service manager</DESCRIPT>
    </SEOCOMPOTX>
    <SEOCOMPOTX>
     <CLSNAME>ZCL_UL_BOPF_API</CLSNAME>
     <CMPNAME>AF_TRANS_MNGR</CMPNAME>
     <LANGU>E</LANGU>
     <DESCRIPT>Interface of the standalone transaction manager</DESCRIPT>
    </SEOCOMPOTX>
    <SEOCOMPOTX>
     <CLSNAME>ZCL_UL_BOPF_API</CLSNAME>
     <CMPNAME>AT_MODIFY</CMPNAME>
     <LANGU>E</LANGU>
     <DESCRIPT>Changes</DESCRIPT>
    </SEOCOMPOTX>
    <SEOCOMPOTX>
     <CLSNAME>ZCL_UL_BOPF_API</CLSNAME>
     <CMPNAME>AV_BO_KEY</CMPNAME>
     <LANGU>E</LANGU>
     <DESCRIPT>Business Object</DESCRIPT>
    </SEOCOMPOTX>
    <SEOCOMPOTX>
     <CLSNAME>ZCL_UL_BOPF_API</CLSNAME>
     <CMPNAME>CONSTRUCTOR</CMPNAME>
     <LANGU>E</LANGU>
     <DESCRIPT>CONSTRUCTOR</DESCRIPT>
    </SEOCOMPOTX>
    <SEOCOMPOTX>
     <CLSNAME>ZCL_UL_BOPF_API</CLSNAME>
     <CMPNAME>CX_ERROR</CMPNAME>
     <LANGU>E</LANGU>
     <DESCRIPT>Handling errors class UL</DESCRIPT>
    </SEOCOMPOTX>
   </DESCRIPTIONS>
  </asx:values>
 </asx:abap>
</abapGit>
