﻿<?xml version="1.0" encoding="utf-8"?>
<abapGit version="v1.0.0" serializer="LCL_OBJECT_CLAS" serializer_version="v1.0.0">
 <asx:abap xmlns:asx="http://www.sap.com/abapxml" version="1.0">
  <asx:values>
   <VSEOCLASS>
    <CLSNAME>ZCL_BUS_LOGIC</CLSNAME>
    <VERSION>1</VERSION>
    <LANGU>E</LANGU>
    <DESCRIPT>Generated test implementation</DESCRIPT>
    <EXPOSURE>2</EXPOSURE>
    <STATE>1</STATE>
    <CLSCCINCL>X</CLSCCINCL>
    <FIXPT>X</FIXPT>
    <UNICODE>X</UNICODE>
    <RSTAT>P</RSTAT>
   </VSEOCLASS>
   <DESCRIPTIONS>
    <SEOCOMPOTX>
     <CLSNAME>ZCL_BUS_LOGIC</CLSNAME>
     <CMPNAME>ATT_COMPARE</CMPNAME>
     <LANGU>E</LANGU>
     <DESCRIPT>Check attachment existed</DESCRIPT>
    </SEOCOMPOTX>
    <SEOCOMPOTX>
     <CLSNAME>ZCL_BUS_LOGIC</CLSNAME>
     <CMPNAME>BASE64_TO_STR</CMPNAME>
     <LANGU>E</LANGU>
     <DESCRIPT>Convert base64 content to string</DESCRIPT>
    </SEOCOMPOTX>
    <SEOCOMPOTX>
     <CLSNAME>ZCL_BUS_LOGIC</CLSNAME>
     <CMPNAME>CLEARING_REVERSAL</CMPNAME>
     <LANGU>E</LANGU>
     <DESCRIPT>Check clearing doc is reverted?</DESCRIPT>
    </SEOCOMPOTX>
    <SEOCOMPOTX>
     <CLSNAME>ZCL_BUS_LOGIC</CLSNAME>
     <CMPNAME>ERROR_HANDLING</CMPNAME>
     <LANGU>E</LANGU>
     <DESCRIPT>Export relevant error</DESCRIPT>
    </SEOCOMPOTX>
    <SEOCOMPOTX>
     <CLSNAME>ZCL_BUS_LOGIC</CLSNAME>
     <CMPNAME>FIRST_SEND_CONTRACTS</CMPNAME>
     <LANGU>E</LANGU>
     <DESCRIPT>Migration contract data in the first time</DESCRIPT>
    </SEOCOMPOTX>
    <SEOCOMPOTX>
     <CLSNAME>ZCL_BUS_LOGIC</CLSNAME>
     <CMPNAME>GET_AMT_EXTERNAL</CMPNAME>
     <LANGU>E</LANGU>
     <DESCRIPT>Get external format update for amount field</DESCRIPT>
    </SEOCOMPOTX>
    <SEOCOMPOTX>
     <CLSNAME>ZCL_BUS_LOGIC</CLSNAME>
     <CMPNAME>GET_AMT_INTERNAL</CMPNAME>
     <LANGU>E</LANGU>
     <DESCRIPT>Get internal format update for amount field</DESCRIPT>
    </SEOCOMPOTX>
    <SEOCOMPOTX>
     <CLSNAME>ZCL_BUS_LOGIC</CLSNAME>
     <CMPNAME>GET_CONTROL_REMOTE</CMPNAME>
     <LANGU>E</LANGU>
     <DESCRIPT>Control tale data remotely</DESCRIPT>
    </SEOCOMPOTX>
    <SEOCOMPOTX>
     <CLSNAME>ZCL_BUS_LOGIC</CLSNAME>
     <CMPNAME>GET_DM_TEXT</CMPNAME>
     <LANGU>E</LANGU>
     <DESCRIPT>Get domain text</DESCRIPT>
    </SEOCOMPOTX>
    <SEOCOMPOTX>
     <CLSNAME>ZCL_BUS_LOGIC</CLSNAME>
     <CMPNAME>GET_QNA</CMPNAME>
     <LANGU>E</LANGU>
     <DESCRIPT>Get information QnA</DESCRIPT>
    </SEOCOMPOTX>
    <SEOCOMPOTX>
     <CLSNAME>ZCL_BUS_LOGIC</CLSNAME>
     <CMPNAME>GET_REMOTE_DATA</CMPNAME>
     <LANGU>E</LANGU>
     <DESCRIPT>Get data from different system</DESCRIPT>
    </SEOCOMPOTX>
    <SEOCOMPOTX>
     <CLSNAME>ZCL_BUS_LOGIC</CLSNAME>
     <CMPNAME>GET_TASKS</CMPNAME>
     <LANGU>E</LANGU>
     <DESCRIPT>Get tasks from PLM Master Plan</DESCRIPT>
    </SEOCOMPOTX>
    <SEOCOMPOTX>
     <CLSNAME>ZCL_BUS_LOGIC</CLSNAME>
     <CMPNAME>GET_VENDIF</CMPNAME>
     <LANGU>E</LANGU>
     <DESCRIPT>Get vendor bidding history</DESCRIPT>
    </SEOCOMPOTX>
    <SEOCOMPOTX>
     <CLSNAME>ZCL_BUS_LOGIC</CLSNAME>
     <CMPNAME>PRE_CONTRACT_DATA</CMPNAME>
     <LANGU>E</LANGU>
     <DESCRIPT>Sendout contract data</DESCRIPT>
    </SEOCOMPOTX>
    <SEOCOMPOTX>
     <CLSNAME>ZCL_BUS_LOGIC</CLSNAME>
     <CMPNAME>SEND_EMAIL</CMPNAME>
     <LANGU>E</LANGU>
     <DESCRIPT>Send email</DESCRIPT>
    </SEOCOMPOTX>
    <SEOCOMPOTX>
     <CLSNAME>ZCL_BUS_LOGIC</CLSNAME>
     <CMPNAME>STR_TO_BASE64</CMPNAME>
     <LANGU>E</LANGU>
     <DESCRIPT>Covert string to base64 content</DESCRIPT>
    </SEOCOMPOTX>
    <SEOCOMPOTX>
     <CLSNAME>ZCL_BUS_LOGIC</CLSNAME>
     <CMPNAME>UPDATE_TENDERING</CMPNAME>
     <LANGU>E</LANGU>
     <DESCRIPT>Update step 3 &amp; step 4 in tendering</DESCRIPT>
    </SEOCOMPOTX>
    <SEOCOMPOTX>
     <CLSNAME>ZCL_BUS_LOGIC</CLSNAME>
     <CMPNAME>UPDATE_VENDOR</CMPNAME>
     <LANGU>E</LANGU>
     <DESCRIPT>Update vendor</DESCRIPT>
    </SEOCOMPOTX>
    <SEOCOMPOTX>
     <CLSNAME>ZCL_BUS_LOGIC</CLSNAME>
     <CMPNAME>VALUE_LIST</CMPNAME>
     <LANGU>E</LANGU>
     <DESCRIPT>Get fixed value lists</DESCRIPT>
    </SEOCOMPOTX>
    <SEOCOMPOTX>
     <CLSNAME>ZCL_BUS_LOGIC</CLSNAME>
     <CMPNAME>WRITE_CHANGELOG_FILE</CMPNAME>
     <LANGU>E</LANGU>
     <DESCRIPT>Write change log to sever file</DESCRIPT>
    </SEOCOMPOTX>
    <SEOCOMPOTX>
     <CLSNAME>ZCL_BUS_LOGIC</CLSNAME>
     <CMPNAME>WRITE_CHANGE_LOG</CMPNAME>
     <LANGU>E</LANGU>
     <DESCRIPT>Write change logs for ZTABM</DESCRIPT>
    </SEOCOMPOTX>
   </DESCRIPTIONS>
  </asx:values>
 </asx:abap>
</abapGit>
