﻿<?xml version="1.0" encoding="utf-8"?>
<abapGit version="v1.0.0" serializer="LCL_OBJECT_CLAS" serializer_version="v1.0.0">
 <asx:abap xmlns:asx="http://www.sap.com/abapxml" version="1.0">
  <asx:values>
   <VSEOCLASS>
    <CLSNAME>ZCL_UL_TABLE_MANAGER</CLSNAME>
    <VERSION>1</VERSION>
    <LANGU>E</LANGU>
    <DESCRIPT>UL Class for manage data table</DESCRIPT>
    <EXPOSURE>2</EXPOSURE>
    <STATE>1</STATE>
    <CLSFINAL>X</CLSFINAL>
    <CLSCCINCL>X</CLSCCINCL>
    <FIXPT>X</FIXPT>
    <UNICODE>X</UNICODE>
   </VSEOCLASS>
   <DESCRIPTIONS>
    <SEOCOMPOTX>
     <CLSNAME>ZCL_UL_TABLE_MANAGER</CLSNAME>
     <CMPNAME>ADD_CUSTOM_BUTTON</CMPNAME>
     <LANGU>E</LANGU>
     <DESCRIPT>Add custom button</DESCRIPT>
    </SEOCOMPOTX>
    <SEOCOMPOTX>
     <CLSNAME>ZCL_UL_TABLE_MANAGER</CLSNAME>
     <CMPNAME>AO_ALV</CMPNAME>
     <LANGU>E</LANGU>
     <DESCRIPT>ALV List Viewer</DESCRIPT>
    </SEOCOMPOTX>
    <SEOCOMPOTX>
     <CLSNAME>ZCL_UL_TABLE_MANAGER</CLSNAME>
     <CMPNAME>AO_CONTAINER</CMPNAME>
     <LANGU>E</LANGU>
     <DESCRIPT>Abstract Container for GUI Controls</DESCRIPT>
    </SEOCOMPOTX>
    <SEOCOMPOTX>
     <CLSNAME>ZCL_UL_TABLE_MANAGER</CLSNAME>
     <CMPNAME>AR_DATA</CMPNAME>
     <LANGU>E</LANGU>
     <DESCRIPT>Table data</DESCRIPT>
    </SEOCOMPOTX>
    <SEOCOMPOTX>
     <CLSNAME>ZCL_UL_TABLE_MANAGER</CLSNAME>
     <CMPNAME>AR_DATA_CHANGED</CMPNAME>
     <LANGU>E</LANGU>
     <DESCRIPT>Message Log for Data Entry</DESCRIPT>
    </SEOCOMPOTX>
    <SEOCOMPOTX>
     <CLSNAME>ZCL_UL_TABLE_MANAGER</CLSNAME>
     <CMPNAME>AR_MOD_ROWS</CMPNAME>
     <LANGU>E</LANGU>
     <DESCRIPT>Change rows</DESCRIPT>
    </SEOCOMPOTX>
    <SEOCOMPOTX>
     <CLSNAME>ZCL_UL_TABLE_MANAGER</CLSNAME>
     <CMPNAME>AT_FCAT</CMPNAME>
     <LANGU>E</LANGU>
     <DESCRIPT>Field Catalog for List Viewer Control</DESCRIPT>
    </SEOCOMPOTX>
    <SEOCOMPOTX>
     <CLSNAME>ZCL_UL_TABLE_MANAGER</CLSNAME>
     <CMPNAME>AT_MOD</CMPNAME>
     <LANGU>E</LANGU>
     <DESCRIPT>Modified Table</DESCRIPT>
    </SEOCOMPOTX>
    <SEOCOMPOTX>
     <CLSNAME>ZCL_UL_TABLE_MANAGER</CLSNAME>
     <CMPNAME>AT_SELLIST</CMPNAME>
     <LANGU>E</LANGU>
     <DESCRIPT>Selection range for view maintenance</DESCRIPT>
    </SEOCOMPOTX>
    <SEOCOMPOTX>
     <CLSNAME>ZCL_UL_TABLE_MANAGER</CLSNAME>
     <CMPNAME>AT_WHERE</CMPNAME>
     <LANGU>E</LANGU>
     <DESCRIPT>Table for dynamic selection conditions (WHERETAB)</DESCRIPT>
    </SEOCOMPOTX>
    <SEOCOMPOTX>
     <CLSNAME>ZCL_UL_TABLE_MANAGER</CLSNAME>
     <CMPNAME>AV_TABNAME</CMPNAME>
     <LANGU>E</LANGU>
     <DESCRIPT>Table Name</DESCRIPT>
    </SEOCOMPOTX>
    <SEOCOMPOTX>
     <CLSNAME>ZCL_UL_TABLE_MANAGER</CLSNAME>
     <CMPNAME>BUILD_WHERECL</CMPNAME>
     <LANGU>E</LANGU>
     <DESCRIPT>Where clause for single data</DESCRIPT>
    </SEOCOMPOTX>
    <SEOCOMPOTX>
     <CLSNAME>ZCL_UL_TABLE_MANAGER</CLSNAME>
     <CMPNAME>CHECK_AUTHORIZATION</CMPNAME>
     <LANGU>E</LANGU>
     <DESCRIPT>Check authorization</DESCRIPT>
    </SEOCOMPOTX>
    <SEOCOMPOTX>
     <CLSNAME>ZCL_UL_TABLE_MANAGER</CLSNAME>
     <CMPNAME>CONSTRUCTOR</CMPNAME>
     <LANGU>E</LANGU>
     <DESCRIPT>CONSTRUCTOR</DESCRIPT>
    </SEOCOMPOTX>
    <SEOCOMPOTX>
     <CLSNAME>ZCL_UL_TABLE_MANAGER</CLSNAME>
     <CMPNAME>CREATE_EX_RESULT_ALV</CMPNAME>
     <LANGU>E</LANGU>
     <DESCRIPT>Create to result alv</DESCRIPT>
    </SEOCOMPOTX>
    <SEOCOMPOTX>
     <CLSNAME>ZCL_UL_TABLE_MANAGER</CLSNAME>
     <CMPNAME>CX_ERROR</CMPNAME>
     <LANGU>E</LANGU>
     <DESCRIPT>Handling errors class UL</DESCRIPT>
    </SEOCOMPOTX>
    <SEOCOMPOTX>
     <CLSNAME>ZCL_UL_TABLE_MANAGER</CLSNAME>
     <CMPNAME>DYNAMIC_SELECT</CMPNAME>
     <LANGU>E</LANGU>
     <DESCRIPT>Dynamic selection condition</DESCRIPT>
    </SEOCOMPOTX>
    <SEOCOMPOTX>
     <CLSNAME>ZCL_UL_TABLE_MANAGER</CLSNAME>
     <CMPNAME>EVENT_DATA_CHANGED</CMPNAME>
     <LANGU>E</LANGU>
     <DESCRIPT>Handle data changed event</DESCRIPT>
    </SEOCOMPOTX>
    <SEOCOMPOTX>
     <CLSNAME>ZCL_UL_TABLE_MANAGER</CLSNAME>
     <CMPNAME>EVENT_DB_CLICK</CMPNAME>
     <LANGU>E</LANGU>
     <DESCRIPT>Handle BD event</DESCRIPT>
    </SEOCOMPOTX>
    <SEOCOMPOTX>
     <CLSNAME>ZCL_UL_TABLE_MANAGER</CLSNAME>
     <CMPNAME>EXPORT_TO_EXCEL</CMPNAME>
     <LANGU>E</LANGU>
     <DESCRIPT>Export to excel</DESCRIPT>
    </SEOCOMPOTX>
    <SEOCOMPOTX>
     <CLSNAME>ZCL_UL_TABLE_MANAGER</CLSNAME>
     <CMPNAME>GET_FIELD_CATALOG</CMPNAME>
     <LANGU>E</LANGU>
     <DESCRIPT>Get Field Catalogs</DESCRIPT>
    </SEOCOMPOTX>
    <SEOCOMPOTX>
     <CLSNAME>ZCL_UL_TABLE_MANAGER</CLSNAME>
     <CMPNAME>GET_NUM_ENTRS</CMPNAME>
     <LANGU>E</LANGU>
     <DESCRIPT>Get number of entries</DESCRIPT>
    </SEOCOMPOTX>
    <SEOCOMPOTX>
     <CLSNAME>ZCL_UL_TABLE_MANAGER</CLSNAME>
     <CMPNAME>GET_REMOTE_DATA</CMPNAME>
     <LANGU>E</LANGU>
     <DESCRIPT>Get data from different system</DESCRIPT>
    </SEOCOMPOTX>
    <SEOCOMPOTX>
     <CLSNAME>ZCL_UL_TABLE_MANAGER</CLSNAME>
     <CMPNAME>GET_VARIANT</CMPNAME>
     <LANGU>E</LANGU>
     <DESCRIPT>Get Variant</DESCRIPT>
    </SEOCOMPOTX>
    <SEOCOMPOTX>
     <CLSNAME>ZCL_UL_TABLE_MANAGER</CLSNAME>
     <CMPNAME>HANDLE_USER_COMMAND</CMPNAME>
     <LANGU>E</LANGU>
     <DESCRIPT>Handle User command with custom button</DESCRIPT>
    </SEOCOMPOTX>
    <SEOCOMPOTX>
     <CLSNAME>ZCL_UL_TABLE_MANAGER</CLSNAME>
     <CMPNAME>LOG_MODE</CMPNAME>
     <LANGU>E</LANGU>
     <DESCRIPT>Logging mode</DESCRIPT>
    </SEOCOMPOTX>
    <SEOCOMPOTX>
     <CLSNAME>ZCL_UL_TABLE_MANAGER</CLSNAME>
     <CMPNAME>QUERY_DATA</CMPNAME>
     <LANGU>E</LANGU>
     <DESCRIPT>Query Data</DESCRIPT>
    </SEOCOMPOTX>
    <SEOCOMPOTX>
     <CLSNAME>ZCL_UL_TABLE_MANAGER</CLSNAME>
     <CMPNAME>SELECT_SINGLE</CMPNAME>
     <LANGU>E</LANGU>
     <DESCRIPT>Query single data</DESCRIPT>
    </SEOCOMPOTX>
    <SEOCOMPOTX>
     <CLSNAME>ZCL_UL_TABLE_MANAGER</CLSNAME>
     <CMPNAME>SEND_DATA_EMAIL</CMPNAME>
     <LANGU>E</LANGU>
     <DESCRIPT>Send data by email</DESCRIPT>
    </SEOCOMPOTX>
    <SEOCOMPOTX>
     <CLSNAME>ZCL_UL_TABLE_MANAGER</CLSNAME>
     <CMPNAME>SEND_EMAIL</CMPNAME>
     <LANGU>E</LANGU>
     <DESCRIPT>Sending email to some people</DESCRIPT>
    </SEOCOMPOTX>
    <SEOCOMPOTX>
     <CLSNAME>ZCL_UL_TABLE_MANAGER</CLSNAME>
     <CMPNAME>SET_FIELD_CATALOG</CMPNAME>
     <LANGU>E</LANGU>
     <DESCRIPT>Set Field Catalogs</DESCRIPT>
    </SEOCOMPOTX>
    <SEOCOMPOTX>
     <CLSNAME>ZCL_UL_TABLE_MANAGER</CLSNAME>
     <CMPNAME>S_AUTH</CMPNAME>
     <LANGU>E</LANGU>
     <DESCRIPT>Authorization Structure</DESCRIPT>
    </SEOCOMPOTX>
    <SEOCOMPOTX>
     <CLSNAME>ZCL_UL_TABLE_MANAGER</CLSNAME>
     <CMPNAME>S_MOD</CMPNAME>
     <LANGU>E</LANGU>
     <DESCRIPT>Modified structure</DESCRIPT>
    </SEOCOMPOTX>
    <SEOCOMPOTX>
     <CLSNAME>ZCL_UL_TABLE_MANAGER</CLSNAME>
     <CMPNAME>T_AUTH</CMPNAME>
     <LANGU>E</LANGU>
     <DESCRIPT>Authorization Table</DESCRIPT>
    </SEOCOMPOTX>
    <SEOCOMPOTX>
     <CLSNAME>ZCL_UL_TABLE_MANAGER</CLSNAME>
     <CMPNAME>T_MOD</CMPNAME>
     <LANGU>E</LANGU>
     <DESCRIPT>Modified Table</DESCRIPT>
    </SEOCOMPOTX>
    <SEOCOMPOTX>
     <CLSNAME>ZCL_UL_TABLE_MANAGER</CLSNAME>
     <CMPNAME>T_WHERETAB</CMPNAME>
     <LANGU>E</LANGU>
     <DESCRIPT>Where Table</DESCRIPT>
    </SEOCOMPOTX>
    <SEOCOMPOTX>
     <CLSNAME>ZCL_UL_TABLE_MANAGER</CLSNAME>
     <CMPNAME>VALIDATE_TABLE</CMPNAME>
     <LANGU>E</LANGU>
     <DESCRIPT>Validating table name</DESCRIPT>
    </SEOCOMPOTX>
    <SEOCOMPOTX>
     <CLSNAME>ZCL_UL_TABLE_MANAGER</CLSNAME>
     <CMPNAME>WRITE_CHANGE_LOG</CMPNAME>
     <LANGU>E</LANGU>
     <DESCRIPT>Write change log to table</DESCRIPT>
    </SEOCOMPOTX>
   </DESCRIPTIONS>
  </asx:values>
 </asx:abap>
</abapGit>
