﻿<?xml version="1.0" encoding="utf-8"?>
<abapGit version="v1.0.0" serializer="LCL_OBJECT_TABL" serializer_version="v1.0.0">
 <asx:abap xmlns:asx="http://www.sap.com/abapxml" version="1.0">
  <asx:values>
   <DD02V>
    <TABNAME>ZTB_INT_SYSID</TABNAME>
    <DDLANGUAGE>E</DDLANGUAGE>
    <TABCLASS>TRANSP</TABCLASS>
    <CLIDEP>X</CLIDEP>
    <DDTEXT>Integration systems</DDTEXT>
    <MAINFLAG>X</MAINFLAG>
    <CONTFLAG>A</CONTFLAG>
    <EXCLASS>4</EXCLASS>
   </DD02V>
   <DD09L>
    <TABNAME>ZTB_INT_SYSID</TABNAME>
    <AS4LOCAL>A</AS4LOCAL>
    <TABKAT>0</TABKAT>
    <TABART>APPL0</TABART>
    <BUFALLOW>N</BUFALLOW>
    <ROWORCOLST>C</ROWORCOLST>
   </DD09L>
   <DD03P_TABLE>
    <DD03P>
     <TABNAME>ZTB_INT_SYSID</TABNAME>
     <FIELDNAME>MANDT</FIELDNAME>
     <POSITION>0001</POSITION>
     <KEYFLAG>X</KEYFLAG>
     <ROLLNAME>MANDT</ROLLNAME>
     <ADMINFIELD>0</ADMINFIELD>
     <NOTNULL>X</NOTNULL>
     <COMPTYPE>E</COMPTYPE>
    </DD03P>
    <DD03P>
     <TABNAME>ZTB_INT_SYSID</TABNAME>
     <FIELDNAME>SYSID</FIELDNAME>
     <POSITION>0002</POSITION>
     <KEYFLAG>X</KEYFLAG>
     <ROLLNAME>YRRE_D_INT_SID</ROLLNAME>
     <ADMINFIELD>0</ADMINFIELD>
     <NOTNULL>X</NOTNULL>
     <COMPTYPE>E</COMPTYPE>
    </DD03P>
    <DD03P>
     <TABNAME>ZTB_INT_SYSID</TABNAME>
     <FIELDNAME>EXT_SYSID</FIELDNAME>
     <POSITION>0003</POSITION>
     <ROLLNAME>YRRE_D_INT_ESID</ROLLNAME>
     <ADMINFIELD>0</ADMINFIELD>
     <COMPTYPE>E</COMPTYPE>
    </DD03P>
    <DD03P>
     <TABNAME>ZTB_INT_SYSID</TABNAME>
     <FIELDNAME>SYSNAME</FIELDNAME>
     <POSITION>0004</POSITION>
     <ROLLNAME>CHAR100</ROLLNAME>
     <ADMINFIELD>0</ADMINFIELD>
     <COMPTYPE>E</COMPTYPE>
    </DD03P>
    <DD03P>
     <TABNAME>ZTB_INT_SYSID</TABNAME>
     <FIELDNAME>SAP_DEST</FIELDNAME>
     <POSITION>0005</POSITION>
     <ROLLNAME>RFCDEST</ROLLNAME>
     <ADMINFIELD>0</ADMINFIELD>
     <SHLPORIGIN>D</SHLPORIGIN>
     <COMPTYPE>E</COMPTYPE>
    </DD03P>
    <DD03P>
     <TABNAME>ZTB_INT_SYSID</TABNAME>
     <FIELDNAME>EMAIL_NOTICE</FIELDNAME>
     <POSITION>0006</POSITION>
     <ROLLNAME>CHAR200</ROLLNAME>
     <ADMINFIELD>0</ADMINFIELD>
     <COMPTYPE>E</COMPTYPE>
    </DD03P>
   </DD03P_TABLE>
  </asx:values>
 </asx:abap>
</abapGit>
