﻿<?xml version="1.0" encoding="utf-8"?>
<abapGit version="v1.0.0" serializer="LCL_OBJECT_TABL" serializer_version="v1.0.0">
 <asx:abap xmlns:asx="http://www.sap.com/abapxml" version="1.0">
  <asx:values>
   <DD02V>
    <TABNAME>ZTB_INT_CONFIG</TABNAME>
    <DDLANGUAGE>E</DDLANGUAGE>
    <TABCLASS>TRANSP</TABCLASS>
    <CLIDEP>X</CLIDEP>
    <DDTEXT>Integration processes configuration</DDTEXT>
    <MAINFLAG>X</MAINFLAG>
    <CONTFLAG>C</CONTFLAG>
    <EXCLASS>1</EXCLASS>
   </DD02V>
   <DD09L>
    <TABNAME>ZTB_INT_CONFIG</TABNAME>
    <AS4LOCAL>A</AS4LOCAL>
    <TABKAT>0</TABKAT>
    <TABART>APPL2</TABART>
    <BUFALLOW>N</BUFALLOW>
    <ROWORCOLST>C</ROWORCOLST>
   </DD09L>
   <DD03P_TABLE>
    <DD03P>
     <TABNAME>ZTB_INT_CONFIG</TABNAME>
     <FIELDNAME>MANDT</FIELDNAME>
     <POSITION>0001</POSITION>
     <KEYFLAG>X</KEYFLAG>
     <ROLLNAME>MANDT</ROLLNAME>
     <ADMINFIELD>0</ADMINFIELD>
     <NOTNULL>X</NOTNULL>
     <COMPTYPE>E</COMPTYPE>
    </DD03P>
    <DD03P>
     <TABNAME>ZTB_INT_CONFIG</TABNAME>
     <FIELDNAME>TYPE</FIELDNAME>
     <POSITION>0002</POSITION>
     <KEYFLAG>X</KEYFLAG>
     <ROLLNAME>YRRE_D_INT_TYPE</ROLLNAME>
     <CHECKTABLE>ZTB_INT_TYPE</CHECKTABLE>
     <ADMINFIELD>0</ADMINFIELD>
     <NOTNULL>X</NOTNULL>
     <SHLPORIGIN>P</SHLPORIGIN>
     <COMPTYPE>E</COMPTYPE>
    </DD03P>
    <DD03P>
     <TABNAME>ZTB_INT_CONFIG</TABNAME>
     <FIELDNAME>INT_CAT</FIELDNAME>
     <POSITION>0003</POSITION>
     <KEYFLAG>X</KEYFLAG>
     <ROLLNAME>YRRE_D_INT_CAT</ROLLNAME>
     <ADMINFIELD>0</ADMINFIELD>
     <NOTNULL>X</NOTNULL>
     <VALEXI>X</VALEXI>
     <SHLPORIGIN>F</SHLPORIGIN>
     <COMPTYPE>E</COMPTYPE>
    </DD03P>
    <DD03P>
     <TABNAME>ZTB_INT_CONFIG</TABNAME>
     <FIELDNAME>ACTION</FIELDNAME>
     <POSITION>0004</POSITION>
     <KEYFLAG>X</KEYFLAG>
     <ROLLNAME>YRRE_D_INT_ACTION</ROLLNAME>
     <ADMINFIELD>0</ADMINFIELD>
     <NOTNULL>X</NOTNULL>
     <VALEXI>X</VALEXI>
     <SHLPORIGIN>F</SHLPORIGIN>
     <COMPTYPE>E</COMPTYPE>
    </DD03P>
    <DD03P>
     <TABNAME>ZTB_INT_CONFIG</TABNAME>
     <FIELDNAME>SYSID</FIELDNAME>
     <POSITION>0005</POSITION>
     <KEYFLAG>X</KEYFLAG>
     <ROLLNAME>YRRE_D_INT_SID</ROLLNAME>
     <CHECKTABLE>ZTB_INT_SYSID</CHECKTABLE>
     <ADMINFIELD>0</ADMINFIELD>
     <NOTNULL>X</NOTNULL>
     <SHLPORIGIN>P</SHLPORIGIN>
     <COMPTYPE>E</COMPTYPE>
    </DD03P>
    <DD03P>
     <TABNAME>ZTB_INT_CONFIG</TABNAME>
     <FIELDNAME>ACTIVITY</FIELDNAME>
     <POSITION>0006</POSITION>
     <ROLLNAME>YRRE_D_INT_METHOD</ROLLNAME>
     <ADMINFIELD>0</ADMINFIELD>
     <VALEXI>X</VALEXI>
     <SHLPORIGIN>F</SHLPORIGIN>
     <COMPTYPE>E</COMPTYPE>
    </DD03P>
    <DD03P>
     <TABNAME>ZTB_INT_CONFIG</TABNAME>
     <FIELDNAME>RETRY</FIELDNAME>
     <POSITION>0007</POSITION>
     <ROLLNAME>YRRE_D_INT_RETRY</ROLLNAME>
     <ADMINFIELD>0</ADMINFIELD>
     <COMPTYPE>E</COMPTYPE>
    </DD03P>
    <DD03P>
     <TABNAME>ZTB_INT_CONFIG</TABNAME>
     <FIELDNAME>INTERVALS</FIELDNAME>
     <POSITION>0008</POSITION>
     <ROLLNAME>YRRE_D_INT_INTERVAL</ROLLNAME>
     <ADMINFIELD>0</ADMINFIELD>
     <COMPTYPE>E</COMPTYPE>
    </DD03P>
    <DD03P>
     <TABNAME>ZTB_INT_CONFIG</TABNAME>
     <FIELDNAME>MSGFORMAT</FIELDNAME>
     <POSITION>0009</POSITION>
     <ROLLNAME>YRRE_D_INT_MSGFORMAT</ROLLNAME>
     <ADMINFIELD>0</ADMINFIELD>
     <VALEXI>X</VALEXI>
     <SHLPORIGIN>F</SHLPORIGIN>
     <COMPTYPE>E</COMPTYPE>
    </DD03P>
    <DD03P>
     <TABNAME>ZTB_INT_CONFIG</TABNAME>
     <FIELDNAME>ZIP</FIELDNAME>
     <POSITION>0010</POSITION>
     <ROLLNAME>XMARK</ROLLNAME>
     <ADMINFIELD>0</ADMINFIELD>
     <VALEXI>X</VALEXI>
     <SHLPORIGIN>F</SHLPORIGIN>
     <COMPTYPE>E</COMPTYPE>
    </DD03P>
    <DD03P>
     <TABNAME>ZTB_INT_CONFIG</TABNAME>
     <FIELDNAME>BASE64</FIELDNAME>
     <POSITION>0011</POSITION>
     <ROLLNAME>XMARK</ROLLNAME>
     <ADMINFIELD>0</ADMINFIELD>
     <VALEXI>X</VALEXI>
     <SHLPORIGIN>F</SHLPORIGIN>
     <COMPTYPE>E</COMPTYPE>
    </DD03P>
    <DD03P>
     <TABNAME>ZTB_INT_CONFIG</TABNAME>
     <FIELDNAME>OUTBOUND_TYPE</FIELDNAME>
     <POSITION>0012</POSITION>
     <ROLLNAME>TYPENAME</ROLLNAME>
     <ADMINFIELD>0</ADMINFIELD>
     <SHLPORIGIN>D</SHLPORIGIN>
     <COMPTYPE>E</COMPTYPE>
    </DD03P>
    <DD03P>
     <TABNAME>ZTB_INT_CONFIG</TABNAME>
     <FIELDNAME>INBOUND_TYPE</FIELDNAME>
     <POSITION>0013</POSITION>
     <ROLLNAME>TYPENAME</ROLLNAME>
     <ADMINFIELD>0</ADMINFIELD>
     <SHLPORIGIN>D</SHLPORIGIN>
     <COMPTYPE>E</COMPTYPE>
    </DD03P>
    <DD03P>
     <TABNAME>ZTB_INT_CONFIG</TABNAME>
     <FIELDNAME>INBOUND_FM</FIELDNAME>
     <POSITION>0014</POSITION>
     <ROLLNAME>RS38L_FNAM</ROLLNAME>
     <ADMINFIELD>0</ADMINFIELD>
     <COMPTYPE>E</COMPTYPE>
    </DD03P>
    <DD03P>
     <TABNAME>ZTB_INT_CONFIG</TABNAME>
     <FIELDNAME>REFKEY1</FIELDNAME>
     <POSITION>0015</POSITION>
     <ROLLNAME>NAME_FELD</ROLLNAME>
     <ADMINFIELD>0</ADMINFIELD>
     <COMPTYPE>E</COMPTYPE>
    </DD03P>
    <DD03P>
     <TABNAME>ZTB_INT_CONFIG</TABNAME>
     <FIELDNAME>REFKEY2</FIELDNAME>
     <POSITION>0016</POSITION>
     <ROLLNAME>NAME_FELD</ROLLNAME>
     <ADMINFIELD>0</ADMINFIELD>
     <COMPTYPE>E</COMPTYPE>
    </DD03P>
    <DD03P>
     <TABNAME>ZTB_INT_CONFIG</TABNAME>
     <FIELDNAME>REFKEY3</FIELDNAME>
     <POSITION>0017</POSITION>
     <ROLLNAME>NAME_FELD</ROLLNAME>
     <ADMINFIELD>0</ADMINFIELD>
     <COMPTYPE>E</COMPTYPE>
    </DD03P>
    <DD03P>
     <TABNAME>ZTB_INT_CONFIG</TABNAME>
     <FIELDNAME>REFKEY4</FIELDNAME>
     <POSITION>0018</POSITION>
     <ROLLNAME>NAME_FELD</ROLLNAME>
     <ADMINFIELD>0</ADMINFIELD>
     <COMPTYPE>E</COMPTYPE>
    </DD03P>
    <DD03P>
     <TABNAME>ZTB_INT_CONFIG</TABNAME>
     <FIELDNAME>REFKEY5</FIELDNAME>
     <POSITION>0019</POSITION>
     <ROLLNAME>NAME_FELD</ROLLNAME>
     <ADMINFIELD>0</ADMINFIELD>
     <COMPTYPE>E</COMPTYPE>
    </DD03P>
    <DD03P>
     <TABNAME>ZTB_INT_CONFIG</TABNAME>
     <FIELDNAME>INREFKEY1</FIELDNAME>
     <POSITION>0020</POSITION>
     <ROLLNAME>NAME_FELD</ROLLNAME>
     <ADMINFIELD>0</ADMINFIELD>
     <COMPTYPE>E</COMPTYPE>
    </DD03P>
    <DD03P>
     <TABNAME>ZTB_INT_CONFIG</TABNAME>
     <FIELDNAME>INREFKEY2</FIELDNAME>
     <POSITION>0021</POSITION>
     <ROLLNAME>NAME_FELD</ROLLNAME>
     <ADMINFIELD>0</ADMINFIELD>
     <COMPTYPE>E</COMPTYPE>
    </DD03P>
    <DD03P>
     <TABNAME>ZTB_INT_CONFIG</TABNAME>
     <FIELDNAME>INREFKEY3</FIELDNAME>
     <POSITION>0022</POSITION>
     <ROLLNAME>NAME_FELD</ROLLNAME>
     <ADMINFIELD>0</ADMINFIELD>
     <COMPTYPE>E</COMPTYPE>
    </DD03P>
    <DD03P>
     <TABNAME>ZTB_INT_CONFIG</TABNAME>
     <FIELDNAME>INREFKEY4</FIELDNAME>
     <POSITION>0023</POSITION>
     <ROLLNAME>NAME_FELD</ROLLNAME>
     <ADMINFIELD>0</ADMINFIELD>
     <COMPTYPE>E</COMPTYPE>
    </DD03P>
    <DD03P>
     <TABNAME>ZTB_INT_CONFIG</TABNAME>
     <FIELDNAME>INREFKEY5</FIELDNAME>
     <POSITION>0024</POSITION>
     <ROLLNAME>NAME_FELD</ROLLNAME>
     <ADMINFIELD>0</ADMINFIELD>
     <COMPTYPE>E</COMPTYPE>
    </DD03P>
   </DD03P_TABLE>
   <DD05M_TABLE>
    <DD05M>
     <TABNAME>ZTB_INT_CONFIG</TABNAME>
     <FIELDNAME>SYSID</FIELDNAME>
     <FORTABLE>ZTB_INT_CONFIG</FORTABLE>
     <FORKEY>MANDT</FORKEY>
     <CHECKTABLE>ZTB_INT_SYSID</CHECKTABLE>
     <CHECKFIELD>MANDT</CHECKFIELD>
     <PRIMPOS>0001</PRIMPOS>
     <DOMNAME>MANDT</DOMNAME>
     <DATATYPE>CLNT</DATATYPE>
     <LENG>000003</LENG>
    </DD05M>
    <DD05M>
     <TABNAME>ZTB_INT_CONFIG</TABNAME>
     <FIELDNAME>SYSID</FIELDNAME>
     <FORTABLE>ZTB_INT_CONFIG</FORTABLE>
     <FORKEY>SYSID</FORKEY>
     <CHECKTABLE>ZTB_INT_SYSID</CHECKTABLE>
     <CHECKFIELD>SYSID</CHECKFIELD>
     <PRIMPOS>0002</PRIMPOS>
     <DOMNAME>YRRE_INT_SID</DOMNAME>
     <DATATYPE>CHAR</DATATYPE>
     <LENG>000020</LENG>
    </DD05M>
    <DD05M>
     <TABNAME>ZTB_INT_CONFIG</TABNAME>
     <FIELDNAME>TYPE</FIELDNAME>
     <FORTABLE>ZTB_INT_CONFIG</FORTABLE>
     <FORKEY>MANDT</FORKEY>
     <CHECKTABLE>ZTB_INT_TYPE</CHECKTABLE>
     <CHECKFIELD>MANDT</CHECKFIELD>
     <PRIMPOS>0001</PRIMPOS>
     <DOMNAME>MANDT</DOMNAME>
     <DATATYPE>CLNT</DATATYPE>
     <LENG>000003</LENG>
    </DD05M>
    <DD05M>
     <TABNAME>ZTB_INT_CONFIG</TABNAME>
     <FIELDNAME>TYPE</FIELDNAME>
     <FORTABLE>ZTB_INT_CONFIG</FORTABLE>
     <FORKEY>TYPE</FORKEY>
     <CHECKTABLE>ZTB_INT_TYPE</CHECKTABLE>
     <CHECKFIELD>TYPE</CHECKFIELD>
     <PRIMPOS>0002</PRIMPOS>
     <DOMNAME>YRRE_INT_TYPE</DOMNAME>
     <DATATYPE>CHAR</DATATYPE>
     <LENG>000020</LENG>
    </DD05M>
   </DD05M_TABLE>
   <DD08V_TABLE>
    <DD08V>
     <TABNAME>ZTB_INT_CONFIG</TABNAME>
     <FIELDNAME>SYSID</FIELDNAME>
     <DDLANGUAGE>E</DDLANGUAGE>
     <CHECKTABLE>ZTB_INT_SYSID</CHECKTABLE>
    </DD08V>
    <DD08V>
     <TABNAME>ZTB_INT_CONFIG</TABNAME>
     <FIELDNAME>TYPE</FIELDNAME>
     <DDLANGUAGE>E</DDLANGUAGE>
     <CHECKTABLE>ZTB_INT_TYPE</CHECKTABLE>
    </DD08V>
   </DD08V_TABLE>
  </asx:values>
 </asx:abap>
</abapGit>
