﻿<?xml version="1.0" encoding="utf-8"?>
<abapGit version="v1.0.0" serializer="LCL_OBJECT_ENHO" serializer_version="v1.0.0">
 <asx:abap xmlns:asx="http://www.sap.com/abapxml" version="1.0">
  <asx:values>
   <TOOL>BADI_IMPL</TOOL>
   <SHORTTEXT>ZZ_UL_FI_EXTENSION2</SHORTTEXT>
   <SPOT_NAME>BADI_ACC_DOCUMENT</SPOT_NAME>
   <IMPL>
    <ENH_BADI_IMPL_DATA>
     <SPOT_NAME>BADI_ACC_DOCUMENT</SPOT_NAME>
     <BADI_NAME>BADI_ACC_DOCUMENT</BADI_NAME>
     <IMPL_NAME>ZZ_FI_POST_DOC</IMPL_NAME>
     <IMPL_CLASS>ZCL_UL_FI_EXTENSION2</IMPL_CLASS>
     <ACTIVE>X</ACTIVE>
     <FILTER_ROOT>
      <ENH_BADIIMPL_FILTER_ROOT>
       <ROOT>1</ROOT>
       <FILTERS>
        <ENH_BADIIMPL_FILTER_ID>
         <FILTER_NAME>AWTYP</FILTER_NAME>
         <ID>1</ID>
        </ENH_BADIIMPL_FILTER_ID>
       </FILTERS>
      </ENH_BADIIMPL_FILTER_ROOT>
     </FILTER_ROOT>
     <FILTER_VALUES>
      <ENH_BADIIMPL_FILTER_VALUE>
       <ID>1</ID>
       <FILTER_NAME>AWTYP</FILTER_NAME>
       <FILTER_TYPE>C</FILTER_TYPE>
       <COMPARE>=</COMPARE>
       <FILTER_CHAR_VALUE1>BKPFF</FILTER_CHAR_VALUE1>
       <CHECK_TYPE>AWTYP</CHECK_TYPE>
      </ENH_BADIIMPL_FILTER_VALUE>
     </FILTER_VALUES>
     <FILTERS>
      <ENH_BADI_FILTER_IMPL>
       <DISJ_IDX>1</DISJ_IDX>
       <CONJ_IDX>1</CONJ_IDX>
       <FILTER_NAME>AWTYP</FILTER_NAME>
       <FILTER_TYPE>C</FILTER_TYPE>
       <COMPARE>=</COMPARE>
       <FILTER_CHAR_VALUE1>BKPFF</FILTER_CHAR_VALUE1>
       <CHECK_TYPE>AWTYP</CHECK_TYPE>
      </ENH_BADI_FILTER_IMPL>
     </FILTERS>
     <IMPL_SHORTTEXT>Implementation: Änderung des externen Beleges vor Aufruf des RW-Interface</IMPL_SHORTTEXT>
     <IMPL_SHORTTEXT_ID>005056BD6D5D1EDB91A027497B505AB3</IMPL_SHORTTEXT_ID>
     <LOCKED_IN_CUSTOMIZING>X</LOCKED_IN_CUSTOMIZING>
    </ENH_BADI_IMPL_DATA>
   </IMPL>
  </asx:values>
 </asx:abap>
</abapGit>
