﻿<?xml version="1.0" encoding="utf-8"?>
<abapGit version="v1.0.0" serializer="LCL_OBJECT_DOMA" serializer_version="v1.0.0">
 <asx:abap xmlns:asx="http://www.sap.com/abapxml" version="1.0">
  <asx:values>
   <DD01V>
    <DOMNAME>ZZDO_ABAP_NAMESPACE</DOMNAME>
    <DDLANGUAGE>E</DDLANGUAGE>
    <DATATYPE>CHAR</DATATYPE>
    <LENG>000001</LENG>
    <OUTPUTLEN>000001</OUTPUTLEN>
    <VALEXI>X</VALEXI>
    <DDTEXT>ABAP GEN Prefix</DDTEXT>
    <DOMMASTER>E</DOMMASTER>
   </DD01V>
   <DD07V_TAB>
    <DD07V>
     <DOMNAME>ZZDO_ABAP_NAMESPACE</DOMNAME>
     <VALPOS>0001</VALPOS>
     <DOMVALUE_L>Z</DOMVALUE_L>
    </DD07V>
    <DD07V>
     <DOMNAME>ZZDO_ABAP_NAMESPACE</DOMNAME>
     <VALPOS>0002</VALPOS>
     <DOMVALUE_L>Y</DOMVALUE_L>
    </DD07V>
   </DD07V_TAB>
  </asx:values>
 </asx:abap>
</abapGit>
