﻿<?xml version="1.0" encoding="utf-8"?>
<abapGit version="v1.0.0" serializer="LCL_OBJECT_TABL" serializer_version="v1.0.0">
 <asx:abap xmlns:asx="http://www.sap.com/abapxml" version="1.0">
  <asx:values>
   <DD02V>
    <TABNAME>ZZS_ABAP_GEN_PREFIX</TABNAME>
    <TABCLASS>INTTAB</TABCLASS>
    <MASTERLANG>E</MASTERLANG>
    <EXCLASS>1</EXCLASS>
   </DD02V>
   <DD03P_TABLE>
    <DD03P>
     <TABNAME>ZZS_ABAP_GEN_PREFIX</TABNAME>
     <FIELDNAME>REPORT_PARAMETER</FIELDNAME>
     <POSITION>0001</POSITION>
     <ROLLNAME>ZZDE_ABAP_REPORT_PARAPREFIX</ROLLNAME>
     <ADMINFIELD>0</ADMINFIELD>
     <COMPTYPE>E</COMPTYPE>
    </DD03P>
    <DD03P>
     <TABNAME>ZZS_ABAP_GEN_PREFIX</TABNAME>
     <FIELDNAME>REPORT_SELOPT</FIELDNAME>
     <POSITION>0002</POSITION>
     <ROLLNAME>ZZDE_ABAP_REPORT_SELOPPREFIX</ROLLNAME>
     <ADMINFIELD>0</ADMINFIELD>
     <COMPTYPE>E</COMPTYPE>
    </DD03P>
    <DD03P>
     <TABNAME>ZZS_ABAP_GEN_PREFIX</TABNAME>
     <FIELDNAME>ATTRIBUTE</FIELDNAME>
     <POSITION>0003</POSITION>
     <ROLLNAME>ZZDE_ABAP_ATTRIBUTE_PREFIX</ROLLNAME>
     <ADMINFIELD>0</ADMINFIELD>
     <COMPTYPE>E</COMPTYPE>
    </DD03P>
    <DD03P>
     <TABNAME>ZZS_ABAP_GEN_PREFIX</TABNAME>
     <FIELDNAME>CLASS_PARAMETER</FIELDNAME>
     <POSITION>0004</POSITION>
     <ROLLNAME>ZZDE_ABAP_CLASS_PARAPREFIX</ROLLNAME>
     <ADMINFIELD>0</ADMINFIELD>
     <COMPTYPE>E</COMPTYPE>
    </DD03P>
    <DD03P>
     <TABNAME>ZZS_ABAP_GEN_PREFIX</TABNAME>
     <FIELDNAME>CLASS_SELOPT</FIELDNAME>
     <POSITION>0005</POSITION>
     <ROLLNAME>ZZDE_ABAP_CLASS_SELOPPREFIX</ROLLNAME>
     <ADMINFIELD>0</ADMINFIELD>
     <COMPTYPE>E</COMPTYPE>
    </DD03P>
    <DD03P>
     <TABNAME>ZZS_ABAP_GEN_PREFIX</TABNAME>
     <FIELDNAME>CLASS_RT_TYPE</FIELDNAME>
     <POSITION>0006</POSITION>
     <ROLLNAME>ZZDE_ABAP_TYPERANGETAB_PREFIX</ROLLNAME>
     <ADMINFIELD>0</ADMINFIELD>
     <COMPTYPE>E</COMPTYPE>
    </DD03P>
    <DD03P>
     <TABNAME>ZZS_ABAP_GEN_PREFIX</TABNAME>
     <FIELDNAME>DICT_RT_TYPE</FIELDNAME>
     <POSITION>0007</POSITION>
     <ROLLNAME>ZZDE_ABAP_TYPERANGETAB_PREFIX</ROLLNAME>
     <ADMINFIELD>0</ADMINFIELD>
     <COMPTYPE>E</COMPTYPE>
    </DD03P>
    <DD03P>
     <TABNAME>ZZS_ABAP_GEN_PREFIX</TABNAME>
     <FIELDNAME>RT_TYPE</FIELDNAME>
     <POSITION>0008</POSITION>
     <ROLLNAME>ZZDE_ABAP_TYPERANGETAB_PREFIX</ROLLNAME>
     <ADMINFIELD>0</ADMINFIELD>
     <COMPTYPE>E</COMPTYPE>
    </DD03P>
   </DD03P_TABLE>
  </asx:values>
 </asx:abap>
</abapGit>
