﻿<?xml version="1.0" encoding="utf-8"?>
<abapGit version="v1.0.0" serializer="LCL_OBJECT_PROG" serializer_version="v1.0.0">
 <asx:abap xmlns:asx="http://www.sap.com/abapxml" version="1.0">
  <asx:values>
   <PROGDIR>
    <NAME>YCL_CH14_03_SIMULATE_TABSTRIP</NAME>
    <STATE>A</STATE>
    <VARCL>X</VARCL>
    <SUBC>1</SUBC>
    <RLOAD>E</RLOAD>
    <FIXPT>X</FIXPT>
    <UCCHECK>X</UCCHECK>
   </PROGDIR>
   <DYNPROS>
    <item>
     <HEADER>
      <PROGRAM>YCL_CH14_03_SIMULATE_TABSTRIP</PROGRAM>
      <SCREEN>0100</SCREEN>
      <LANGUAGE>E</LANGUAGE>
      <DESCRIPT>Main screen</DESCRIPT>
      <TYPE>N</TYPE>
      <NEXTSCREEN>0100</NEXTSCREEN>
      <LINES>027</LINES>
      <COLUMNS>120</COLUMNS>
     </HEADER>
     <CONTAINERS>
      <RPY_DYCATT>
       <TYPE>SCREEN</TYPE>
       <NAME>SCREEN</NAME>
      </RPY_DYCATT>
      <RPY_DYCATT>
       <TYPE>STRIP_CTRL</TYPE>
       <NAME>CUST_INFO</NAME>
       <ELEMENT_OF>SCREEN</ELEMENT_OF>
       <LINE>007</LINE>
       <COLUMN>031</COLUMN>
       <LENGTH>063</LENGTH>
       <HEIGHT>021</HEIGHT>
      </RPY_DYCATT>
      <RPY_DYCATT>
       <TYPE>SUBSCREEN</TYPE>
       <NAME>SAREA</NAME>
       <ELEMENT_OF>CUST_INFO</ELEMENT_OF>
       <LINE>009</LINE>
       <COLUMN>032</COLUMN>
       <LENGTH>055</LENGTH>
       <HEIGHT>014</HEIGHT>
       <C_SCROLL_V>X</C_SCROLL_V>
       <C_SCROLL_H>X</C_SCROLL_H>
      </RPY_DYCATT>
     </CONTAINERS>
     <FIELDS>
      <RPY_DYFATC>
       <CONT_TYPE>SCREEN</CONT_TYPE>
       <CONT_NAME>SCREEN</CONT_NAME>
       <TYPE>TEXT</TYPE>
       <NAME>YCL_CH14_CUST_VW-KUNNR</NAME>
       <TEXT>Customer_______</TEXT>
       <LINE>004</LINE>
       <COLUMN>032</COLUMN>
       <LENGTH>015</LENGTH>
       <VISLENGTH>015</VISLENGTH>
       <HEIGHT>001</HEIGHT>
       <FORMAT>CHAR</FORMAT>
       <FROM_DICT>X</FROM_DICT>
       <MODIFIC>2</MODIFIC>
       <REQU_ENTRY>N</REQU_ENTRY>
       <LABELLEFT>X</LABELLEFT>
      </RPY_DYFATC>
      <RPY_DYFATC>
       <CONT_TYPE>SCREEN</CONT_TYPE>
       <CONT_NAME>SCREEN</CONT_NAME>
       <TYPE>TEMPLATE</TYPE>
       <NAME>YCL_CH14_CUST_VW-KUNNR</NAME>
       <TEXT>__________</TEXT>
       <LINE>004</LINE>
       <COLUMN>048</COLUMN>
       <LENGTH>010</LENGTH>
       <VISLENGTH>010</VISLENGTH>
       <HEIGHT>001</HEIGHT>
       <FORMAT>CHAR</FORMAT>
       <FROM_DICT>X</FROM_DICT>
       <CONV_EXIT>ALPHA</CONV_EXIT>
       <PARAM_ID>KUN</PARAM_ID>
       <FOREIGNKEY>X</FOREIGNKEY>
       <INPUT_FLD>X</INPUT_FLD>
       <OUTPUT_FLD>X</OUTPUT_FLD>
      </RPY_DYFATC>
      <RPY_DYFATC>
       <CONT_TYPE>SCREEN</CONT_TYPE>
       <CONT_NAME>SCREEN</CONT_NAME>
       <TYPE>TEXT</TYPE>
       <NAME>YCL_CH14_CUST_VW-NAME1</NAME>
       <TEXT>Name________</TEXT>
       <LINE>005</LINE>
       <COLUMN>032</COLUMN>
       <LENGTH>012</LENGTH>
       <VISLENGTH>012</VISLENGTH>
       <HEIGHT>001</HEIGHT>
       <FORMAT>CHAR</FORMAT>
       <FROM_DICT>X</FROM_DICT>
       <MODIFIC>2</MODIFIC>
       <UP_LOWER>X</UP_LOWER>
       <REQU_ENTRY>N</REQU_ENTRY>
       <LABELLEFT>X</LABELLEFT>
      </RPY_DYFATC>
      <RPY_DYFATC>
       <CONT_TYPE>SCREEN</CONT_TYPE>
       <CONT_NAME>SCREEN</CONT_NAME>
       <TYPE>TEMPLATE</TYPE>
       <NAME>YCL_CH14_CUST_VW-NAME1</NAME>
       <TEXT>___________________________________</TEXT>
       <LINE>005</LINE>
       <COLUMN>048</COLUMN>
       <LENGTH>035</LENGTH>
       <VISLENGTH>035</VISLENGTH>
       <HEIGHT>001</HEIGHT>
       <FORMAT>CHAR</FORMAT>
       <FROM_DICT>X</FROM_DICT>
       <UP_LOWER>X</UP_LOWER>
       <FOREIGNKEY>X</FOREIGNKEY>
       <INPUT_FLD>X</INPUT_FLD>
       <OUTPUT_FLD>X</OUTPUT_FLD>
      </RPY_DYFATC>
      <RPY_DYFATC>
       <CONT_TYPE>SCREEN</CONT_TYPE>
       <CONT_NAME>SCREEN</CONT_NAME>
       <TYPE>OKCODE</TYPE>
       <NAME>OK_CODE</NAME>
       <TEXT>____________________</TEXT>
       <LENGTH>020</LENGTH>
       <VISLENGTH>020</VISLENGTH>
       <HEIGHT>001</HEIGHT>
       <FORMAT>CHAR</FORMAT>
       <INPUT_FLD>X</INPUT_FLD>
      </RPY_DYFATC>
      <RPY_DYFATC>
       <CONT_TYPE>STRIP_CTRL</CONT_TYPE>
       <CONT_NAME>CUST_INFO</CONT_NAME>
       <TYPE>PUSH</TYPE>
       <NAME>CONTACT</NAME>
       <TEXT>CONTACT</TEXT>
       <ICON_NAME>ICON_ADDRESS</ICON_NAME>
       <WITH_ICON>X</WITH_ICON>
       <LINE>001</LINE>
       <COLUMN>001</COLUMN>
       <LENGTH>012</LENGTH>
       <VISLENGTH>010</VISLENGTH>
       <HEIGHT>001</HEIGHT>
       <PUSH_FCODE>CONTACT</PUSH_FCODE>
       <FORMAT>CHAR</FORMAT>
       <REQU_ENTRY>N</REQU_ENTRY>
       <REF_FIELD>SAREA</REF_FIELD>
      </RPY_DYFATC>
      <RPY_DYFATC>
       <CONT_TYPE>STRIP_CTRL</CONT_TYPE>
       <CONT_NAME>CUST_INFO</CONT_NAME>
       <TYPE>PUSH</TYPE>
       <NAME>ORGINZATION</NAME>
       <TEXT>ORGINZATION</TEXT>
       <ICON_NAME>ICON_NEW_ORG_UNIT</ICON_NAME>
       <WITH_ICON>X</WITH_ICON>
       <LINE>001</LINE>
       <COLUMN>002</COLUMN>
       <LENGTH>016</LENGTH>
       <VISLENGTH>014</VISLENGTH>
       <HEIGHT>001</HEIGHT>
       <PUSH_FCODE>ORGANZ</PUSH_FCODE>
       <FORMAT>CHAR</FORMAT>
       <REQU_ENTRY>N</REQU_ENTRY>
       <REF_FIELD>SAREA</REF_FIELD>
      </RPY_DYFATC>
     </FIELDS>
     <FLOW_LOGIC>
      <RPY_DYFLOW>
       <LINE>PROCESS BEFORE OUTPUT.</LINE>
      </RPY_DYFLOW>
      <RPY_DYFLOW/>
      <RPY_DYFLOW>
       <LINE>MODULE STATUS_0100.</LINE>
      </RPY_DYFLOW>
      <RPY_DYFLOW>
       <LINE>CALL SUBSCREEN SAREA INCLUDING PROG SCRN.</LINE>
      </RPY_DYFLOW>
      <RPY_DYFLOW>
       <LINE>PROCESS AFTER INPUT.</LINE>
      </RPY_DYFLOW>
      <RPY_DYFLOW/>
      <RPY_DYFLOW>
       <LINE>MODULE USER_COMMAND_0100.</LINE>
      </RPY_DYFLOW>
     </FLOW_LOGIC>
     <SPACES>
      <item>0</item>
      <item>0</item>
      <item>0</item>
      <item>0</item>
      <item>0</item>
      <item>0</item>
      <item>0</item>
     </SPACES>
    </item>
    <item>
     <HEADER>
      <PROGRAM>YCL_CH14_03_SIMULATE_TABSTRIP</PROGRAM>
      <SCREEN>0200</SCREEN>
      <LANGUAGE>E</LANGUAGE>
      <DESCRIPT>Subscreen 200</DESCRIPT>
      <TYPE>I</TYPE>
      <NEXTSCREEN>0200</NEXTSCREEN>
      <LINES>027</LINES>
      <COLUMNS>120</COLUMNS>
     </HEADER>
     <CONTAINERS>
      <RPY_DYCATT>
       <TYPE>SCREEN</TYPE>
       <NAME>SCREEN</NAME>
      </RPY_DYCATT>
     </CONTAINERS>
     <FIELDS>
      <RPY_DYFATC>
       <CONT_TYPE>SCREEN</CONT_TYPE>
       <CONT_NAME>SCREEN</CONT_NAME>
       <TYPE>TEXT</TYPE>
       <NAME>YCL_CH14_CUST_VW-STRAS</NAME>
       <TEXT>Street______</TEXT>
       <LINE>001</LINE>
       <COLUMN>001</COLUMN>
       <LENGTH>012</LENGTH>
       <VISLENGTH>012</VISLENGTH>
       <HEIGHT>001</HEIGHT>
       <FORMAT>CHAR</FORMAT>
       <FROM_DICT>X</FROM_DICT>
       <MODIFIC>2</MODIFIC>
       <UP_LOWER>X</UP_LOWER>
       <REQU_ENTRY>N</REQU_ENTRY>
       <LABELLEFT>X</LABELLEFT>
      </RPY_DYFATC>
      <RPY_DYFATC>
       <CONT_TYPE>SCREEN</CONT_TYPE>
       <CONT_NAME>SCREEN</CONT_NAME>
       <TYPE>TEMPLATE</TYPE>
       <NAME>YCL_CH14_CUST_VW-STRAS</NAME>
       <TEXT>___________________________________</TEXT>
       <LINE>001</LINE>
       <COLUMN>017</COLUMN>
       <LENGTH>035</LENGTH>
       <VISLENGTH>035</VISLENGTH>
       <HEIGHT>001</HEIGHT>
       <FORMAT>CHAR</FORMAT>
       <FROM_DICT>X</FROM_DICT>
       <UP_LOWER>X</UP_LOWER>
       <FOREIGNKEY>X</FOREIGNKEY>
       <INPUT_FLD>X</INPUT_FLD>
       <OUTPUT_FLD>X</OUTPUT_FLD>
      </RPY_DYFATC>
      <RPY_DYFATC>
       <CONT_TYPE>SCREEN</CONT_TYPE>
       <CONT_NAME>SCREEN</CONT_NAME>
       <TYPE>TEXT</TYPE>
       <NAME>YCL_CH14_CUST_VW-ORT01</NAME>
       <TEXT>City________</TEXT>
       <LINE>002</LINE>
       <COLUMN>001</COLUMN>
       <LENGTH>012</LENGTH>
       <VISLENGTH>012</VISLENGTH>
       <HEIGHT>001</HEIGHT>
       <FORMAT>CHAR</FORMAT>
       <FROM_DICT>X</FROM_DICT>
       <MODIFIC>2</MODIFIC>
       <UP_LOWER>X</UP_LOWER>
       <REQU_ENTRY>N</REQU_ENTRY>
       <LABELLEFT>X</LABELLEFT>
      </RPY_DYFATC>
      <RPY_DYFATC>
       <CONT_TYPE>SCREEN</CONT_TYPE>
       <CONT_NAME>SCREEN</CONT_NAME>
       <TYPE>TEMPLATE</TYPE>
       <NAME>YCL_CH14_CUST_VW-ORT01</NAME>
       <TEXT>___________________________________</TEXT>
       <LINE>002</LINE>
       <COLUMN>017</COLUMN>
       <LENGTH>035</LENGTH>
       <VISLENGTH>035</VISLENGTH>
       <HEIGHT>001</HEIGHT>
       <FORMAT>CHAR</FORMAT>
       <FROM_DICT>X</FROM_DICT>
       <UP_LOWER>X</UP_LOWER>
       <FOREIGNKEY>X</FOREIGNKEY>
       <INPUT_FLD>X</INPUT_FLD>
       <OUTPUT_FLD>X</OUTPUT_FLD>
      </RPY_DYFATC>
      <RPY_DYFATC>
       <CONT_TYPE>SCREEN</CONT_TYPE>
       <CONT_NAME>SCREEN</CONT_NAME>
       <TYPE>TEXT</TYPE>
       <NAME>YCL_CH14_CUST_VW-PSTLZ</NAME>
       <TEXT>Postal_Code___</TEXT>
       <LINE>003</LINE>
       <COLUMN>001</COLUMN>
       <LENGTH>014</LENGTH>
       <VISLENGTH>014</VISLENGTH>
       <HEIGHT>001</HEIGHT>
       <FORMAT>CHAR</FORMAT>
       <FROM_DICT>X</FROM_DICT>
       <MODIFIC>2</MODIFIC>
       <REQU_ENTRY>N</REQU_ENTRY>
       <LABELLEFT>X</LABELLEFT>
      </RPY_DYFATC>
      <RPY_DYFATC>
       <CONT_TYPE>SCREEN</CONT_TYPE>
       <CONT_NAME>SCREEN</CONT_NAME>
       <TYPE>TEMPLATE</TYPE>
       <NAME>YCL_CH14_CUST_VW-PSTLZ</NAME>
       <TEXT>__________</TEXT>
       <LINE>003</LINE>
       <COLUMN>017</COLUMN>
       <LENGTH>010</LENGTH>
       <VISLENGTH>010</VISLENGTH>
       <HEIGHT>001</HEIGHT>
       <FORMAT>CHAR</FORMAT>
       <FROM_DICT>X</FROM_DICT>
       <FOREIGNKEY>X</FOREIGNKEY>
       <INPUT_FLD>X</INPUT_FLD>
       <OUTPUT_FLD>X</OUTPUT_FLD>
      </RPY_DYFATC>
      <RPY_DYFATC>
       <CONT_TYPE>SCREEN</CONT_TYPE>
       <CONT_NAME>SCREEN</CONT_NAME>
       <TYPE>TEXT</TYPE>
       <NAME>T005T-LANDX</NAME>
       <TEXT>Name___________</TEXT>
       <LINE>004</LINE>
       <COLUMN>001</COLUMN>
       <LENGTH>015</LENGTH>
       <VISLENGTH>015</VISLENGTH>
       <HEIGHT>001</HEIGHT>
       <FORMAT>CHAR</FORMAT>
       <FROM_DICT>X</FROM_DICT>
       <MODIFIC>2</MODIFIC>
       <UP_LOWER>X</UP_LOWER>
       <REQU_ENTRY>N</REQU_ENTRY>
       <LABELLEFT>X</LABELLEFT>
      </RPY_DYFATC>
      <RPY_DYFATC>
       <CONT_TYPE>SCREEN</CONT_TYPE>
       <CONT_NAME>SCREEN</CONT_NAME>
       <TYPE>TEMPLATE</TYPE>
       <NAME>T005T-LANDX</NAME>
       <TEXT>_______________</TEXT>
       <LINE>004</LINE>
       <COLUMN>017</COLUMN>
       <LENGTH>015</LENGTH>
       <VISLENGTH>015</VISLENGTH>
       <HEIGHT>001</HEIGHT>
       <FORMAT>CHAR</FORMAT>
       <FROM_DICT>X</FROM_DICT>
       <UP_LOWER>X</UP_LOWER>
       <FOREIGNKEY>X</FOREIGNKEY>
       <INPUT_FLD>X</INPUT_FLD>
       <OUTPUT_FLD>X</OUTPUT_FLD>
      </RPY_DYFATC>
      <RPY_DYFATC>
       <CONT_TYPE>SCREEN</CONT_TYPE>
       <CONT_NAME>SCREEN</CONT_NAME>
       <TYPE>TEXT</TYPE>
       <NAME>YCL_CH14_CUST_VW-TELF1</NAME>
       <TEXT>Telephone_1_</TEXT>
       <LINE>005</LINE>
       <COLUMN>001</COLUMN>
       <LENGTH>012</LENGTH>
       <VISLENGTH>012</VISLENGTH>
       <HEIGHT>001</HEIGHT>
       <FORMAT>CHAR</FORMAT>
       <FROM_DICT>X</FROM_DICT>
       <MODIFIC>2</MODIFIC>
       <UP_LOWER>X</UP_LOWER>
       <REQU_ENTRY>N</REQU_ENTRY>
       <LABELLEFT>X</LABELLEFT>
      </RPY_DYFATC>
      <RPY_DYFATC>
       <CONT_TYPE>SCREEN</CONT_TYPE>
       <CONT_NAME>SCREEN</CONT_NAME>
       <TYPE>TEMPLATE</TYPE>
       <NAME>YCL_CH14_CUST_VW-TELF1</NAME>
       <TEXT>________________</TEXT>
       <LINE>005</LINE>
       <COLUMN>017</COLUMN>
       <LENGTH>016</LENGTH>
       <VISLENGTH>016</VISLENGTH>
       <HEIGHT>001</HEIGHT>
       <FORMAT>CHAR</FORMAT>
       <FROM_DICT>X</FROM_DICT>
       <UP_LOWER>X</UP_LOWER>
       <FOREIGNKEY>X</FOREIGNKEY>
       <INPUT_FLD>X</INPUT_FLD>
       <OUTPUT_FLD>X</OUTPUT_FLD>
      </RPY_DYFATC>
      <RPY_DYFATC>
       <CONT_TYPE>SCREEN</CONT_TYPE>
       <CONT_NAME>SCREEN</CONT_NAME>
       <TYPE>TEXT</TYPE>
       <NAME>YCL_CH14_CUST_VW-TELFX</NAME>
       <TEXT>Fax_Number_____</TEXT>
       <LINE>006</LINE>
       <COLUMN>001</COLUMN>
       <LENGTH>015</LENGTH>
       <VISLENGTH>015</VISLENGTH>
       <HEIGHT>001</HEIGHT>
       <FORMAT>CHAR</FORMAT>
       <FROM_DICT>X</FROM_DICT>
       <MODIFIC>2</MODIFIC>
       <UP_LOWER>X</UP_LOWER>
       <REQU_ENTRY>N</REQU_ENTRY>
       <LABELLEFT>X</LABELLEFT>
      </RPY_DYFATC>
      <RPY_DYFATC>
       <CONT_TYPE>SCREEN</CONT_TYPE>
       <CONT_NAME>SCREEN</CONT_NAME>
       <TYPE>TEMPLATE</TYPE>
       <NAME>YCL_CH14_CUST_VW-TELFX</NAME>
       <TEXT>_______________________________</TEXT>
       <LINE>006</LINE>
       <COLUMN>017</COLUMN>
       <LENGTH>031</LENGTH>
       <VISLENGTH>031</VISLENGTH>
       <HEIGHT>001</HEIGHT>
       <FORMAT>CHAR</FORMAT>
       <FROM_DICT>X</FROM_DICT>
       <UP_LOWER>X</UP_LOWER>
       <FOREIGNKEY>X</FOREIGNKEY>
       <INPUT_FLD>X</INPUT_FLD>
       <OUTPUT_FLD>X</OUTPUT_FLD>
      </RPY_DYFATC>
      <RPY_DYFATC>
       <CONT_TYPE>SCREEN</CONT_TYPE>
       <CONT_NAME>SCREEN</CONT_NAME>
       <TYPE>OKCODE</TYPE>
       <TEXT>____________________</TEXT>
       <LENGTH>020</LENGTH>
       <VISLENGTH>020</VISLENGTH>
       <HEIGHT>001</HEIGHT>
       <FORMAT>CHAR</FORMAT>
       <INPUT_FLD>X</INPUT_FLD>
      </RPY_DYFATC>
     </FIELDS>
     <FLOW_LOGIC>
      <RPY_DYFLOW>
       <LINE>PROCESS BEFORE OUTPUT.</LINE>
      </RPY_DYFLOW>
      <RPY_DYFLOW>
       <LINE>* MODULE STATUS_0200.</LINE>
      </RPY_DYFLOW>
      <RPY_DYFLOW>
       <LINE>*</LINE>
      </RPY_DYFLOW>
      <RPY_DYFLOW>
       <LINE>PROCESS AFTER INPUT.</LINE>
      </RPY_DYFLOW>
      <RPY_DYFLOW>
       <LINE>* MODULE USER_COMMAND_0200.</LINE>
      </RPY_DYFLOW>
     </FLOW_LOGIC>
     <SPACES>
      <item>0</item>
      <item>0</item>
      <item>0</item>
      <item>0</item>
      <item>0</item>
     </SPACES>
    </item>
    <item>
     <HEADER>
      <PROGRAM>YCL_CH14_03_SIMULATE_TABSTRIP</PROGRAM>
      <SCREEN>0300</SCREEN>
      <LANGUAGE>E</LANGUAGE>
      <DESCRIPT>Subscreen 300</DESCRIPT>
      <TYPE>I</TYPE>
      <NEXTSCREEN>0300</NEXTSCREEN>
      <LINES>027</LINES>
      <COLUMNS>120</COLUMNS>
     </HEADER>
     <CONTAINERS>
      <RPY_DYCATT>
       <TYPE>SCREEN</TYPE>
       <NAME>SCREEN</NAME>
      </RPY_DYCATT>
     </CONTAINERS>
     <FIELDS>
      <RPY_DYFATC>
       <CONT_TYPE>SCREEN</CONT_TYPE>
       <CONT_NAME>SCREEN</CONT_NAME>
       <TYPE>TEXT</TYPE>
       <NAME>YCL_CH14_CUST_VW-BUKRS</NAME>
       <TEXT>Company_Code___</TEXT>
       <LINE>001</LINE>
       <COLUMN>001</COLUMN>
       <LENGTH>015</LENGTH>
       <VISLENGTH>015</VISLENGTH>
       <HEIGHT>001</HEIGHT>
       <FORMAT>CHAR</FORMAT>
       <FROM_DICT>X</FROM_DICT>
       <MODIFIC>2</MODIFIC>
       <REQU_ENTRY>N</REQU_ENTRY>
       <LABELLEFT>X</LABELLEFT>
       <DICT_I_FKY>X</DICT_I_FKY>
      </RPY_DYFATC>
      <RPY_DYFATC>
       <CONT_TYPE>SCREEN</CONT_TYPE>
       <CONT_NAME>SCREEN</CONT_NAME>
       <TYPE>TEMPLATE</TYPE>
       <NAME>YCL_CH14_CUST_VW-BUKRS</NAME>
       <TEXT>____</TEXT>
       <LINE>001</LINE>
       <COLUMN>018</COLUMN>
       <LENGTH>004</LENGTH>
       <VISLENGTH>004</VISLENGTH>
       <HEIGHT>001</HEIGHT>
       <FORMAT>CHAR</FORMAT>
       <FROM_DICT>X</FROM_DICT>
       <PARAM_ID>BUK</PARAM_ID>
       <FOREIGNKEY>X</FOREIGNKEY>
       <INPUT_FLD>X</INPUT_FLD>
       <OUTPUT_FLD>X</OUTPUT_FLD>
       <DICT_I_FKY>X</DICT_I_FKY>
      </RPY_DYFATC>
      <RPY_DYFATC>
       <CONT_TYPE>SCREEN</CONT_TYPE>
       <CONT_NAME>SCREEN</CONT_NAME>
       <TYPE>TEXT</TYPE>
       <NAME>YCL_CH14_CUST_VW-VKORG</NAME>
       <TEXT>Sales_Org._____</TEXT>
       <LINE>002</LINE>
       <COLUMN>001</COLUMN>
       <LENGTH>015</LENGTH>
       <VISLENGTH>015</VISLENGTH>
       <HEIGHT>001</HEIGHT>
       <FORMAT>CHAR</FORMAT>
       <FROM_DICT>X</FROM_DICT>
       <MODIFIC>2</MODIFIC>
       <REQU_ENTRY>N</REQU_ENTRY>
       <LABELLEFT>X</LABELLEFT>
       <DICT_I_FKY>X</DICT_I_FKY>
      </RPY_DYFATC>
      <RPY_DYFATC>
       <CONT_TYPE>SCREEN</CONT_TYPE>
       <CONT_NAME>SCREEN</CONT_NAME>
       <TYPE>TEMPLATE</TYPE>
       <NAME>YCL_CH14_CUST_VW-VKORG</NAME>
       <TEXT>____</TEXT>
       <LINE>002</LINE>
       <COLUMN>018</COLUMN>
       <LENGTH>004</LENGTH>
       <VISLENGTH>004</VISLENGTH>
       <HEIGHT>001</HEIGHT>
       <FORMAT>CHAR</FORMAT>
       <FROM_DICT>X</FROM_DICT>
       <PARAM_ID>VKO</PARAM_ID>
       <FOREIGNKEY>X</FOREIGNKEY>
       <INPUT_FLD>X</INPUT_FLD>
       <OUTPUT_FLD>X</OUTPUT_FLD>
       <DICT_I_FKY>X</DICT_I_FKY>
      </RPY_DYFATC>
      <RPY_DYFATC>
       <CONT_TYPE>SCREEN</CONT_TYPE>
       <CONT_NAME>SCREEN</CONT_NAME>
       <TYPE>TEXT</TYPE>
       <NAME>YCL_CH14_CUST_VW-VTWEG</NAME>
       <TEXT>Distr._Channel_</TEXT>
       <LINE>003</LINE>
       <COLUMN>001</COLUMN>
       <LENGTH>015</LENGTH>
       <VISLENGTH>015</VISLENGTH>
       <HEIGHT>001</HEIGHT>
       <FORMAT>CHAR</FORMAT>
       <FROM_DICT>X</FROM_DICT>
       <MODIFIC>2</MODIFIC>
       <REQU_ENTRY>N</REQU_ENTRY>
       <LABELLEFT>X</LABELLEFT>
       <DICT_I_FKY>X</DICT_I_FKY>
      </RPY_DYFATC>
      <RPY_DYFATC>
       <CONT_TYPE>SCREEN</CONT_TYPE>
       <CONT_NAME>SCREEN</CONT_NAME>
       <TYPE>TEMPLATE</TYPE>
       <NAME>YCL_CH14_CUST_VW-VTWEG</NAME>
       <TEXT>__</TEXT>
       <LINE>003</LINE>
       <COLUMN>018</COLUMN>
       <LENGTH>002</LENGTH>
       <VISLENGTH>002</VISLENGTH>
       <HEIGHT>001</HEIGHT>
       <FORMAT>CHAR</FORMAT>
       <FROM_DICT>X</FROM_DICT>
       <PARAM_ID>VTW</PARAM_ID>
       <FOREIGNKEY>X</FOREIGNKEY>
       <INPUT_FLD>X</INPUT_FLD>
       <OUTPUT_FLD>X</OUTPUT_FLD>
       <DICT_I_FKY>X</DICT_I_FKY>
      </RPY_DYFATC>
      <RPY_DYFATC>
       <CONT_TYPE>SCREEN</CONT_TYPE>
       <CONT_NAME>SCREEN</CONT_NAME>
       <TYPE>TEXT</TYPE>
       <NAME>YCL_CH14_CUST_VW-SPART</NAME>
       <TEXT>Division_______</TEXT>
       <LINE>004</LINE>
       <COLUMN>001</COLUMN>
       <LENGTH>015</LENGTH>
       <VISLENGTH>015</VISLENGTH>
       <HEIGHT>001</HEIGHT>
       <FORMAT>CHAR</FORMAT>
       <FROM_DICT>X</FROM_DICT>
       <MODIFIC>2</MODIFIC>
       <REQU_ENTRY>N</REQU_ENTRY>
       <LABELLEFT>X</LABELLEFT>
       <DICT_I_FKY>X</DICT_I_FKY>
      </RPY_DYFATC>
      <RPY_DYFATC>
       <CONT_TYPE>SCREEN</CONT_TYPE>
       <CONT_NAME>SCREEN</CONT_NAME>
       <TYPE>TEMPLATE</TYPE>
       <NAME>YCL_CH14_CUST_VW-SPART</NAME>
       <TEXT>__</TEXT>
       <LINE>004</LINE>
       <COLUMN>018</COLUMN>
       <LENGTH>002</LENGTH>
       <VISLENGTH>002</VISLENGTH>
       <HEIGHT>001</HEIGHT>
       <FORMAT>CHAR</FORMAT>
       <FROM_DICT>X</FROM_DICT>
       <PARAM_ID>SPA</PARAM_ID>
       <FOREIGNKEY>X</FOREIGNKEY>
       <INPUT_FLD>X</INPUT_FLD>
       <OUTPUT_FLD>X</OUTPUT_FLD>
       <DICT_I_FKY>X</DICT_I_FKY>
      </RPY_DYFATC>
      <RPY_DYFATC>
       <CONT_TYPE>SCREEN</CONT_TYPE>
       <CONT_NAME>SCREEN</CONT_NAME>
       <TYPE>TEXT</TYPE>
       <NAME>YCL_CH14_CUST_VW-BUTXT</NAME>
       <TEXT>Company_Name____</TEXT>
       <LINE>005</LINE>
       <COLUMN>001</COLUMN>
       <LENGTH>016</LENGTH>
       <VISLENGTH>016</VISLENGTH>
       <HEIGHT>001</HEIGHT>
       <FORMAT>CHAR</FORMAT>
       <FROM_DICT>X</FROM_DICT>
       <MODIFIC>2</MODIFIC>
       <UP_LOWER>X</UP_LOWER>
       <REQU_ENTRY>N</REQU_ENTRY>
       <LABELLEFT>X</LABELLEFT>
      </RPY_DYFATC>
      <RPY_DYFATC>
       <CONT_TYPE>SCREEN</CONT_TYPE>
       <CONT_NAME>SCREEN</CONT_NAME>
       <TYPE>TEMPLATE</TYPE>
       <NAME>YCL_CH14_CUST_VW-BUTXT</NAME>
       <TEXT>_________________________</TEXT>
       <LINE>005</LINE>
       <COLUMN>018</COLUMN>
       <LENGTH>025</LENGTH>
       <VISLENGTH>025</VISLENGTH>
       <HEIGHT>001</HEIGHT>
       <FORMAT>CHAR</FORMAT>
       <FROM_DICT>X</FROM_DICT>
       <UP_LOWER>X</UP_LOWER>
       <FOREIGNKEY>X</FOREIGNKEY>
       <INPUT_FLD>X</INPUT_FLD>
       <OUTPUT_FLD>X</OUTPUT_FLD>
      </RPY_DYFATC>
      <RPY_DYFATC>
       <CONT_TYPE>SCREEN</CONT_TYPE>
       <CONT_NAME>SCREEN</CONT_NAME>
       <TYPE>TEXT</TYPE>
       <NAME>YCL_CH14_CUST_VW-VTEXT1</NAME>
       <TEXT>Name___________</TEXT>
       <LINE>006</LINE>
       <COLUMN>001</COLUMN>
       <LENGTH>015</LENGTH>
       <VISLENGTH>015</VISLENGTH>
       <HEIGHT>001</HEIGHT>
       <FORMAT>CHAR</FORMAT>
       <FROM_DICT>X</FROM_DICT>
       <MODIFIC>2</MODIFIC>
       <UP_LOWER>X</UP_LOWER>
       <REQU_ENTRY>N</REQU_ENTRY>
       <LABELLEFT>X</LABELLEFT>
      </RPY_DYFATC>
      <RPY_DYFATC>
       <CONT_TYPE>SCREEN</CONT_TYPE>
       <CONT_NAME>SCREEN</CONT_NAME>
       <TYPE>TEMPLATE</TYPE>
       <NAME>YCL_CH14_CUST_VW-VTEXT1</NAME>
       <TEXT>____________________</TEXT>
       <LINE>006</LINE>
       <COLUMN>018</COLUMN>
       <LENGTH>020</LENGTH>
       <VISLENGTH>020</VISLENGTH>
       <HEIGHT>001</HEIGHT>
       <FORMAT>CHAR</FORMAT>
       <FROM_DICT>X</FROM_DICT>
       <UP_LOWER>X</UP_LOWER>
       <FOREIGNKEY>X</FOREIGNKEY>
       <INPUT_FLD>X</INPUT_FLD>
       <OUTPUT_FLD>X</OUTPUT_FLD>
      </RPY_DYFATC>
      <RPY_DYFATC>
       <CONT_TYPE>SCREEN</CONT_TYPE>
       <CONT_NAME>SCREEN</CONT_NAME>
       <TYPE>TEXT</TYPE>
       <NAME>YCL_CH14_CUST_VW-VTEXT2</NAME>
       <TEXT>Name___________</TEXT>
       <LINE>007</LINE>
       <COLUMN>001</COLUMN>
       <LENGTH>015</LENGTH>
       <VISLENGTH>015</VISLENGTH>
       <HEIGHT>001</HEIGHT>
       <FORMAT>CHAR</FORMAT>
       <FROM_DICT>X</FROM_DICT>
       <MODIFIC>2</MODIFIC>
       <UP_LOWER>X</UP_LOWER>
       <REQU_ENTRY>N</REQU_ENTRY>
       <LABELLEFT>X</LABELLEFT>
      </RPY_DYFATC>
      <RPY_DYFATC>
       <CONT_TYPE>SCREEN</CONT_TYPE>
       <CONT_NAME>SCREEN</CONT_NAME>
       <TYPE>TEMPLATE</TYPE>
       <NAME>YCL_CH14_CUST_VW-VTEXT2</NAME>
       <TEXT>____________________</TEXT>
       <LINE>007</LINE>
       <COLUMN>018</COLUMN>
       <LENGTH>020</LENGTH>
       <VISLENGTH>020</VISLENGTH>
       <HEIGHT>001</HEIGHT>
       <FORMAT>CHAR</FORMAT>
       <FROM_DICT>X</FROM_DICT>
       <UP_LOWER>X</UP_LOWER>
       <FOREIGNKEY>X</FOREIGNKEY>
       <INPUT_FLD>X</INPUT_FLD>
       <OUTPUT_FLD>X</OUTPUT_FLD>
      </RPY_DYFATC>
      <RPY_DYFATC>
       <CONT_TYPE>SCREEN</CONT_TYPE>
       <CONT_NAME>SCREEN</CONT_NAME>
       <TYPE>TEXT</TYPE>
       <NAME>YCL_CH14_CUST_VW-VTEXT3</NAME>
       <TEXT>Name___________</TEXT>
       <LINE>008</LINE>
       <COLUMN>001</COLUMN>
       <LENGTH>015</LENGTH>
       <VISLENGTH>015</VISLENGTH>
       <HEIGHT>001</HEIGHT>
       <FORMAT>CHAR</FORMAT>
       <FROM_DICT>X</FROM_DICT>
       <MODIFIC>2</MODIFIC>
       <UP_LOWER>X</UP_LOWER>
       <REQU_ENTRY>N</REQU_ENTRY>
       <LABELLEFT>X</LABELLEFT>
      </RPY_DYFATC>
      <RPY_DYFATC>
       <CONT_TYPE>SCREEN</CONT_TYPE>
       <CONT_NAME>SCREEN</CONT_NAME>
       <TYPE>TEMPLATE</TYPE>
       <NAME>YCL_CH14_CUST_VW-VTEXT3</NAME>
       <TEXT>____________________</TEXT>
       <LINE>008</LINE>
       <COLUMN>018</COLUMN>
       <LENGTH>020</LENGTH>
       <VISLENGTH>020</VISLENGTH>
       <HEIGHT>001</HEIGHT>
       <FORMAT>CHAR</FORMAT>
       <FROM_DICT>X</FROM_DICT>
       <UP_LOWER>X</UP_LOWER>
       <FOREIGNKEY>X</FOREIGNKEY>
       <INPUT_FLD>X</INPUT_FLD>
       <OUTPUT_FLD>X</OUTPUT_FLD>
      </RPY_DYFATC>
      <RPY_DYFATC>
       <CONT_TYPE>SCREEN</CONT_TYPE>
       <CONT_NAME>SCREEN</CONT_NAME>
       <TYPE>OKCODE</TYPE>
       <TEXT>____________________</TEXT>
       <LENGTH>020</LENGTH>
       <VISLENGTH>020</VISLENGTH>
       <HEIGHT>001</HEIGHT>
       <FORMAT>CHAR</FORMAT>
       <INPUT_FLD>X</INPUT_FLD>
      </RPY_DYFATC>
     </FIELDS>
     <FLOW_LOGIC>
      <RPY_DYFLOW>
       <LINE>PROCESS BEFORE OUTPUT.</LINE>
      </RPY_DYFLOW>
      <RPY_DYFLOW>
       <LINE>* MODULE STATUS_0300.</LINE>
      </RPY_DYFLOW>
      <RPY_DYFLOW>
       <LINE>*</LINE>
      </RPY_DYFLOW>
      <RPY_DYFLOW>
       <LINE>PROCESS AFTER INPUT.</LINE>
      </RPY_DYFLOW>
      <RPY_DYFLOW>
       <LINE>* MODULE USER_COMMAND_0300.</LINE>
      </RPY_DYFLOW>
     </FLOW_LOGIC>
     <SPACES>
      <item>0</item>
      <item>0</item>
      <item>0</item>
      <item>0</item>
      <item>0</item>
     </SPACES>
    </item>
    <item>
     <HEADER>
      <PROGRAM>YCL_CH14_03_SIMULATE_TABSTRIP</PROGRAM>
      <SCREEN>0400</SCREEN>
      <LANGUAGE>E</LANGUAGE>
      <DESCRIPT>Dummy screen</DESCRIPT>
      <TYPE>I</TYPE>
      <NEXTSCREEN>0400</NEXTSCREEN>
      <LINES>027</LINES>
      <COLUMNS>120</COLUMNS>
     </HEADER>
     <CONTAINERS>
      <RPY_DYCATT>
       <TYPE>SCREEN</TYPE>
       <NAME>SCREEN</NAME>
      </RPY_DYCATT>
     </CONTAINERS>
     <FIELDS>
      <RPY_DYFATC>
       <CONT_TYPE>SCREEN</CONT_TYPE>
       <CONT_NAME>SCREEN</CONT_NAME>
       <TYPE>OKCODE</TYPE>
       <TEXT>____________________</TEXT>
       <LENGTH>020</LENGTH>
       <VISLENGTH>020</VISLENGTH>
       <HEIGHT>001</HEIGHT>
       <FORMAT>CHAR</FORMAT>
       <INPUT_FLD>X</INPUT_FLD>
      </RPY_DYFATC>
     </FIELDS>
     <FLOW_LOGIC>
      <RPY_DYFLOW>
       <LINE>PROCESS BEFORE OUTPUT.</LINE>
      </RPY_DYFLOW>
      <RPY_DYFLOW>
       <LINE>* MODULE STATUS_0400.</LINE>
      </RPY_DYFLOW>
      <RPY_DYFLOW>
       <LINE>*</LINE>
      </RPY_DYFLOW>
      <RPY_DYFLOW>
       <LINE>PROCESS AFTER INPUT.</LINE>
      </RPY_DYFLOW>
      <RPY_DYFLOW>
       <LINE>* MODULE USER_COMMAND_0400.</LINE>
      </RPY_DYFLOW>
     </FLOW_LOGIC>
     <SPACES>
      <item>0</item>
      <item>0</item>
      <item>0</item>
      <item>0</item>
      <item>0</item>
     </SPACES>
    </item>
    <item>
     <HEADER>
      <PROGRAM>YCL_CH14_03_SIMULATE_TABSTRIP</PROGRAM>
      <SCREEN>0500</SCREEN>
      <LANGUAGE>E</LANGUAGE>
      <DESCRIPT>TRANSACTION ITEMS</DESCRIPT>
      <TYPE>I</TYPE>
      <NEXTSCREEN>0500</NEXTSCREEN>
      <LINES>027</LINES>
      <COLUMNS>120</COLUMNS>
     </HEADER>
     <CONTAINERS>
      <RPY_DYCATT>
       <TYPE>SCREEN</TYPE>
       <NAME>SCREEN</NAME>
      </RPY_DYCATT>
      <RPY_DYCATT>
       <TYPE>TABLE_CTRL</TYPE>
       <NAME>ITEMS</NAME>
       <ELEMENT_OF>SCREEN</ELEMENT_OF>
       <LINE>001</LINE>
       <COLUMN>001</COLUMN>
       <LENGTH>082</LENGTH>
       <HEIGHT>018</HEIGHT>
       <C_SCROLL_V>X</C_SCROLL_V>
       <C_SCROLL_H>X</C_SCROLL_H>
       <TC_TABTYPE>ENTRY</TC_TABTYPE>
       <TC_HEADER>X</TC_HEADER>
       <TC_CONFIG>X</TC_CONFIG>
       <TC_SEL_LNS>SINGLE</TC_SEL_LNS>
       <TC_SEL_CLS>SINGLE</TC_SEL_CLS>
      </RPY_DYCATT>
     </CONTAINERS>
     <FIELDS>
      <RPY_DYFATC>
       <CONT_TYPE>SCREEN</CONT_TYPE>
       <CONT_NAME>SCREEN</CONT_NAME>
       <TYPE>OKCODE</TYPE>
       <TEXT>____________________</TEXT>
       <LENGTH>020</LENGTH>
       <VISLENGTH>020</VISLENGTH>
       <HEIGHT>001</HEIGHT>
       <FORMAT>CHAR</FORMAT>
       <INPUT_FLD>X</INPUT_FLD>
      </RPY_DYFATC>
      <RPY_DYFATC>
       <CONT_TYPE>TABLE_CTRL</CONT_TYPE>
       <CONT_NAME>ITEMS</CONT_NAME>
       <TYPE>TEXT</TYPE>
       <NAME>YCL_CH03_KNVK-VBELN</NAME>
       <TEXT>Sales_Document_</TEXT>
       <LINE>001</LINE>
       <COLUMN>001</COLUMN>
       <LENGTH>015</LENGTH>
       <VISLENGTH>010</VISLENGTH>
       <HEIGHT>001</HEIGHT>
       <FORMAT>CHAR</FORMAT>
       <FROM_DICT>X</FROM_DICT>
       <MODIFIC>2</MODIFIC>
       <REQU_ENTRY>N</REQU_ENTRY>
       <BRIGHT>X</BRIGHT>
       <TC_HEADING>X</TC_HEADING>
       <DICT_I_FKY>X</DICT_I_FKY>
      </RPY_DYFATC>
      <RPY_DYFATC>
       <CONT_TYPE>TABLE_CTRL</CONT_TYPE>
       <CONT_NAME>ITEMS</CONT_NAME>
       <TYPE>TEXT</TYPE>
       <NAME>YCL_CH03_KNVK-AUDAT</NAME>
       <TEXT>Document_Date__</TEXT>
       <LINE>001</LINE>
       <COLUMN>002</COLUMN>
       <LENGTH>015</LENGTH>
       <VISLENGTH>010</VISLENGTH>
       <HEIGHT>001</HEIGHT>
       <FORMAT>CHAR</FORMAT>
       <FROM_DICT>X</FROM_DICT>
       <MODIFIC>2</MODIFIC>
       <REQU_ENTRY>N</REQU_ENTRY>
       <TC_HEADING>X</TC_HEADING>
      </RPY_DYFATC>
      <RPY_DYFATC>
       <CONT_TYPE>TABLE_CTRL</CONT_TYPE>
       <CONT_NAME>ITEMS</CONT_NAME>
       <TYPE>TEXT</TYPE>
       <NAME>YCL_CH03_KNVK-NETWR</NAME>
       <TEXT>Net_value______</TEXT>
       <LINE>001</LINE>
       <COLUMN>003</COLUMN>
       <LENGTH>015</LENGTH>
       <VISLENGTH>021</VISLENGTH>
       <HEIGHT>001</HEIGHT>
       <FORMAT>CHAR</FORMAT>
       <FROM_DICT>X</FROM_DICT>
       <MODIFIC>2</MODIFIC>
       <REQU_ENTRY>N</REQU_ENTRY>
       <TC_HEADING>X</TC_HEADING>
      </RPY_DYFATC>
      <RPY_DYFATC>
       <CONT_TYPE>TABLE_CTRL</CONT_TYPE>
       <CONT_NAME>ITEMS</CONT_NAME>
       <TYPE>TEXT</TYPE>
       <NAME>YCL_CH03_KNVK-WAERK</NAME>
       <TEXT>Doc._Currency__</TEXT>
       <LINE>001</LINE>
       <COLUMN>004</COLUMN>
       <LENGTH>015</LENGTH>
       <VISLENGTH>005</VISLENGTH>
       <HEIGHT>001</HEIGHT>
       <FORMAT>CHAR</FORMAT>
       <FROM_DICT>X</FROM_DICT>
       <MODIFIC>2</MODIFIC>
       <REQU_ENTRY>N</REQU_ENTRY>
       <TC_HEADING>X</TC_HEADING>
       <DICT_I_FKY>X</DICT_I_FKY>
      </RPY_DYFATC>
      <RPY_DYFATC>
       <CONT_TYPE>TABLE_CTRL</CONT_TYPE>
       <CONT_NAME>ITEMS</CONT_NAME>
       <TYPE>TEXT</TYPE>
       <NAME>YCL_CH03_KNVK-POSNR</NAME>
       <TEXT>Item___________</TEXT>
       <LINE>001</LINE>
       <COLUMN>005</COLUMN>
       <LENGTH>015</LENGTH>
       <VISLENGTH>006</VISLENGTH>
       <HEIGHT>001</HEIGHT>
       <FORMAT>CHAR</FORMAT>
       <FROM_DICT>X</FROM_DICT>
       <MODIFIC>2</MODIFIC>
       <REQU_ENTRY>N</REQU_ENTRY>
       <TC_HEADING>X</TC_HEADING>
       <DICT_I_FKY>X</DICT_I_FKY>
      </RPY_DYFATC>
      <RPY_DYFATC>
       <CONT_TYPE>TABLE_CTRL</CONT_TYPE>
       <CONT_NAME>ITEMS</CONT_NAME>
       <TYPE>TEXT</TYPE>
       <NAME>YCL_CH03_KNVK-MATNR</NAME>
       <TEXT>Material_______</TEXT>
       <LINE>001</LINE>
       <COLUMN>006</COLUMN>
       <LENGTH>015</LENGTH>
       <VISLENGTH>018</VISLENGTH>
       <HEIGHT>001</HEIGHT>
       <FORMAT>CHAR</FORMAT>
       <FROM_DICT>X</FROM_DICT>
       <MODIFIC>2</MODIFIC>
       <REQU_ENTRY>N</REQU_ENTRY>
       <TC_HEADING>X</TC_HEADING>
       <DICT_I_FKY>X</DICT_I_FKY>
      </RPY_DYFATC>
      <RPY_DYFATC>
       <CONT_TYPE>TABLE_CTRL</CONT_TYPE>
       <CONT_NAME>ITEMS</CONT_NAME>
       <TYPE>TEXT</TYPE>
       <NAME>YCL_CH03_KNVK-ZIEME</NAME>
       <TEXT>Target_qty_UoM_</TEXT>
       <LINE>001</LINE>
       <COLUMN>007</COLUMN>
       <LENGTH>015</LENGTH>
       <VISLENGTH>003</VISLENGTH>
       <HEIGHT>001</HEIGHT>
       <FORMAT>CHAR</FORMAT>
       <FROM_DICT>X</FROM_DICT>
       <MODIFIC>2</MODIFIC>
       <UP_LOWER>X</UP_LOWER>
       <REQU_ENTRY>N</REQU_ENTRY>
       <TC_HEADING>X</TC_HEADING>
       <DICT_I_FKY>X</DICT_I_FKY>
      </RPY_DYFATC>
      <RPY_DYFATC>
       <CONT_TYPE>TABLE_CTRL</CONT_TYPE>
       <CONT_NAME>ITEMS</CONT_NAME>
       <TYPE>TEMPLATE</TYPE>
       <NAME>YCL_CH03_KNVK-VBELN</NAME>
       <TEXT>__________</TEXT>
       <LINE>001</LINE>
       <COLUMN>001</COLUMN>
       <LENGTH>010</LENGTH>
       <VISLENGTH>010</VISLENGTH>
       <HEIGHT>001</HEIGHT>
       <FORMAT>CHAR</FORMAT>
       <FROM_DICT>X</FROM_DICT>
       <CONV_EXIT>ALPHA</CONV_EXIT>
       <PARAM_ID>AUN</PARAM_ID>
       <FOREIGNKEY>X</FOREIGNKEY>
       <OUTPUT_FLD>X</OUTPUT_FLD>
       <REQU_ENTRY>N</REQU_ENTRY>
       <DICT_I_FKY>X</DICT_I_FKY>
      </RPY_DYFATC>
      <RPY_DYFATC>
       <CONT_TYPE>TABLE_CTRL</CONT_TYPE>
       <CONT_NAME>ITEMS</CONT_NAME>
       <TYPE>TEMPLATE</TYPE>
       <NAME>YCL_CH03_KNVK-AUDAT</NAME>
       <TEXT>__________</TEXT>
       <LINE>001</LINE>
       <COLUMN>002</COLUMN>
       <LENGTH>010</LENGTH>
       <VISLENGTH>010</VISLENGTH>
       <HEIGHT>001</HEIGHT>
       <FORMAT>DATS</FORMAT>
       <FROM_DICT>X</FROM_DICT>
       <FOREIGNKEY>X</FOREIGNKEY>
       <OUTPUT_FLD>X</OUTPUT_FLD>
       <REQU_ENTRY>N</REQU_ENTRY>
      </RPY_DYFATC>
      <RPY_DYFATC>
       <CONT_TYPE>TABLE_CTRL</CONT_TYPE>
       <CONT_NAME>ITEMS</CONT_NAME>
       <TYPE>TEMPLATE</TYPE>
       <NAME>YCL_CH03_KNVK-NETWR</NAME>
       <TEXT>_____________________</TEXT>
       <LINE>001</LINE>
       <COLUMN>003</COLUMN>
       <LENGTH>021</LENGTH>
       <VISLENGTH>021</VISLENGTH>
       <HEIGHT>001</HEIGHT>
       <FORMAT>CURR</FORMAT>
       <FROM_DICT>X</FROM_DICT>
       <FOREIGNKEY>X</FOREIGNKEY>
       <OUTPUT_FLD>X</OUTPUT_FLD>
       <REQU_ENTRY>N</REQU_ENTRY>
       <REF_FIELD>YCL_CH03_KNVK-WAERK</REF_FIELD>
       <DICT_I_SGN>X</DICT_I_SGN>
      </RPY_DYFATC>
      <RPY_DYFATC>
       <CONT_TYPE>TABLE_CTRL</CONT_TYPE>
       <CONT_NAME>ITEMS</CONT_NAME>
       <TYPE>TEMPLATE</TYPE>
       <NAME>YCL_CH03_KNVK-WAERK</NAME>
       <TEXT>_____</TEXT>
       <LINE>001</LINE>
       <COLUMN>004</COLUMN>
       <LENGTH>005</LENGTH>
       <VISLENGTH>005</VISLENGTH>
       <HEIGHT>001</HEIGHT>
       <FORMAT>CUKY</FORMAT>
       <FROM_DICT>X</FROM_DICT>
       <PARAM_ID>FWS</PARAM_ID>
       <FOREIGNKEY>X</FOREIGNKEY>
       <OUTPUT_FLD>X</OUTPUT_FLD>
       <REQU_ENTRY>N</REQU_ENTRY>
       <DICT_I_FKY>X</DICT_I_FKY>
      </RPY_DYFATC>
      <RPY_DYFATC>
       <CONT_TYPE>TABLE_CTRL</CONT_TYPE>
       <CONT_NAME>ITEMS</CONT_NAME>
       <TYPE>TEMPLATE</TYPE>
       <NAME>YCL_CH03_KNVK-POSNR</NAME>
       <TEXT>______</TEXT>
       <LINE>001</LINE>
       <COLUMN>005</COLUMN>
       <LENGTH>006</LENGTH>
       <VISLENGTH>006</VISLENGTH>
       <HEIGHT>001</HEIGHT>
       <FORMAT>NUMC</FORMAT>
       <FROM_DICT>X</FROM_DICT>
       <PARAM_ID>APO</PARAM_ID>
       <FOREIGNKEY>X</FOREIGNKEY>
       <OUTPUT_FLD>X</OUTPUT_FLD>
       <REQU_ENTRY>N</REQU_ENTRY>
       <DICT_I_FKY>X</DICT_I_FKY>
      </RPY_DYFATC>
      <RPY_DYFATC>
       <CONT_TYPE>TABLE_CTRL</CONT_TYPE>
       <CONT_NAME>ITEMS</CONT_NAME>
       <TYPE>TEMPLATE</TYPE>
       <NAME>YCL_CH03_KNVK-MATNR</NAME>
       <TEXT>__________________</TEXT>
       <LINE>001</LINE>
       <COLUMN>006</COLUMN>
       <LENGTH>018</LENGTH>
       <VISLENGTH>018</VISLENGTH>
       <HEIGHT>001</HEIGHT>
       <FORMAT>CHAR</FORMAT>
       <FROM_DICT>X</FROM_DICT>
       <CONV_EXIT>MATN1</CONV_EXIT>
       <PARAM_ID>MAT</PARAM_ID>
       <FOREIGNKEY>X</FOREIGNKEY>
       <OUTPUT_FLD>X</OUTPUT_FLD>
       <REQU_ENTRY>N</REQU_ENTRY>
       <DICT_I_FKY>X</DICT_I_FKY>
      </RPY_DYFATC>
      <RPY_DYFATC>
       <CONT_TYPE>TABLE_CTRL</CONT_TYPE>
       <CONT_NAME>ITEMS</CONT_NAME>
       <TYPE>TEMPLATE</TYPE>
       <NAME>YCL_CH03_KNVK-ZIEME</NAME>
       <TEXT>___</TEXT>
       <LINE>001</LINE>
       <COLUMN>007</COLUMN>
       <LENGTH>003</LENGTH>
       <VISLENGTH>003</VISLENGTH>
       <HEIGHT>001</HEIGHT>
       <FORMAT>UNIT</FORMAT>
       <FROM_DICT>X</FROM_DICT>
       <CONV_EXIT>CUNIT</CONV_EXIT>
       <UP_LOWER>X</UP_LOWER>
       <FOREIGNKEY>X</FOREIGNKEY>
       <OUTPUT_FLD>X</OUTPUT_FLD>
       <REQU_ENTRY>N</REQU_ENTRY>
       <DICT_I_FKY>X</DICT_I_FKY>
      </RPY_DYFATC>
     </FIELDS>
     <FLOW_LOGIC>
      <RPY_DYFLOW>
       <LINE>PROCESS BEFORE OUTPUT.</LINE>
      </RPY_DYFLOW>
      <RPY_DYFLOW>
       <LINE>* MODULE STATUS_0500.</LINE>
      </RPY_DYFLOW>
      <RPY_DYFLOW>
       <LINE>LOOP AT BILLSI_TAB INTO YCL_CH03_KNVK WITH CONTROL ITEMS.</LINE>
      </RPY_DYFLOW>
      <RPY_DYFLOW>
       <LINE>Endloop.</LINE>
      </RPY_DYFLOW>
      <RPY_DYFLOW>
       <LINE>PROCESS AFTER INPUT.</LINE>
      </RPY_DYFLOW>
      <RPY_DYFLOW>
       <LINE>LOOP AT BILLSI_TAB.</LINE>
      </RPY_DYFLOW>
      <RPY_DYFLOW>
       <LINE>endloop.</LINE>
      </RPY_DYFLOW>
      <RPY_DYFLOW>
       <LINE>* MODULE USER_COMMAND_0500.</LINE>
      </RPY_DYFLOW>
     </FLOW_LOGIC>
     <SPACES>
      <item>0</item>
      <item>0</item>
      <item>0</item>
      <item>0</item>
      <item>0</item>
      <item>0</item>
      <item>2</item>
      <item>0</item>
     </SPACES>
    </item>
   </DYNPROS>
   <CUA>
    <ADM>
     <ACTCODE>000001</ACTCODE>
     <PFKCODE>000001</PFKCODE>
    </ADM>
    <STA>
     <RSMPE_STAT>
      <CODE>STAT1</CODE>
      <MODAL>D</MODAL>
      <ACTCODE>000001</ACTCODE>
      <PFKCODE>000001</PFKCODE>
      <BUTCODE>0001</BUTCODE>
      <INT_NOTE>STAT1</INT_NOTE>
     </RSMPE_STAT>
    </STA>
    <FUN>
     <RSMPE_FUNT>
      <CODE>CONTACT</CODE>
      <TEXTNO>001</TEXTNO>
      <TEXT_TYPE>S</TEXT_TYPE>
      <TEXT_NAME>ICON_PHONE_CALL_OUT</TEXT_NAME>
      <ICON_ID>@DW@</ICON_ID>
      <FUN_TEXT>CONTACT</FUN_TEXT>
      <ICON_TEXT>CONTACT</ICON_TEXT>
     </RSMPE_FUNT>
     <RSMPE_FUNT>
      <CODE>EXIT</CODE>
      <TEXTNO>001</TEXTNO>
      <TEXT_TYPE>S</TEXT_TYPE>
      <TEXT_NAME>ICON_PDIR_BACK</TEXT_NAME>
      <ICON_ID>@CF@</ICON_ID>
      <FUN_TEXT>EXIT</FUN_TEXT>
      <ICON_TEXT>EXIT</ICON_TEXT>
     </RSMPE_FUNT>
     <RSMPE_FUNT>
      <CODE>FIRST</CODE>
      <TEXTNO>001</TEXTNO>
      <TEXT_TYPE>S</TEXT_TYPE>
      <TEXT_NAME>ICON_FIRST_PAGE</TEXT_NAME>
      <ICON_ID>@2Y@</ICON_ID>
      <FUN_TEXT>FIRST</FUN_TEXT>
      <ICON_TEXT>FIRST</ICON_TEXT>
     </RSMPE_FUNT>
     <RSMPE_FUNT>
      <CODE>FRIST</CODE>
      <TEXTNO>001</TEXTNO>
      <TEXT_TYPE>S</TEXT_TYPE>
      <TEXT_NAME>ICON_FIRST_PAGE</TEXT_NAME>
      <ICON_ID>@2Y@</ICON_ID>
      <FUN_TEXT>FRIST</FUN_TEXT>
      <ICON_TEXT>FRIST</ICON_TEXT>
     </RSMPE_FUNT>
     <RSMPE_FUNT>
      <CODE>LAST</CODE>
      <TEXTNO>001</TEXTNO>
      <TEXT_TYPE>S</TEXT_TYPE>
      <TEXT_NAME>ICON_LAST_PAGE</TEXT_NAME>
      <ICON_ID>@31@</ICON_ID>
      <FUN_TEXT>LAST</FUN_TEXT>
      <ICON_TEXT>LAST</ICON_TEXT>
     </RSMPE_FUNT>
     <RSMPE_FUNT>
      <CODE>NEXT</CODE>
      <TEXTNO>001</TEXTNO>
      <TEXT_TYPE>S</TEXT_TYPE>
      <TEXT_NAME>ICON_NEXT_OBJECT</TEXT_NAME>
      <ICON_ID>@2S@</ICON_ID>
      <FUN_TEXT>NEXT</FUN_TEXT>
      <ICON_TEXT>NEXT</ICON_TEXT>
     </RSMPE_FUNT>
     <RSMPE_FUNT>
      <CODE>ORGANZ</CODE>
      <TEXTNO>001</TEXTNO>
      <TEXT_TYPE>S</TEXT_TYPE>
      <TEXT_NAME>ICON_SET_INTERSECTION</TEXT_NAME>
      <ICON_ID>@8C@</ICON_ID>
      <FUN_TEXT>ORGANZ</FUN_TEXT>
      <ICON_TEXT>ORGANZ</ICON_TEXT>
     </RSMPE_FUNT>
     <RSMPE_FUNT>
      <CODE>PREVIOUS</CODE>
      <TEXTNO>001</TEXTNO>
      <TEXT_TYPE>S</TEXT_TYPE>
      <TEXT_NAME>ICON_PREVIOUS_OBJECT</TEXT_NAME>
      <ICON_ID>@2R@</ICON_ID>
      <FUN_TEXT>PREVIOUS</FUN_TEXT>
      <ICON_TEXT>PREVIOUS</ICON_TEXT>
     </RSMPE_FUNT>
     <RSMPE_FUNT>
      <CODE>TRANS</CODE>
      <TEXTNO>001</TEXTNO>
      <TEXT_TYPE>S</TEXT_TYPE>
      <TEXT_NAME>ICON_START_VIEWER</TEXT_NAME>
      <ICON_ID>@Y2@</ICON_ID>
      <FUN_TEXT>TRANSACTION</FUN_TEXT>
      <ICON_TEXT>TRANSACTION ITEMS</ICON_TEXT>
     </RSMPE_FUNT>
    </FUN>
    <BUT>
     <RSMPE_BUT>
      <PFK_CODE>000001</PFK_CODE>
      <CODE>0001</CODE>
      <NO>01</NO>
      <PFNO>13</PFNO>
     </RSMPE_BUT>
     <RSMPE_BUT>
      <PFK_CODE>000001</PFK_CODE>
      <CODE>0001</CODE>
      <NO>02</NO>
      <PFNO>21</PFNO>
     </RSMPE_BUT>
     <RSMPE_BUT>
      <PFK_CODE>000001</PFK_CODE>
      <CODE>0001</CODE>
      <NO>03</NO>
      <PFNO>16</PFNO>
     </RSMPE_BUT>
     <RSMPE_BUT>
      <PFK_CODE>000001</PFK_CODE>
      <CODE>0001</CODE>
      <NO>04</NO>
      <PFNO>17</PFNO>
     </RSMPE_BUT>
     <RSMPE_BUT>
      <PFK_CODE>000001</PFK_CODE>
      <CODE>0001</CODE>
      <NO>05</NO>
      <PFNO>18</PFNO>
     </RSMPE_BUT>
     <RSMPE_BUT>
      <PFK_CODE>000001</PFK_CODE>
      <CODE>0001</CODE>
      <NO>06</NO>
      <PFNO>19</PFNO>
     </RSMPE_BUT>
     <RSMPE_BUT>
      <PFK_CODE>000001</PFK_CODE>
      <CODE>0001</CODE>
      <NO>07</NO>
      <PFNO>20</PFNO>
     </RSMPE_BUT>
     <RSMPE_BUT>
      <PFK_CODE>000001</PFK_CODE>
      <CODE>0001</CODE>
      <NO>08</NO>
      <PFNO>22</PFNO>
     </RSMPE_BUT>
    </BUT>
    <PFK>
     <RSMPE_PFK>
      <CODE>000001</CODE>
      <PFNO>13</PFNO>
      <FUNCODE>EXIT</FUNCODE>
      <FUNNO>001</FUNNO>
     </RSMPE_PFK>
     <RSMPE_PFK>
      <CODE>000001</CODE>
      <PFNO>14</PFNO>
      <FUNCODE>FRIST</FUNCODE>
      <FUNNO>001</FUNNO>
     </RSMPE_PFK>
     <RSMPE_PFK>
      <CODE>000001</CODE>
      <PFNO>16</PFNO>
      <FUNCODE>NEXT</FUNCODE>
      <FUNNO>001</FUNNO>
     </RSMPE_PFK>
     <RSMPE_PFK>
      <CODE>000001</CODE>
      <PFNO>17</PFNO>
      <FUNCODE>PREVIOUS</FUNCODE>
      <FUNNO>001</FUNNO>
     </RSMPE_PFK>
     <RSMPE_PFK>
      <CODE>000001</CODE>
      <PFNO>18</PFNO>
      <FUNCODE>LAST</FUNCODE>
      <FUNNO>001</FUNNO>
     </RSMPE_PFK>
     <RSMPE_PFK>
      <CODE>000001</CODE>
      <PFNO>19</PFNO>
      <FUNCODE>CONTACT</FUNCODE>
      <FUNNO>001</FUNNO>
     </RSMPE_PFK>
     <RSMPE_PFK>
      <CODE>000001</CODE>
      <PFNO>20</PFNO>
      <FUNCODE>ORGANZ</FUNCODE>
      <FUNNO>001</FUNNO>
     </RSMPE_PFK>
     <RSMPE_PFK>
      <CODE>000001</CODE>
      <PFNO>21</PFNO>
      <FUNCODE>FIRST</FUNCODE>
      <FUNNO>001</FUNNO>
     </RSMPE_PFK>
     <RSMPE_PFK>
      <CODE>000001</CODE>
      <PFNO>22</PFNO>
      <FUNCODE>TRANS</FUNCODE>
      <FUNNO>001</FUNNO>
     </RSMPE_PFK>
    </PFK>
    <SET>
     <RSMPE_STAF>
      <STATUS>STAT1</STATUS>
      <FUNCTION>CONTACT</FUNCTION>
     </RSMPE_STAF>
     <RSMPE_STAF>
      <STATUS>STAT1</STATUS>
      <FUNCTION>EXIT</FUNCTION>
     </RSMPE_STAF>
     <RSMPE_STAF>
      <STATUS>STAT1</STATUS>
      <FUNCTION>FIRST</FUNCTION>
     </RSMPE_STAF>
     <RSMPE_STAF>
      <STATUS>STAT1</STATUS>
      <FUNCTION>FRIST</FUNCTION>
     </RSMPE_STAF>
     <RSMPE_STAF>
      <STATUS>STAT1</STATUS>
      <FUNCTION>LAST</FUNCTION>
     </RSMPE_STAF>
     <RSMPE_STAF>
      <STATUS>STAT1</STATUS>
      <FUNCTION>NEXT</FUNCTION>
     </RSMPE_STAF>
     <RSMPE_STAF>
      <STATUS>STAT1</STATUS>
      <FUNCTION>ORGANZ</FUNCTION>
     </RSMPE_STAF>
     <RSMPE_STAF>
      <STATUS>STAT1</STATUS>
      <FUNCTION>PREVIOUS</FUNCTION>
     </RSMPE_STAF>
     <RSMPE_STAF>
      <STATUS>STAT1</STATUS>
      <FUNCTION>TRANS</FUNCTION>
     </RSMPE_STAF>
    </SET>
    <DOC>
     <RSMPE_ATRT>
      <OBJ_TYPE>A</OBJ_TYPE>
      <OBJ_CODE>000001</OBJ_CODE>
      <MODAL>D</MODAL>
      <INT_NOTE>STAT1</INT_NOTE>
     </RSMPE_ATRT>
     <RSMPE_ATRT>
      <OBJ_TYPE>P</OBJ_TYPE>
      <OBJ_CODE>000001</OBJ_CODE>
      <MODAL>D</MODAL>
      <INT_NOTE>STAT1</INT_NOTE>
     </RSMPE_ATRT>
     <RSMPE_ATRT>
      <OBJ_TYPE>B</OBJ_TYPE>
      <OBJ_CODE>000001</OBJ_CODE>
      <SUB_CODE>0001</SUB_CODE>
      <MODAL>D</MODAL>
      <INT_NOTE>STAT1</INT_NOTE>
     </RSMPE_ATRT>
    </DOC>
   </CUA>
   <TPOOL>
    <item>
     <ID>R</ID>
     <ENTRY>Program for tabstrip screen</ENTRY>
     <LENGTH>27</LENGTH>
    </item>
   </TPOOL>
  </asx:values>
 </asx:abap>
</abapGit>
