﻿<?xml version="1.0" encoding="utf-8"?>
<abapGit version="v1.0.0" serializer="LCL_OBJECT_CLAS" serializer_version="v1.0.0">
 <asx:abap xmlns:asx="http://www.sap.com/abapxml" version="1.0">
  <asx:values>
   <VSEOCLASS>
    <CLSNAME>YCL_BW_TOOLS</CLSNAME>
    <VERSION>1</VERSION>
    <LANGU>E</LANGU>
    <DESCRIPT>BW Tools</DESCRIPT>
    <EXPOSURE>2</EXPOSURE>
    <STATE>1</STATE>
    <CLSFINAL>X</CLSFINAL>
    <CLSCCINCL>X</CLSCCINCL>
    <FIXPT>X</FIXPT>
    <UNICODE>X</UNICODE>
    <WITH_UNIT_TESTS>X</WITH_UNIT_TESTS>
   </VSEOCLASS>
   <DESCRIPTIONS>
    <SEOCOMPOTX>
     <CLSNAME>YCL_BW_TOOLS</CLSNAME>
     <CMPNAME>CHECK_OPEN_FILE_AUTH</CMPNAME>
     <LANGU>E</LANGU>
     <DESCRIPT>Check authorization for file open</DESCRIPT>
    </SEOCOMPOTX>
    <SEOCOMPOTX>
     <CLSNAME>YCL_BW_TOOLS</CLSNAME>
     <CMPNAME>GET_EOM_DATE</CMPNAME>
     <LANGU>E</LANGU>
     <DESCRIPT>Get end of month date</DESCRIPT>
    </SEOCOMPOTX>
    <SEOCOMPOTX>
     <CLSNAME>YCL_BW_TOOLS</CLSNAME>
     <CMPNAME>REMOVE_NEWLINE</CMPNAME>
     <LANGU>E</LANGU>
     <DESCRIPT>Remove newline charters from string</DESCRIPT>
    </SEOCOMPOTX>
    <SEOCOMPOTX>
     <CLSNAME>YCL_BW_TOOLS</CLSNAME>
     <CMPNAME>REMOVE_WHITESPACES</CMPNAME>
     <LANGU>E</LANGU>
     <DESCRIPT>Remove whitespace from string</DESCRIPT>
    </SEOCOMPOTX>
    <SEOCOMPOTX>
     <CLSNAME>YCL_BW_TOOLS</CLSNAME>
     <CMPNAME>RUN_FUNCTION_MODULE</CMPNAME>
     <LANGU>E</LANGU>
     <DESCRIPT>Dynamic run of function module</DESCRIPT>
    </SEOCOMPOTX>
   </DESCRIPTIONS>
  </asx:values>
 </asx:abap>
</abapGit>
