﻿<?xml version="1.0" encoding="utf-8"?>
<abapGit version="v1.0.0" serializer="LCL_OBJECT_PROG" serializer_version="v1.0.0">
 <asx:abap xmlns:asx="http://www.sap.com/abapxml" version="1.0">
  <asx:values>
   <PROGDIR>
    <NAME>Z_DEMO_ALV_TABLE</NAME>
    <STATE>A</STATE>
    <VARCL>X</VARCL>
    <SUBC>1</SUBC>
    <RLOAD>E</RLOAD>
    <FIXPT>X</FIXPT>
    <UCCHECK>X</UCCHECK>
   </PROGDIR>
   <DYNPROS>
    <item>
     <HEADER>
      <PROGRAM>Z_DEMO_ALV_TABLE</PROGRAM>
      <SCREEN>9001</SCREEN>
      <LANGUAGE>E</LANGUAGE>
      <DESCRIPT>Screen for maintenance tables</DESCRIPT>
      <TYPE>N</TYPE>
      <NEXTSCREEN>9001</NEXTSCREEN>
      <LINES>055</LINES>
      <COLUMNS>240</COLUMNS>
     </HEADER>
     <CONTAINERS>
      <RPY_DYCATT>
       <TYPE>SCREEN</TYPE>
       <NAME>SCREEN</NAME>
      </RPY_DYCATT>
      <RPY_DYCATT>
       <TYPE>CUST_CTRL</TYPE>
       <NAME>ZCON</NAME>
       <ELEMENT_OF>SCREEN</ELEMENT_OF>
       <LINE>001</LINE>
       <COLUMN>001</COLUMN>
       <LENGTH>199</LENGTH>
       <HEIGHT>031</HEIGHT>
       <C_RESIZE_V>X</C_RESIZE_V>
       <C_RESIZE_H>X</C_RESIZE_H>
       <C_LINE_MIN>010</C_LINE_MIN>
       <C_COLN_MIN>100</C_COLN_MIN>
      </RPY_DYCATT>
     </CONTAINERS>
     <FIELDS>
      <RPY_DYFATC>
       <CONT_TYPE>SCREEN</CONT_TYPE>
       <CONT_NAME>SCREEN</CONT_NAME>
       <TYPE>OKCODE</TYPE>
       <NAME>OK_CODE</NAME>
       <TEXT>____________________</TEXT>
       <LENGTH>020</LENGTH>
       <VISLENGTH>020</VISLENGTH>
       <HEIGHT>001</HEIGHT>
       <FORMAT>CHAR</FORMAT>
       <INPUT_FLD>X</INPUT_FLD>
      </RPY_DYFATC>
     </FIELDS>
     <FLOW_LOGIC>
      <RPY_DYFLOW>
       <LINE>PROCESS BEFORE OUTPUT.</LINE>
      </RPY_DYFLOW>
      <RPY_DYFLOW>
       <LINE>MODULE STATUS_9001.</LINE>
      </RPY_DYFLOW>
      <RPY_DYFLOW>
       <LINE>*</LINE>
      </RPY_DYFLOW>
      <RPY_DYFLOW>
       <LINE>PROCESS AFTER INPUT.</LINE>
      </RPY_DYFLOW>
      <RPY_DYFLOW>
       <LINE>MODULE USER_COMMAND_9001.</LINE>
      </RPY_DYFLOW>
     </FLOW_LOGIC>
     <SPACES>
      <item>0</item>
      <item>1</item>
      <item>0</item>
      <item>0</item>
      <item>1</item>
     </SPACES>
    </item>
   </DYNPROS>
   <CUA>
    <ADM>
     <ACTCODE>000002</ACTCODE>
     <PFKCODE>000002</PFKCODE>
    </ADM>
    <STA>
     <RSMPE_STAT>
      <CODE>ALV</CODE>
      <MODAL>D</MODAL>
      <ACTCODE>000001</ACTCODE>
      <PFKCODE>000001</PFKCODE>
      <BUTCODE>0001</BUTCODE>
      <INT_NOTE>ALV status</INT_NOTE>
     </RSMPE_STAT>
     <RSMPE_STAT>
      <CODE>ALV1</CODE>
      <MODAL>D</MODAL>
      <ACTCODE>000002</ACTCODE>
      <PFKCODE>000002</PFKCODE>
      <BUTCODE>0001</BUTCODE>
      <INT_NOTE>ALV1 Status</INT_NOTE>
     </RSMPE_STAT>
    </STA>
    <FUN>
     <RSMPE_FUNT>
      <CODE>BACK</CODE>
      <TEXTNO>001</TEXTNO>
      <TEXT_TYPE>S</TEXT_TYPE>
      <FUN_TEXT>Back</FUN_TEXT>
     </RSMPE_FUNT>
     <RSMPE_FUNT>
      <CODE>CANCEL</CODE>
      <TEXTNO>001</TEXTNO>
      <TEXT_TYPE>S</TEXT_TYPE>
      <FUN_TEXT>Exit</FUN_TEXT>
     </RSMPE_FUNT>
     <RSMPE_FUNT>
      <CODE>CHANGE</CODE>
      <TEXTNO>001</TEXTNO>
      <TEXT_TYPE>S</TEXT_TYPE>
      <TEXT_NAME>ICON_CHANGE</TEXT_NAME>
      <ICON_ID>@0Z@</ICON_ID>
      <FUN_TEXT>CHANGE</FUN_TEXT>
     </RSMPE_FUNT>
     <RSMPE_FUNT>
      <CODE>CREATE</CODE>
      <TEXTNO>001</TEXTNO>
      <TEXT_TYPE>S</TEXT_TYPE>
      <TEXT_NAME>ICON_CREATE</TEXT_NAME>
      <ICON_ID>@0Y@</ICON_ID>
      <FUN_TEXT>CREATE</FUN_TEXT>
     </RSMPE_FUNT>
     <RSMPE_FUNT>
      <CODE>DELETE</CODE>
      <TEXTNO>001</TEXTNO>
      <TEXT_TYPE>S</TEXT_TYPE>
      <TEXT_NAME>ICON_DELETE</TEXT_NAME>
      <ICON_ID>@11@</ICON_ID>
      <FUN_TEXT>DELETE</FUN_TEXT>
     </RSMPE_FUNT>
     <RSMPE_FUNT>
      <CODE>EXIT</CODE>
      <TEXTNO>001</TEXTNO>
      <TEXT_TYPE>S</TEXT_TYPE>
      <TEXT_NAME>ICON_CANCEL</TEXT_NAME>
      <ICON_ID>@0W@</ICON_ID>
      <FUN_TEXT>Cancel</FUN_TEXT>
     </RSMPE_FUNT>
     <RSMPE_FUNT>
      <CODE>NEW</CODE>
      <TEXTNO>001</TEXTNO>
      <TEXT_TYPE>S</TEXT_TYPE>
      <TEXT_NAME>ICON_CREATE</TEXT_NAME>
      <ICON_ID>@0Y@</ICON_ID>
      <FUN_TEXT>NEW</FUN_TEXT>
     </RSMPE_FUNT>
     <RSMPE_FUNT>
      <CODE>SAVE</CODE>
      <TEXTNO>001</TEXTNO>
      <TEXT_TYPE>S</TEXT_TYPE>
      <TEXT_NAME>ICON_SYSTEM_SAVE</TEXT_NAME>
      <ICON_ID>@2L@</ICON_ID>
      <FUN_TEXT>Save</FUN_TEXT>
     </RSMPE_FUNT>
     <RSMPE_FUNT>
      <CODE>UPLOAD</CODE>
      <TEXTNO>001</TEXTNO>
      <TEXT_TYPE>S</TEXT_TYPE>
      <TEXT_NAME>ICON_XLV</TEXT_NAME>
      <ICON_ID>@J3@</ICON_ID>
      <FUN_TEXT>UPLOAD</FUN_TEXT>
     </RSMPE_FUNT>
    </FUN>
    <BUT>
     <RSMPE_BUT>
      <PFK_CODE>000001</PFK_CODE>
      <CODE>0001</CODE>
      <NO>01</NO>
      <PFNO>13</PFNO>
     </RSMPE_BUT>
     <RSMPE_BUT>
      <PFK_CODE>000001</PFK_CODE>
      <CODE>0001</CODE>
      <NO>02</NO>
      <PFNO>14</PFNO>
     </RSMPE_BUT>
     <RSMPE_BUT>
      <PFK_CODE>000002</PFK_CODE>
      <CODE>0001</CODE>
      <NO>01</NO>
      <PFNO>14</PFNO>
     </RSMPE_BUT>
     <RSMPE_BUT>
      <PFK_CODE>000002</PFK_CODE>
      <CODE>0001</CODE>
      <NO>02</NO>
      <PFNO>17</PFNO>
     </RSMPE_BUT>
     <RSMPE_BUT>
      <PFK_CODE>000002</PFK_CODE>
      <CODE>0001</CODE>
      <NO>03</NO>
      <PFNO>13</PFNO>
     </RSMPE_BUT>
     <RSMPE_BUT>
      <PFK_CODE>000002</PFK_CODE>
      <CODE>0001</CODE>
      <NO>04</NO>
      <PFNO>18</PFNO>
     </RSMPE_BUT>
    </BUT>
    <PFK>
     <RSMPE_PFK>
      <CODE>000001</CODE>
      <PFNO>03</PFNO>
      <FUNCODE>BACK</FUNCODE>
      <FUNNO>001</FUNNO>
     </RSMPE_PFK>
     <RSMPE_PFK>
      <CODE>000001</CODE>
      <PFNO>11</PFNO>
      <FUNCODE>SAVE</FUNCODE>
      <FUNNO>001</FUNNO>
     </RSMPE_PFK>
     <RSMPE_PFK>
      <CODE>000001</CODE>
      <PFNO>13</PFNO>
      <FUNCODE>CHANGE</FUNCODE>
      <FUNNO>001</FUNNO>
     </RSMPE_PFK>
     <RSMPE_PFK>
      <CODE>000001</CODE>
      <PFNO>14</PFNO>
      <FUNCODE>UPLOAD</FUNCODE>
      <FUNNO>001</FUNNO>
     </RSMPE_PFK>
     <RSMPE_PFK>
      <CODE>000002</CODE>
      <PFNO>03</PFNO>
      <FUNCODE>BACK</FUNCODE>
      <FUNNO>001</FUNNO>
     </RSMPE_PFK>
     <RSMPE_PFK>
      <CODE>000002</CODE>
      <PFNO>11</PFNO>
      <FUNCODE>SAVE</FUNCODE>
      <FUNNO>001</FUNNO>
     </RSMPE_PFK>
     <RSMPE_PFK>
      <CODE>000002</CODE>
      <PFNO>12</PFNO>
      <FUNCODE>EXIT</FUNCODE>
      <FUNNO>001</FUNNO>
     </RSMPE_PFK>
     <RSMPE_PFK>
      <CODE>000002</CODE>
      <PFNO>13</PFNO>
      <FUNCODE>DELETE</FUNCODE>
      <FUNNO>001</FUNNO>
     </RSMPE_PFK>
     <RSMPE_PFK>
      <CODE>000002</CODE>
      <PFNO>14</PFNO>
      <FUNCODE>CHANGE</FUNCODE>
      <FUNNO>001</FUNNO>
     </RSMPE_PFK>
     <RSMPE_PFK>
      <CODE>000002</CODE>
      <PFNO>15</PFNO>
      <FUNCODE>CANCEL</FUNCODE>
      <FUNNO>001</FUNNO>
     </RSMPE_PFK>
     <RSMPE_PFK>
      <CODE>000002</CODE>
      <PFNO>16</PFNO>
      <FUNCODE>CREATE</FUNCODE>
      <FUNNO>001</FUNNO>
     </RSMPE_PFK>
     <RSMPE_PFK>
      <CODE>000002</CODE>
      <PFNO>17</PFNO>
      <FUNCODE>NEW</FUNCODE>
      <FUNNO>001</FUNNO>
     </RSMPE_PFK>
     <RSMPE_PFK>
      <CODE>000002</CODE>
      <PFNO>18</PFNO>
      <FUNCODE>UPLOAD</FUNCODE>
      <FUNNO>001</FUNNO>
     </RSMPE_PFK>
    </PFK>
    <SET>
     <RSMPE_STAF>
      <STATUS>ALV</STATUS>
      <FUNCTION>BACK</FUNCTION>
     </RSMPE_STAF>
     <RSMPE_STAF>
      <STATUS>ALV</STATUS>
      <FUNCTION>CHANGE</FUNCTION>
     </RSMPE_STAF>
     <RSMPE_STAF>
      <STATUS>ALV</STATUS>
      <FUNCTION>SAVE</FUNCTION>
     </RSMPE_STAF>
     <RSMPE_STAF>
      <STATUS>ALV</STATUS>
      <FUNCTION>UPLOAD</FUNCTION>
     </RSMPE_STAF>
     <RSMPE_STAF>
      <STATUS>ALV1</STATUS>
      <FUNCTION>BACK</FUNCTION>
     </RSMPE_STAF>
     <RSMPE_STAF>
      <STATUS>ALV1</STATUS>
      <FUNCTION>CANCEL</FUNCTION>
     </RSMPE_STAF>
     <RSMPE_STAF>
      <STATUS>ALV1</STATUS>
      <FUNCTION>CHANGE</FUNCTION>
     </RSMPE_STAF>
     <RSMPE_STAF>
      <STATUS>ALV1</STATUS>
      <FUNCTION>CREATE</FUNCTION>
     </RSMPE_STAF>
     <RSMPE_STAF>
      <STATUS>ALV1</STATUS>
      <FUNCTION>DELETE</FUNCTION>
     </RSMPE_STAF>
     <RSMPE_STAF>
      <STATUS>ALV1</STATUS>
      <FUNCTION>EXIT</FUNCTION>
     </RSMPE_STAF>
     <RSMPE_STAF>
      <STATUS>ALV1</STATUS>
      <FUNCTION>NEW</FUNCTION>
     </RSMPE_STAF>
     <RSMPE_STAF>
      <STATUS>ALV1</STATUS>
      <FUNCTION>SAVE</FUNCTION>
     </RSMPE_STAF>
     <RSMPE_STAF>
      <STATUS>ALV1</STATUS>
      <FUNCTION>UPLOAD</FUNCTION>
     </RSMPE_STAF>
    </SET>
    <DOC>
     <RSMPE_ATRT>
      <OBJ_TYPE>A</OBJ_TYPE>
      <OBJ_CODE>000001</OBJ_CODE>
      <MODAL>D</MODAL>
      <INT_NOTE>ALV status</INT_NOTE>
     </RSMPE_ATRT>
     <RSMPE_ATRT>
      <OBJ_TYPE>P</OBJ_TYPE>
      <OBJ_CODE>000001</OBJ_CODE>
      <MODAL>D</MODAL>
      <INT_NOTE>ALV status</INT_NOTE>
     </RSMPE_ATRT>
     <RSMPE_ATRT>
      <OBJ_TYPE>B</OBJ_TYPE>
      <OBJ_CODE>000001</OBJ_CODE>
      <SUB_CODE>0001</SUB_CODE>
      <MODAL>D</MODAL>
      <INT_NOTE>ALV status</INT_NOTE>
     </RSMPE_ATRT>
     <RSMPE_ATRT>
      <OBJ_TYPE>A</OBJ_TYPE>
      <OBJ_CODE>000002</OBJ_CODE>
      <MODAL>D</MODAL>
      <INT_NOTE>ALV1 Status</INT_NOTE>
     </RSMPE_ATRT>
     <RSMPE_ATRT>
      <OBJ_TYPE>P</OBJ_TYPE>
      <OBJ_CODE>000002</OBJ_CODE>
      <MODAL>D</MODAL>
      <INT_NOTE>ALV1 Status</INT_NOTE>
     </RSMPE_ATRT>
     <RSMPE_ATRT>
      <OBJ_TYPE>B</OBJ_TYPE>
      <OBJ_CODE>000002</OBJ_CODE>
      <SUB_CODE>0001</SUB_CODE>
      <MODAL>D</MODAL>
      <INT_NOTE>ALV1 Status</INT_NOTE>
     </RSMPE_ATRT>
    </DOC>
   </CUA>
   <TPOOL>
    <item>
     <ID>I</ID>
     <KEY>100</KEY>
     <ENTRY>Views</ENTRY>
     <LENGTH>15</LENGTH>
    </item>
    <item>
     <ID>I</ID>
     <KEY>101</KEY>
     <ENTRY>DISPLAY</ENTRY>
     <LENGTH>17</LENGTH>
    </item>
    <item>
     <ID>I</ID>
     <KEY>102</KEY>
     <ENTRY>CHANGE</ENTRY>
     <LENGTH>16</LENGTH>
    </item>
    <item>
     <ID>I</ID>
     <KEY>103</KEY>
     <ENTRY>UPLOAD</ENTRY>
     <LENGTH>16</LENGTH>
    </item>
    <item>
     <ID>I</ID>
     <KEY>S01</KEY>
     <ENTRY>RECORD(S) SAVE</ENTRY>
     <LENGTH>24</LENGTH>
    </item>
    <item>
     <ID>I</ID>
     <KEY>S02</KEY>
     <ENTRY>NO CHANGE MADE</ENTRY>
     <LENGTH>24</LENGTH>
    </item>
    <item>
     <ID>I</ID>
     <KEY>S03</KEY>
     <ENTRY>PLEASE SELECT ROW(S) FIRST</ENTRY>
     <LENGTH>52</LENGTH>
    </item>
    <item>
     <ID>R</ID>
     <ENTRY>Create, Modify and Delete entries dynamically from any custom table</ENTRY>
     <LENGTH>70</LENGTH>
    </item>
   </TPOOL>
  </asx:values>
 </asx:abap>
</abapGit>
