﻿<?xml version="1.0" encoding="utf-8"?>
<abapGit version="v1.0.0" serializer="LCL_OBJECT_ENHO" serializer_version="v1.0.0">
 <asx:abap xmlns:asx="http://www.sap.com/abapxml" version="1.0">
  <asx:values>
   <TOOL>HOOK_IMPL</TOOL>
   <SHORTTEXT>Graph display for object</SHORTTEXT>
   <ORIGINAL_OBJECT>
    <PGMID>R3TR</PGMID>
    <ORG_OBJ_TYPE>CLAS</ORG_OBJ_TYPE>
    <ORG_OBJ_NAME>CL_TPDA_TOOL_OBJECT_VIEW</ORG_OBJ_NAME>
    <ORG_MAIN_TYPE>CLAS</ORG_MAIN_TYPE>
    <ORG_MAIN_NAME>CL_TPDA_TOOL_OBJECT_VIEW</ORG_MAIN_NAME>
    <PROGRAMNAME>CL_TPDA_TOOL_OBJECT_VIEW======CP</PROGRAMNAME>
   </ORIGINAL_OBJECT>
   <ENHANCEMENTS>
    <ENH_HOOK_IMPL>
     <PROGRAMNAME>CL_TPDA_TOOL_OBJECT_VIEW======CP</PROGRAMNAME>
     <EXTID>1</EXTID>
     <ID>1</ID>
     <ENHMODE>D</ENHMODE>
     <FULL_NAME>\TY:CL_TPDA_TOOL_OBJECT_VIEW\IN:IF_TPDA_TOOL_SERVICES\ME:BUILD_SERVICES_MENUE\SE:END\EI</FULL_NAME>
     <SOURCE>
      <item>DATA l_zz_node LIKE LINE OF p_it_menue_tree.</item>
      <item>CLEAR l_zz_node.</item>
      <item/>
      <item>l_zz_node-node_key  = &apos;ZOBJEXPORTGR&apos;.</item>
      <item>l_zz_node-relatkey  = cl_tpda_services_tools=&gt;c_special.</item>
      <item>l_zz_node-n_image   = cl_tpda_icons=&gt;TPDA_ICON_EDITOR_VIEW.</item>
      <item>l_zz_node-relatship = cl_gui_simple_tree=&gt;relat_last_child.</item>
      <item>l_zz_node-text      = &apos;View object as graph&apos;.</item>
      <item/>
      <item>APPEND l_zz_node TO p_it_menue_tree.</item>
     </SOURCE>
    </ENH_HOOK_IMPL>
    <ENH_HOOK_IMPL>
     <PROGRAMNAME>CL_TPDA_TOOL_OBJECT_VIEW======CP</PROGRAMNAME>
     <EXTID>2</EXTID>
     <ID>2</ID>
     <ENHMODE>D</ENHMODE>
     <FULL_NAME>\TY:CL_TPDA_TOOL_OBJECT_VIEW\IN:IF_TPDA_TOOL_SERVICES\ME:HANDLE_SERVICE_REQUEST\SE:BEGIN\EI</FULL_NAME>
     <SOURCE>
      <item>data:  zzl_node_key like line of p_it_selected_node,</item>
      <item>zdebgr type ref to ZCL_DEBUG_OBJ_TO_GRAPH,</item>
      <item>zz_exception       type ref to cx_root.</item>
      <item>read table p_it_selected_node INTO zzl_node_key  INDEX 1.</item>
      <item>if zzl_node_key = &apos;ZOBJEXPORTGR&apos;.</item>
      <item>try.</item>
      <item>create object zdebgr.</item>
      <item>zdebgr-&gt;display_graph( dynp_vars-object_name_real   ).</item>
      <item>catch cx_sy_no_handler into zz_exception .</item>
      <item>message zz_exception-&gt;previous  type &apos;I&apos;.</item>
      <item>catch cx_root into zz_exception .</item>
      <item>message zz_exception  type &apos;I&apos;.</item>
      <item>endtry.</item>
      <item>exit.</item>
      <item>endif.</item>
     </SOURCE>
    </ENH_HOOK_IMPL>
   </ENHANCEMENTS>
   <SPACES>
    <item>
     <FULL_NAME>\TY:CL_TPDA_TOOL_OBJECT_VIEW\IN:IF_TPDA_TOOL_SERVICES\ME:BUILD_SERVICES_MENUE\SE:END\EI</FULL_NAME>
     <SPACES>
      <item>1</item>
      <item>1</item>
      <item>0</item>
      <item>1</item>
      <item>1</item>
      <item>1</item>
      <item>1</item>
      <item>1</item>
      <item>0</item>
      <item>1</item>
     </SPACES>
    </item>
    <item>
     <FULL_NAME>\TY:CL_TPDA_TOOL_OBJECT_VIEW\IN:IF_TPDA_TOOL_SERVICES\ME:HANDLE_SERVICE_REQUEST\SE:BEGIN\EI</FULL_NAME>
     <SPACES>
      <item>2</item>
      <item>14</item>
      <item>14</item>
      <item>3</item>
      <item>4</item>
      <item>6</item>
      <item>8</item>
      <item>8</item>
      <item>4</item>
      <item>7</item>
      <item>4</item>
      <item>7</item>
      <item>4</item>
      <item>4</item>
      <item>2</item>
     </SPACES>
    </item>
   </SPACES>
  </asx:values>
 </asx:abap>
</abapGit>
