﻿<?xml version="1.0" encoding="utf-8"?>
<abapGit version="v1.0.0" serializer="LCL_OBJECT_DTEL" serializer_version="v1.0.0">
 <asx:abap xmlns:asx="http://www.sap.com/abapxml" version="1.0">
  <asx:values>
   <DD04V>
    <ROLLNAME>ZACC_CUST_CLASS</ROLLNAME>
    <DDLANGUAGE>E</DDLANGUAGE>
    <DOMNAME>ZACC_CUST_CLASS</DOMNAME>
    <LOGFLAG>X</LOGFLAG>
    <SCRLEN1>10</SCRLEN1>
    <SCRLEN2>20</SCRLEN2>
    <SCRLEN3>25</SCRLEN3>
    <DDTEXT>Custom Account Class</DDTEXT>
    <SCRTEXT_S>CustAccCls</SCRTEXT_S>
    <SCRTEXT_M>Custom Account Class</SCRTEXT_M>
    <SCRTEXT_L>Custom Account Class</SCRTEXT_L>
    <DTELMASTER>E</DTELMASTER>
    <REFKIND>D</REFKIND>
   </DD04V>
  </asx:values>
 </asx:abap>
</abapGit>
