﻿<?xml version="1.0" encoding="utf-8"?>
<abapGit version="v1.0.0" serializer="LCL_OBJECT_CLAS" serializer_version="v1.0.0">
 <asx:abap xmlns:asx="http://www.sap.com/abapxml" version="1.0">
  <asx:values>
   <VSEOCLASS>
    <CLSNAME>ZCL_EXCEL</CLSNAME>
    <VERSION>1</VERSION>
    <LANGU>E</LANGU>
    <DESCRIPT>Excel creator</DESCRIPT>
    <EXPOSURE>2</EXPOSURE>
    <STATE>1</STATE>
    <CLSCCINCL>X</CLSCCINCL>
    <FIXPT>X</FIXPT>
    <UNICODE>X</UNICODE>
   </VSEOCLASS>
   <TPOOL>
    <item>
     <ID>I</ID>
     <KEY>001</KEY>
     <ENTRY>Worksheet not existing</ENTRY>
     <LENGTH>30</LENGTH>
    </item>
    <item>
     <ID>I</ID>
     <KEY>002</KEY>
     <ENTRY>Deleting last remaining worksheet is not allowed</ENTRY>
     <LENGTH>60</LENGTH>
    </item>
   </TPOOL>
   <DESCRIPTIONS>
    <SEOCOMPOTX>
     <CLSNAME>ZCL_EXCEL</CLSNAME>
     <CMPNAME>ADD_NEW_AUTOFILTER</CMPNAME>
     <LANGU>E</LANGU>
     <DESCRIPT>Create a new autofilter</DESCRIPT>
    </SEOCOMPOTX>
    <SEOCOMPOTX>
     <CLSNAME>ZCL_EXCEL</CLSNAME>
     <CMPNAME>ADD_NEW_AUTOFILTER</CMPNAME>
     <LANGU>I</LANGU>
     <DESCRIPT>Create a new autofilter</DESCRIPT>
    </SEOCOMPOTX>
    <SEOCOMPOTX>
     <CLSNAME>ZCL_EXCEL</CLSNAME>
     <CMPNAME>ADD_NEW_DRAWING</CMPNAME>
     <LANGU>E</LANGU>
     <DESCRIPT>Create a new drawing</DESCRIPT>
    </SEOCOMPOTX>
    <SEOCOMPOTX>
     <CLSNAME>ZCL_EXCEL</CLSNAME>
     <CMPNAME>ADD_NEW_DRAWING</CMPNAME>
     <LANGU>I</LANGU>
     <DESCRIPT>Create a new drawing</DESCRIPT>
    </SEOCOMPOTX>
    <SEOCOMPOTX>
     <CLSNAME>ZCL_EXCEL</CLSNAME>
     <CMPNAME>ADD_NEW_RANGE</CMPNAME>
     <LANGU>E</LANGU>
     <DESCRIPT>Create a new range</DESCRIPT>
    </SEOCOMPOTX>
    <SEOCOMPOTX>
     <CLSNAME>ZCL_EXCEL</CLSNAME>
     <CMPNAME>ADD_NEW_RANGE</CMPNAME>
     <LANGU>I</LANGU>
     <DESCRIPT>Create a new range</DESCRIPT>
    </SEOCOMPOTX>
    <SEOCOMPOTX>
     <CLSNAME>ZCL_EXCEL</CLSNAME>
     <CMPNAME>ADD_NEW_STYLE</CMPNAME>
     <LANGU>E</LANGU>
     <DESCRIPT>Create a new style</DESCRIPT>
    </SEOCOMPOTX>
    <SEOCOMPOTX>
     <CLSNAME>ZCL_EXCEL</CLSNAME>
     <CMPNAME>ADD_NEW_STYLE</CMPNAME>
     <LANGU>I</LANGU>
     <DESCRIPT>Create a new style</DESCRIPT>
    </SEOCOMPOTX>
    <SEOCOMPOTX>
     <CLSNAME>ZCL_EXCEL</CLSNAME>
     <CMPNAME>ADD_NEW_WORKSHEET</CMPNAME>
     <LANGU>E</LANGU>
     <DESCRIPT>Create a new worksheet</DESCRIPT>
    </SEOCOMPOTX>
    <SEOCOMPOTX>
     <CLSNAME>ZCL_EXCEL</CLSNAME>
     <CMPNAME>ADD_NEW_WORKSHEET</CMPNAME>
     <LANGU>I</LANGU>
     <DESCRIPT>Create a new worksheet</DESCRIPT>
    </SEOCOMPOTX>
    <SEOCOMPOTX>
     <CLSNAME>ZCL_EXCEL</CLSNAME>
     <CMPNAME>ADD_STATIC_STYLES</CMPNAME>
     <LANGU>E</LANGU>
     <DESCRIPT>Add static styles to styles iterator</DESCRIPT>
    </SEOCOMPOTX>
    <SEOCOMPOTX>
     <CLSNAME>ZCL_EXCEL</CLSNAME>
     <CMPNAME>ADD_STATIC_STYLES</CMPNAME>
     <LANGU>I</LANGU>
     <DESCRIPT>Add static styles to styles iterator</DESCRIPT>
    </SEOCOMPOTX>
    <SEOCOMPOTX>
     <CLSNAME>ZCL_EXCEL</CLSNAME>
     <CMPNAME>AUTOFILTERS</CMPNAME>
     <LANGU>E</LANGU>
     <DESCRIPT>Autofilters collection</DESCRIPT>
    </SEOCOMPOTX>
    <SEOCOMPOTX>
     <CLSNAME>ZCL_EXCEL</CLSNAME>
     <CMPNAME>AUTOFILTERS</CMPNAME>
     <LANGU>I</LANGU>
     <DESCRIPT>Autofilters collection</DESCRIPT>
    </SEOCOMPOTX>
    <SEOCOMPOTX>
     <CLSNAME>ZCL_EXCEL</CLSNAME>
     <CMPNAME>CHARTS</CMPNAME>
     <LANGU>E</LANGU>
     <DESCRIPT>Charts collection</DESCRIPT>
    </SEOCOMPOTX>
    <SEOCOMPOTX>
     <CLSNAME>ZCL_EXCEL</CLSNAME>
     <CMPNAME>CHARTS</CMPNAME>
     <LANGU>I</LANGU>
     <DESCRIPT>Charts collection</DESCRIPT>
    </SEOCOMPOTX>
    <SEOCOMPOTX>
     <CLSNAME>ZCL_EXCEL</CLSNAME>
     <CMPNAME>CONSTRUCTOR</CMPNAME>
     <LANGU>E</LANGU>
     <DESCRIPT>CONSTRUCTOR</DESCRIPT>
    </SEOCOMPOTX>
    <SEOCOMPOTX>
     <CLSNAME>ZCL_EXCEL</CLSNAME>
     <CMPNAME>CONSTRUCTOR</CMPNAME>
     <LANGU>I</LANGU>
     <DESCRIPT>CONSTRUCTOR</DESCRIPT>
    </SEOCOMPOTX>
    <SEOCOMPOTX>
     <CLSNAME>ZCL_EXCEL</CLSNAME>
     <CMPNAME>DEFAULT_STYLE</CMPNAME>
     <LANGU>E</LANGU>
     <DESCRIPT>Style identifier</DESCRIPT>
    </SEOCOMPOTX>
    <SEOCOMPOTX>
     <CLSNAME>ZCL_EXCEL</CLSNAME>
     <CMPNAME>DEFAULT_STYLE</CMPNAME>
     <LANGU>I</LANGU>
     <DESCRIPT>Style identifier</DESCRIPT>
    </SEOCOMPOTX>
    <SEOCOMPOTX>
     <CLSNAME>ZCL_EXCEL</CLSNAME>
     <CMPNAME>DELETE_WORKSHEET</CMPNAME>
     <LANGU>E</LANGU>
     <DESCRIPT>Delete worksheet</DESCRIPT>
    </SEOCOMPOTX>
    <SEOCOMPOTX>
     <CLSNAME>ZCL_EXCEL</CLSNAME>
     <CMPNAME>DELETE_WORKSHEET_BY_INDEX</CMPNAME>
     <LANGU>E</LANGU>
     <DESCRIPT>Delete worksheet by index</DESCRIPT>
    </SEOCOMPOTX>
    <SEOCOMPOTX>
     <CLSNAME>ZCL_EXCEL</CLSNAME>
     <CMPNAME>DELETE_WORKSHEET_BY_NAME</CMPNAME>
     <LANGU>E</LANGU>
     <DESCRIPT>Delete worksheet by name</DESCRIPT>
    </SEOCOMPOTX>
    <SEOCOMPOTX>
     <CLSNAME>ZCL_EXCEL</CLSNAME>
     <CMPNAME>DRAWINGS</CMPNAME>
     <LANGU>E</LANGU>
     <DESCRIPT>Drawings collection</DESCRIPT>
    </SEOCOMPOTX>
    <SEOCOMPOTX>
     <CLSNAME>ZCL_EXCEL</CLSNAME>
     <CMPNAME>DRAWINGS</CMPNAME>
     <LANGU>I</LANGU>
     <DESCRIPT>Worksheets collection</DESCRIPT>
    </SEOCOMPOTX>
    <SEOCOMPOTX>
     <CLSNAME>ZCL_EXCEL</CLSNAME>
     <CMPNAME>GET_ACTIVE_SHEET_INDEX</CMPNAME>
     <LANGU>E</LANGU>
     <DESCRIPT>Get active worksheet  index</DESCRIPT>
    </SEOCOMPOTX>
    <SEOCOMPOTX>
     <CLSNAME>ZCL_EXCEL</CLSNAME>
     <CMPNAME>GET_ACTIVE_SHEET_INDEX</CMPNAME>
     <LANGU>I</LANGU>
     <DESCRIPT>Get active worksheet  index</DESCRIPT>
    </SEOCOMPOTX>
    <SEOCOMPOTX>
     <CLSNAME>ZCL_EXCEL</CLSNAME>
     <CMPNAME>GET_ACTIVE_WORKSHEET</CMPNAME>
     <LANGU>E</LANGU>
     <DESCRIPT>Get active worksheet</DESCRIPT>
    </SEOCOMPOTX>
    <SEOCOMPOTX>
     <CLSNAME>ZCL_EXCEL</CLSNAME>
     <CMPNAME>GET_ACTIVE_WORKSHEET</CMPNAME>
     <LANGU>I</LANGU>
     <DESCRIPT>Get active worksheet</DESCRIPT>
    </SEOCOMPOTX>
    <SEOCOMPOTX>
     <CLSNAME>ZCL_EXCEL</CLSNAME>
     <CMPNAME>GET_AUTOFILTERS_REFERENCE</CMPNAME>
     <LANGU>E</LANGU>
     <DESCRIPT>Get filter reference</DESCRIPT>
    </SEOCOMPOTX>
    <SEOCOMPOTX>
     <CLSNAME>ZCL_EXCEL</CLSNAME>
     <CMPNAME>GET_AUTOFILTERS_REFERENCE</CMPNAME>
     <LANGU>I</LANGU>
     <DESCRIPT>Get filter reference</DESCRIPT>
    </SEOCOMPOTX>
    <SEOCOMPOTX>
     <CLSNAME>ZCL_EXCEL</CLSNAME>
     <CMPNAME>GET_DEFAULT_STYLE</CMPNAME>
     <LANGU>E</LANGU>
     <DESCRIPT>Get default style</DESCRIPT>
    </SEOCOMPOTX>
    <SEOCOMPOTX>
     <CLSNAME>ZCL_EXCEL</CLSNAME>
     <CMPNAME>GET_DEFAULT_STYLE</CMPNAME>
     <LANGU>I</LANGU>
     <DESCRIPT>Get default style</DESCRIPT>
    </SEOCOMPOTX>
    <SEOCOMPOTX>
     <CLSNAME>ZCL_EXCEL</CLSNAME>
     <CMPNAME>GET_DRAWINGS_ITERATOR</CMPNAME>
     <LANGU>E</LANGU>
     <DESCRIPT>Get drawing iterator</DESCRIPT>
    </SEOCOMPOTX>
    <SEOCOMPOTX>
     <CLSNAME>ZCL_EXCEL</CLSNAME>
     <CMPNAME>GET_DRAWINGS_ITERATOR</CMPNAME>
     <LANGU>I</LANGU>
     <DESCRIPT>Get drawing iterator</DESCRIPT>
    </SEOCOMPOTX>
    <SEOCOMPOTX>
     <CLSNAME>ZCL_EXCEL</CLSNAME>
     <CMPNAME>GET_NEXT_TABLE_ID</CMPNAME>
     <LANGU>E</LANGU>
     <DESCRIPT>Get table ID unique across sheets</DESCRIPT>
    </SEOCOMPOTX>
    <SEOCOMPOTX>
     <CLSNAME>ZCL_EXCEL</CLSNAME>
     <CMPNAME>GET_NEXT_TABLE_ID</CMPNAME>
     <LANGU>I</LANGU>
     <DESCRIPT>Get table ID unique across sheets</DESCRIPT>
    </SEOCOMPOTX>
    <SEOCOMPOTX>
     <CLSNAME>ZCL_EXCEL</CLSNAME>
     <CMPNAME>GET_RANGES_ITERATOR</CMPNAME>
     <LANGU>E</LANGU>
     <DESCRIPT>Get ranges iterator</DESCRIPT>
    </SEOCOMPOTX>
    <SEOCOMPOTX>
     <CLSNAME>ZCL_EXCEL</CLSNAME>
     <CMPNAME>GET_RANGES_ITERATOR</CMPNAME>
     <LANGU>I</LANGU>
     <DESCRIPT>Get ranges iterator</DESCRIPT>
    </SEOCOMPOTX>
    <SEOCOMPOTX>
     <CLSNAME>ZCL_EXCEL</CLSNAME>
     <CMPNAME>GET_STATIC_CELLSTYLE_GUID</CMPNAME>
     <LANGU>E</LANGU>
     <DESCRIPT>Get GUID for static cellstyle</DESCRIPT>
    </SEOCOMPOTX>
    <SEOCOMPOTX>
     <CLSNAME>ZCL_EXCEL</CLSNAME>
     <CMPNAME>GET_STATIC_CELLSTYLE_GUID</CMPNAME>
     <LANGU>I</LANGU>
     <DESCRIPT>Get GUID for static cellstyle</DESCRIPT>
    </SEOCOMPOTX>
    <SEOCOMPOTX>
     <CLSNAME>ZCL_EXCEL</CLSNAME>
     <CMPNAME>GET_STYLES_ITERATOR</CMPNAME>
     <LANGU>E</LANGU>
     <DESCRIPT>Get styles iterator</DESCRIPT>
    </SEOCOMPOTX>
    <SEOCOMPOTX>
     <CLSNAME>ZCL_EXCEL</CLSNAME>
     <CMPNAME>GET_STYLES_ITERATOR</CMPNAME>
     <LANGU>I</LANGU>
     <DESCRIPT>Get styles iterator</DESCRIPT>
    </SEOCOMPOTX>
    <SEOCOMPOTX>
     <CLSNAME>ZCL_EXCEL</CLSNAME>
     <CMPNAME>GET_STYLE_INDEX_IN_STYLES</CMPNAME>
     <LANGU>E</LANGU>
     <DESCRIPT>Get index of style in styles</DESCRIPT>
    </SEOCOMPOTX>
    <SEOCOMPOTX>
     <CLSNAME>ZCL_EXCEL</CLSNAME>
     <CMPNAME>GET_STYLE_INDEX_IN_STYLES</CMPNAME>
     <LANGU>I</LANGU>
     <DESCRIPT>Get index of style in styles</DESCRIPT>
    </SEOCOMPOTX>
    <SEOCOMPOTX>
     <CLSNAME>ZCL_EXCEL</CLSNAME>
     <CMPNAME>GET_STYLE_TO_GUID</CMPNAME>
     <LANGU>E</LANGU>
     <DESCRIPT>Get style(structure) for guid</DESCRIPT>
    </SEOCOMPOTX>
    <SEOCOMPOTX>
     <CLSNAME>ZCL_EXCEL</CLSNAME>
     <CMPNAME>GET_STYLE_TO_GUID</CMPNAME>
     <LANGU>I</LANGU>
     <DESCRIPT>Get style(structure) for guid</DESCRIPT>
    </SEOCOMPOTX>
    <SEOCOMPOTX>
     <CLSNAME>ZCL_EXCEL</CLSNAME>
     <CMPNAME>GET_THEME</CMPNAME>
     <LANGU>E</LANGU>
     <DESCRIPT>Gets theme</DESCRIPT>
    </SEOCOMPOTX>
    <SEOCOMPOTX>
     <CLSNAME>ZCL_EXCEL</CLSNAME>
     <CMPNAME>GET_WORKSHEETS_ITERATOR</CMPNAME>
     <LANGU>E</LANGU>
     <DESCRIPT>Get worksheets iterator</DESCRIPT>
    </SEOCOMPOTX>
    <SEOCOMPOTX>
     <CLSNAME>ZCL_EXCEL</CLSNAME>
     <CMPNAME>GET_WORKSHEETS_ITERATOR</CMPNAME>
     <LANGU>I</LANGU>
     <DESCRIPT>Get worksheets iterator</DESCRIPT>
    </SEOCOMPOTX>
    <SEOCOMPOTX>
     <CLSNAME>ZCL_EXCEL</CLSNAME>
     <CMPNAME>GET_WORKSHEETS_NAME</CMPNAME>
     <LANGU>E</LANGU>
     <DESCRIPT>Returns the name of worksheets</DESCRIPT>
    </SEOCOMPOTX>
    <SEOCOMPOTX>
     <CLSNAME>ZCL_EXCEL</CLSNAME>
     <CMPNAME>GET_WORKSHEETS_NAME</CMPNAME>
     <LANGU>I</LANGU>
     <DESCRIPT>Returns the name of worksheets</DESCRIPT>
    </SEOCOMPOTX>
    <SEOCOMPOTX>
     <CLSNAME>ZCL_EXCEL</CLSNAME>
     <CMPNAME>GET_WORKSHEETS_SIZE</CMPNAME>
     <LANGU>E</LANGU>
     <DESCRIPT>Returns the number of worksheets</DESCRIPT>
    </SEOCOMPOTX>
    <SEOCOMPOTX>
     <CLSNAME>ZCL_EXCEL</CLSNAME>
     <CMPNAME>GET_WORKSHEETS_SIZE</CMPNAME>
     <LANGU>I</LANGU>
     <DESCRIPT>Returns the number of worksheets</DESCRIPT>
    </SEOCOMPOTX>
    <SEOCOMPOTX>
     <CLSNAME>ZCL_EXCEL</CLSNAME>
     <CMPNAME>GET_WORKSHEET_BY_INDEX</CMPNAME>
     <LANGU>E</LANGU>
     <DESCRIPT>Get worksheet by index</DESCRIPT>
    </SEOCOMPOTX>
    <SEOCOMPOTX>
     <CLSNAME>ZCL_EXCEL</CLSNAME>
     <CMPNAME>GET_WORKSHEET_BY_NAME</CMPNAME>
     <LANGU>E</LANGU>
     <DESCRIPT>Get worksheet by name</DESCRIPT>
    </SEOCOMPOTX>
    <SEOCOMPOTX>
     <CLSNAME>ZCL_EXCEL</CLSNAME>
     <CMPNAME>GET_WORKSHEET_BY_NAME</CMPNAME>
     <LANGU>I</LANGU>
     <DESCRIPT>Get worksheet by name</DESCRIPT>
    </SEOCOMPOTX>
    <SEOCOMPOTX>
     <CLSNAME>ZCL_EXCEL</CLSNAME>
     <CMPNAME>RANGES</CMPNAME>
     <LANGU>E</LANGU>
     <DESCRIPT>Ranges collection</DESCRIPT>
    </SEOCOMPOTX>
    <SEOCOMPOTX>
     <CLSNAME>ZCL_EXCEL</CLSNAME>
     <CMPNAME>RANGES</CMPNAME>
     <LANGU>I</LANGU>
     <DESCRIPT>Ranges collection</DESCRIPT>
    </SEOCOMPOTX>
    <SEOCOMPOTX>
     <CLSNAME>ZCL_EXCEL</CLSNAME>
     <CMPNAME>SECURITY</CMPNAME>
     <LANGU>E</LANGU>
     <DESCRIPT>Security</DESCRIPT>
    </SEOCOMPOTX>
    <SEOCOMPOTX>
     <CLSNAME>ZCL_EXCEL</CLSNAME>
     <CMPNAME>SECURITY</CMPNAME>
     <LANGU>I</LANGU>
     <DESCRIPT>Security</DESCRIPT>
    </SEOCOMPOTX>
    <SEOCOMPOTX>
     <CLSNAME>ZCL_EXCEL</CLSNAME>
     <CMPNAME>SET_ACTIVE_SHEET_INDEX</CMPNAME>
     <LANGU>E</LANGU>
     <DESCRIPT>Set active worksheet  index</DESCRIPT>
    </SEOCOMPOTX>
    <SEOCOMPOTX>
     <CLSNAME>ZCL_EXCEL</CLSNAME>
     <CMPNAME>SET_ACTIVE_SHEET_INDEX</CMPNAME>
     <LANGU>I</LANGU>
     <DESCRIPT>Set active worksheet  index</DESCRIPT>
    </SEOCOMPOTX>
    <SEOCOMPOTX>
     <CLSNAME>ZCL_EXCEL</CLSNAME>
     <CMPNAME>SET_ACTIVE_SHEET_INDEX_BY_NAME</CMPNAME>
     <LANGU>E</LANGU>
     <DESCRIPT>Set active worksheet index by name</DESCRIPT>
    </SEOCOMPOTX>
    <SEOCOMPOTX>
     <CLSNAME>ZCL_EXCEL</CLSNAME>
     <CMPNAME>SET_ACTIVE_SHEET_INDEX_BY_NAME</CMPNAME>
     <LANGU>I</LANGU>
     <DESCRIPT>Set active worksheet index by name</DESCRIPT>
    </SEOCOMPOTX>
    <SEOCOMPOTX>
     <CLSNAME>ZCL_EXCEL</CLSNAME>
     <CMPNAME>SET_DEFAULT_STYLE</CMPNAME>
     <LANGU>E</LANGU>
     <DESCRIPT>Set default style</DESCRIPT>
    </SEOCOMPOTX>
    <SEOCOMPOTX>
     <CLSNAME>ZCL_EXCEL</CLSNAME>
     <CMPNAME>SET_DEFAULT_STYLE</CMPNAME>
     <LANGU>I</LANGU>
     <DESCRIPT>Set default style</DESCRIPT>
    </SEOCOMPOTX>
    <SEOCOMPOTX>
     <CLSNAME>ZCL_EXCEL</CLSNAME>
     <CMPNAME>SET_THEME</CMPNAME>
     <LANGU>E</LANGU>
     <DESCRIPT>Sets theme</DESCRIPT>
    </SEOCOMPOTX>
    <SEOCOMPOTX>
     <CLSNAME>ZCL_EXCEL</CLSNAME>
     <CMPNAME>STYLEMAPPING_DYNAMIC_STYLE</CMPNAME>
     <LANGU>E</LANGU>
     <DESCRIPT>Convert dynamic style to static styleentry</DESCRIPT>
    </SEOCOMPOTX>
    <SEOCOMPOTX>
     <CLSNAME>ZCL_EXCEL</CLSNAME>
     <CMPNAME>STYLEMAPPING_DYNAMIC_STYLE</CMPNAME>
     <LANGU>I</LANGU>
     <DESCRIPT>Convert dynamic style to static stlyeentry</DESCRIPT>
    </SEOCOMPOTX>
    <SEOCOMPOTX>
     <CLSNAME>ZCL_EXCEL</CLSNAME>
     <CMPNAME>STYLES</CMPNAME>
     <LANGU>E</LANGU>
     <DESCRIPT>Styles collection</DESCRIPT>
    </SEOCOMPOTX>
    <SEOCOMPOTX>
     <CLSNAME>ZCL_EXCEL</CLSNAME>
     <CMPNAME>STYLES</CMPNAME>
     <LANGU>I</LANGU>
     <DESCRIPT>Styles collection</DESCRIPT>
    </SEOCOMPOTX>
    <SEOCOMPOTX>
     <CLSNAME>ZCL_EXCEL</CLSNAME>
     <CMPNAME>THEME</CMPNAME>
     <LANGU>E</LANGU>
     <DESCRIPT>Theme</DESCRIPT>
    </SEOCOMPOTX>
    <SEOCOMPOTX>
     <CLSNAME>ZCL_EXCEL</CLSNAME>
     <CMPNAME>T_STYLEMAPPING1</CMPNAME>
     <LANGU>E</LANGU>
     <DESCRIPT>Stylemapping:  Values -&gt; GUID</DESCRIPT>
    </SEOCOMPOTX>
    <SEOCOMPOTX>
     <CLSNAME>ZCL_EXCEL</CLSNAME>
     <CMPNAME>T_STYLEMAPPING1</CMPNAME>
     <LANGU>I</LANGU>
     <DESCRIPT>Stylemapping:  Values -&gt; GUID</DESCRIPT>
    </SEOCOMPOTX>
    <SEOCOMPOTX>
     <CLSNAME>ZCL_EXCEL</CLSNAME>
     <CMPNAME>T_STYLEMAPPING2</CMPNAME>
     <LANGU>E</LANGU>
     <DESCRIPT>Stylemapping:  GUID -&gt; Values</DESCRIPT>
    </SEOCOMPOTX>
    <SEOCOMPOTX>
     <CLSNAME>ZCL_EXCEL</CLSNAME>
     <CMPNAME>T_STYLEMAPPING2</CMPNAME>
     <LANGU>I</LANGU>
     <DESCRIPT>Stylemapping:  GUID -&gt; Values</DESCRIPT>
    </SEOCOMPOTX>
    <SEOCOMPOTX>
     <CLSNAME>ZCL_EXCEL</CLSNAME>
     <CMPNAME>USE_TEMPLATE</CMPNAME>
     <LANGU>E</LANGU>
     <DESCRIPT>Checkbox</DESCRIPT>
    </SEOCOMPOTX>
    <SEOCOMPOTX>
     <CLSNAME>ZCL_EXCEL</CLSNAME>
     <CMPNAME>USE_TEMPLATE</CMPNAME>
     <LANGU>I</LANGU>
     <DESCRIPT>Checkbox</DESCRIPT>
    </SEOCOMPOTX>
    <SEOCOMPOTX>
     <CLSNAME>ZCL_EXCEL</CLSNAME>
     <CMPNAME>VERSION</CMPNAME>
     <LANGU>E</LANGU>
     <DESCRIPT>abap2xlsx version</DESCRIPT>
    </SEOCOMPOTX>
    <SEOCOMPOTX>
     <CLSNAME>ZCL_EXCEL</CLSNAME>
     <CMPNAME>WORKSHEETS</CMPNAME>
     <LANGU>E</LANGU>
     <DESCRIPT>Worksheets collection</DESCRIPT>
    </SEOCOMPOTX>
    <SEOCOMPOTX>
     <CLSNAME>ZCL_EXCEL</CLSNAME>
     <CMPNAME>WORKSHEETS</CMPNAME>
     <LANGU>I</LANGU>
     <DESCRIPT>Worksheets collection</DESCRIPT>
    </SEOCOMPOTX>
   </DESCRIPTIONS>
  </asx:values>
 </asx:abap>
</abapGit>
