﻿<?xml version="1.0" encoding="utf-8"?>
<abapGit version="v1.0.0" serializer="LCL_OBJECT_CLAS" serializer_version="v1.0.0">
 <asx:abap xmlns:asx="http://www.sap.com/abapxml" version="1.0">
  <asx:values>
   <VSEOCLASS>
    <CLSNAME>ZCL_EXCEL_WORKSHEET</CLSNAME>
    <VERSION>1</VERSION>
    <LANGU>E</LANGU>
    <DESCRIPT>Worksheet</DESCRIPT>
    <EXPOSURE>2</EXPOSURE>
    <STATE>1</STATE>
    <CLSCCINCL>X</CLSCCINCL>
    <FIXPT>X</FIXPT>
    <UNICODE>X</UNICODE>
   </VSEOCLASS>
   <TPOOL>
    <item>
     <ID>I</ID>
     <KEY>001</KEY>
     <ENTRY>Sheet</ENTRY>
     <LENGTH>132</LENGTH>
    </item>
    <item>
     <ID>I</ID>
     <KEY>400</KEY>
     <ENTRY>Table overlaps with previously bound table and will not be added to worksheet.</ENTRY>
     <LENGTH>132</LENGTH>
    </item>
    <item>
     <ID>I</ID>
     <KEY>401</KEY>
     <ENTRY>Invalid range supplied for print-title repeatable columns</ENTRY>
     <LENGTH>132</LENGTH>
    </item>
    <item>
     <ID>I</ID>
     <KEY>402</KEY>
     <ENTRY>Found illegal character in sheetname. List of forbidden characters: /\[]*?:</ENTRY>
     <LENGTH>132</LENGTH>
    </item>
    <item>
     <ID>I</ID>
     <KEY>403</KEY>
     <ENTRY>Sheetname may not start with &amp;</ENTRY>
     <LENGTH>132</LENGTH>
    </item>
    <item>
     <ID>I</ID>
     <KEY>404</KEY>
     <ENTRY>Overlapping merges</ENTRY>
     <LENGTH>60</LENGTH>
    </item>
    <item>
     <ID>I</ID>
     <KEY>405</KEY>
     <ENTRY>Merge: First row larger then last row</ENTRY>
     <LENGTH>60</LENGTH>
    </item>
    <item>
     <ID>I</ID>
     <KEY>406</KEY>
     <ENTRY>Merge: First column larger then last column</ENTRY>
     <LENGTH>60</LENGTH>
    </item>
   </TPOOL>
   <DESCRIPTIONS>
    <SEOCOMPOTX>
     <CLSNAME>ZCL_EXCEL_WORKSHEET</CLSNAME>
     <CMPNAME>ACTIVE_CELL</CMPNAME>
     <LANGU>E</LANGU>
     <DESCRIPT>Version Number Component</DESCRIPT>
    </SEOCOMPOTX>
    <SEOCOMPOTX>
     <CLSNAME>ZCL_EXCEL_WORKSHEET</CLSNAME>
     <CMPNAME>ACTIVE_CELL</CMPNAME>
     <LANGU>I</LANGU>
     <DESCRIPT>Version Number Component</DESCRIPT>
    </SEOCOMPOTX>
    <SEOCOMPOTX>
     <CLSNAME>ZCL_EXCEL_WORKSHEET</CLSNAME>
     <CMPNAME>ADD_DRAWING</CMPNAME>
     <LANGU>E</LANGU>
     <DESCRIPT>Add drawing to the sheet</DESCRIPT>
    </SEOCOMPOTX>
    <SEOCOMPOTX>
     <CLSNAME>ZCL_EXCEL_WORKSHEET</CLSNAME>
     <CMPNAME>ADD_DRAWING</CMPNAME>
     <LANGU>I</LANGU>
     <DESCRIPT>Add drawing to the sheet</DESCRIPT>
    </SEOCOMPOTX>
    <SEOCOMPOTX>
     <CLSNAME>ZCL_EXCEL_WORKSHEET</CLSNAME>
     <CMPNAME>ADD_NEW_CONDITIONAL_STYLE</CMPNAME>
     <LANGU>E</LANGU>
     <DESCRIPT>Creates a new conditional formatting</DESCRIPT>
    </SEOCOMPOTX>
    <SEOCOMPOTX>
     <CLSNAME>ZCL_EXCEL_WORKSHEET</CLSNAME>
     <CMPNAME>ADD_NEW_CONDITIONAL_STYLE</CMPNAME>
     <LANGU>I</LANGU>
     <DESCRIPT>Creates a new conditional formatting</DESCRIPT>
    </SEOCOMPOTX>
    <SEOCOMPOTX>
     <CLSNAME>ZCL_EXCEL_WORKSHEET</CLSNAME>
     <CMPNAME>ADD_NEW_DATA_VALIDATION</CMPNAME>
     <LANGU>E</LANGU>
     <DESCRIPT>Creates a new data validation</DESCRIPT>
    </SEOCOMPOTX>
    <SEOCOMPOTX>
     <CLSNAME>ZCL_EXCEL_WORKSHEET</CLSNAME>
     <CMPNAME>ADD_NEW_DATA_VALIDATION</CMPNAME>
     <LANGU>I</LANGU>
     <DESCRIPT>Creates a new data validation</DESCRIPT>
    </SEOCOMPOTX>
    <SEOCOMPOTX>
     <CLSNAME>ZCL_EXCEL_WORKSHEET</CLSNAME>
     <CMPNAME>ADD_NEW_RANGE</CMPNAME>
     <LANGU>E</LANGU>
     <DESCRIPT>Create a new local range</DESCRIPT>
    </SEOCOMPOTX>
    <SEOCOMPOTX>
     <CLSNAME>ZCL_EXCEL_WORKSHEET</CLSNAME>
     <CMPNAME>ADD_NEW_RANGE</CMPNAME>
     <LANGU>I</LANGU>
     <DESCRIPT>Create a new local range</DESCRIPT>
    </SEOCOMPOTX>
    <SEOCOMPOTX>
     <CLSNAME>ZCL_EXCEL_WORKSHEET</CLSNAME>
     <CMPNAME>BIND_ALV</CMPNAME>
     <LANGU>E</LANGU>
     <DESCRIPT>Set cell value from ALV object</DESCRIPT>
    </SEOCOMPOTX>
    <SEOCOMPOTX>
     <CLSNAME>ZCL_EXCEL_WORKSHEET</CLSNAME>
     <CMPNAME>BIND_ALV</CMPNAME>
     <LANGU>I</LANGU>
     <DESCRIPT>Set cell value from ALV object</DESCRIPT>
    </SEOCOMPOTX>
    <SEOCOMPOTX>
     <CLSNAME>ZCL_EXCEL_WORKSHEET</CLSNAME>
     <CMPNAME>BIND_ALV_OLE2</CMPNAME>
     <LANGU>E</LANGU>
     <DESCRIPT>Set cell value from ALV object (OLE2)</DESCRIPT>
    </SEOCOMPOTX>
    <SEOCOMPOTX>
     <CLSNAME>ZCL_EXCEL_WORKSHEET</CLSNAME>
     <CMPNAME>BIND_ALV_OLE2</CMPNAME>
     <LANGU>I</LANGU>
     <DESCRIPT>Set cell value from ALV object (OLE2)</DESCRIPT>
    </SEOCOMPOTX>
    <SEOCOMPOTX>
     <CLSNAME>ZCL_EXCEL_WORKSHEET</CLSNAME>
     <CMPNAME>BIND_TABLE</CMPNAME>
     <LANGU>E</LANGU>
     <DESCRIPT>Set cell value from a table</DESCRIPT>
    </SEOCOMPOTX>
    <SEOCOMPOTX>
     <CLSNAME>ZCL_EXCEL_WORKSHEET</CLSNAME>
     <CMPNAME>BIND_TABLE</CMPNAME>
     <LANGU>I</LANGU>
     <DESCRIPT>Set cell value from a table</DESCRIPT>
    </SEOCOMPOTX>
    <SEOCOMPOTX>
     <CLSNAME>ZCL_EXCEL_WORKSHEET</CLSNAME>
     <CMPNAME>CALCULATE_CELL_WIDTH</CMPNAME>
     <LANGU>E</LANGU>
     <DESCRIPT>Calculate width of cell</DESCRIPT>
    </SEOCOMPOTX>
    <SEOCOMPOTX>
     <CLSNAME>ZCL_EXCEL_WORKSHEET</CLSNAME>
     <CMPNAME>CALCULATE_CELL_WIDTH</CMPNAME>
     <LANGU>I</LANGU>
     <DESCRIPT>Calculate width of cell</DESCRIPT>
    </SEOCOMPOTX>
    <SEOCOMPOTX>
     <CLSNAME>ZCL_EXCEL_WORKSHEET</CLSNAME>
     <CMPNAME>CALCULATE_COLUMN_WIDTHS</CMPNAME>
     <LANGU>E</LANGU>
     <DESCRIPT>Calculate widths for auto-size columns</DESCRIPT>
    </SEOCOMPOTX>
    <SEOCOMPOTX>
     <CLSNAME>ZCL_EXCEL_WORKSHEET</CLSNAME>
     <CMPNAME>CALCULATE_COLUMN_WIDTHS</CMPNAME>
     <LANGU>I</LANGU>
     <DESCRIPT>Calculate widths for auto-size columns</DESCRIPT>
    </SEOCOMPOTX>
    <SEOCOMPOTX>
     <CLSNAME>ZCL_EXCEL_WORKSHEET</CLSNAME>
     <CMPNAME>CHANGE_CELL_STYLE</CMPNAME>
     <LANGU>E</LANGU>
     <DESCRIPT>Change cell style</DESCRIPT>
    </SEOCOMPOTX>
    <SEOCOMPOTX>
     <CLSNAME>ZCL_EXCEL_WORKSHEET</CLSNAME>
     <CMPNAME>CHANGE_CELL_STYLE</CMPNAME>
     <LANGU>I</LANGU>
     <DESCRIPT>Change cell style</DESCRIPT>
    </SEOCOMPOTX>
    <SEOCOMPOTX>
     <CLSNAME>ZCL_EXCEL_WORKSHEET</CLSNAME>
     <CMPNAME>CHARTS</CMPNAME>
     <LANGU>E</LANGU>
     <DESCRIPT>Charts collection</DESCRIPT>
    </SEOCOMPOTX>
    <SEOCOMPOTX>
     <CLSNAME>ZCL_EXCEL_WORKSHEET</CLSNAME>
     <CMPNAME>CHARTS</CMPNAME>
     <LANGU>I</LANGU>
     <DESCRIPT>Charts collection</DESCRIPT>
    </SEOCOMPOTX>
    <SEOCOMPOTX>
     <CLSNAME>ZCL_EXCEL_WORKSHEET</CLSNAME>
     <CMPNAME>COLUMN_DIMENSIONS</CMPNAME>
     <LANGU>E</LANGU>
     <DESCRIPT>Collection of column dimensions</DESCRIPT>
    </SEOCOMPOTX>
    <SEOCOMPOTX>
     <CLSNAME>ZCL_EXCEL_WORKSHEET</CLSNAME>
     <CMPNAME>COLUMN_DIMENSIONS</CMPNAME>
     <LANGU>I</LANGU>
     <DESCRIPT>Collection of column dimensions</DESCRIPT>
    </SEOCOMPOTX>
    <SEOCOMPOTX>
     <CLSNAME>ZCL_EXCEL_WORKSHEET</CLSNAME>
     <CMPNAME>CONDITIONAL_STYLES</CMPNAME>
     <LANGU>E</LANGU>
     <DESCRIPT>Styles conditional collection</DESCRIPT>
    </SEOCOMPOTX>
    <SEOCOMPOTX>
     <CLSNAME>ZCL_EXCEL_WORKSHEET</CLSNAME>
     <CMPNAME>CONDITIONAL_STYLES</CMPNAME>
     <LANGU>I</LANGU>
     <DESCRIPT>Styles conditional collection</DESCRIPT>
    </SEOCOMPOTX>
    <SEOCOMPOTX>
     <CLSNAME>ZCL_EXCEL_WORKSHEET</CLSNAME>
     <CMPNAME>CONSTRUCTOR</CMPNAME>
     <LANGU>E</LANGU>
     <DESCRIPT>CONSTRUCTOR</DESCRIPT>
    </SEOCOMPOTX>
    <SEOCOMPOTX>
     <CLSNAME>ZCL_EXCEL_WORKSHEET</CLSNAME>
     <CMPNAME>CONSTRUCTOR</CMPNAME>
     <LANGU>I</LANGU>
     <DESCRIPT>CONSTRUCTOR</DESCRIPT>
    </SEOCOMPOTX>
    <SEOCOMPOTX>
     <CLSNAME>ZCL_EXCEL_WORKSHEET</CLSNAME>
     <CMPNAME>C_BREAK_COLUMN</CMPNAME>
     <LANGU>E</LANGU>
     <DESCRIPT>Worksheet Break</DESCRIPT>
    </SEOCOMPOTX>
    <SEOCOMPOTX>
     <CLSNAME>ZCL_EXCEL_WORKSHEET</CLSNAME>
     <CMPNAME>C_BREAK_COLUMN</CMPNAME>
     <LANGU>I</LANGU>
     <DESCRIPT>Worksheet Break</DESCRIPT>
    </SEOCOMPOTX>
    <SEOCOMPOTX>
     <CLSNAME>ZCL_EXCEL_WORKSHEET</CLSNAME>
     <CMPNAME>C_BREAK_NONE</CMPNAME>
     <LANGU>E</LANGU>
     <DESCRIPT>Worksheet Break</DESCRIPT>
    </SEOCOMPOTX>
    <SEOCOMPOTX>
     <CLSNAME>ZCL_EXCEL_WORKSHEET</CLSNAME>
     <CMPNAME>C_BREAK_NONE</CMPNAME>
     <LANGU>I</LANGU>
     <DESCRIPT>Worksheet Break</DESCRIPT>
    </SEOCOMPOTX>
    <SEOCOMPOTX>
     <CLSNAME>ZCL_EXCEL_WORKSHEET</CLSNAME>
     <CMPNAME>C_BREAK_ROW</CMPNAME>
     <LANGU>E</LANGU>
     <DESCRIPT>Worksheet Break</DESCRIPT>
    </SEOCOMPOTX>
    <SEOCOMPOTX>
     <CLSNAME>ZCL_EXCEL_WORKSHEET</CLSNAME>
     <CMPNAME>C_BREAK_ROW</CMPNAME>
     <LANGU>I</LANGU>
     <DESCRIPT>Worksheet Break</DESCRIPT>
    </SEOCOMPOTX>
    <SEOCOMPOTX>
     <CLSNAME>ZCL_EXCEL_WORKSHEET</CLSNAME>
     <CMPNAME>DATA_VALIDATIONS</CMPNAME>
     <LANGU>E</LANGU>
     <DESCRIPT>Data validations collection</DESCRIPT>
    </SEOCOMPOTX>
    <SEOCOMPOTX>
     <CLSNAME>ZCL_EXCEL_WORKSHEET</CLSNAME>
     <CMPNAME>DATA_VALIDATIONS</CMPNAME>
     <LANGU>I</LANGU>
     <DESCRIPT>Data validations collection</DESCRIPT>
    </SEOCOMPOTX>
    <SEOCOMPOTX>
     <CLSNAME>ZCL_EXCEL_WORKSHEET</CLSNAME>
     <CMPNAME>DEFAULT_COLUMN_DIMENSION</CMPNAME>
     <LANGU>E</LANGU>
     <DESCRIPT>Worksheet ColumnDimension</DESCRIPT>
    </SEOCOMPOTX>
    <SEOCOMPOTX>
     <CLSNAME>ZCL_EXCEL_WORKSHEET</CLSNAME>
     <CMPNAME>DEFAULT_COLUMN_DIMENSION</CMPNAME>
     <LANGU>I</LANGU>
     <DESCRIPT>Worksheet ColumnDimension</DESCRIPT>
    </SEOCOMPOTX>
    <SEOCOMPOTX>
     <CLSNAME>ZCL_EXCEL_WORKSHEET</CLSNAME>
     <CMPNAME>DEFAULT_EXCEL_DATE_FORMAT</CMPNAME>
     <LANGU>E</LANGU>
     <DESCRIPT>Date format used in case style is not provide for D fields</DESCRIPT>
    </SEOCOMPOTX>
    <SEOCOMPOTX>
     <CLSNAME>ZCL_EXCEL_WORKSHEET</CLSNAME>
     <CMPNAME>DEFAULT_EXCEL_DATE_FORMAT</CMPNAME>
     <LANGU>I</LANGU>
     <DESCRIPT>Date format used in case style is not provide for D fields</DESCRIPT>
    </SEOCOMPOTX>
    <SEOCOMPOTX>
     <CLSNAME>ZCL_EXCEL_WORKSHEET</CLSNAME>
     <CMPNAME>DEFAULT_EXCEL_TIME_FORMAT</CMPNAME>
     <LANGU>E</LANGU>
     <DESCRIPT>Date format used in case style is not provide for D fields</DESCRIPT>
    </SEOCOMPOTX>
    <SEOCOMPOTX>
     <CLSNAME>ZCL_EXCEL_WORKSHEET</CLSNAME>
     <CMPNAME>DEFAULT_EXCEL_TIME_FORMAT</CMPNAME>
     <LANGU>I</LANGU>
     <DESCRIPT>Date format used in case style is not provide for D fields</DESCRIPT>
    </SEOCOMPOTX>
    <SEOCOMPOTX>
     <CLSNAME>ZCL_EXCEL_WORKSHEET</CLSNAME>
     <CMPNAME>DEFAULT_ROW_DIMENSION</CMPNAME>
     <LANGU>E</LANGU>
     <DESCRIPT>Worksheet RowDimension</DESCRIPT>
    </SEOCOMPOTX>
    <SEOCOMPOTX>
     <CLSNAME>ZCL_EXCEL_WORKSHEET</CLSNAME>
     <CMPNAME>DEFAULT_ROW_DIMENSION</CMPNAME>
     <LANGU>I</LANGU>
     <DESCRIPT>Worksheet RowDimension</DESCRIPT>
    </SEOCOMPOTX>
    <SEOCOMPOTX>
     <CLSNAME>ZCL_EXCEL_WORKSHEET</CLSNAME>
     <CMPNAME>DELETE_MERGE</CMPNAME>
     <LANGU>E</LANGU>
     <DESCRIPT>Delete the used merges</DESCRIPT>
    </SEOCOMPOTX>
    <SEOCOMPOTX>
     <CLSNAME>ZCL_EXCEL_WORKSHEET</CLSNAME>
     <CMPNAME>DELETE_MERGE</CMPNAME>
     <LANGU>I</LANGU>
     <DESCRIPT>Delete the used merges</DESCRIPT>
    </SEOCOMPOTX>
    <SEOCOMPOTX>
     <CLSNAME>ZCL_EXCEL_WORKSHEET</CLSNAME>
     <CMPNAME>DELETE_ROW_OUTLINE</CMPNAME>
     <LANGU>E</LANGU>
     <DESCRIPT>Delete an outline for rows</DESCRIPT>
    </SEOCOMPOTX>
    <SEOCOMPOTX>
     <CLSNAME>ZCL_EXCEL_WORKSHEET</CLSNAME>
     <CMPNAME>DRAWINGS</CMPNAME>
     <LANGU>E</LANGU>
     <DESCRIPT>Drawings collection</DESCRIPT>
    </SEOCOMPOTX>
    <SEOCOMPOTX>
     <CLSNAME>ZCL_EXCEL_WORKSHEET</CLSNAME>
     <CMPNAME>DRAWINGS</CMPNAME>
     <LANGU>I</LANGU>
     <DESCRIPT>Drawings collection</DESCRIPT>
    </SEOCOMPOTX>
    <SEOCOMPOTX>
     <CLSNAME>ZCL_EXCEL_WORKSHEET</CLSNAME>
     <CMPNAME>FREEZE_PANES</CMPNAME>
     <LANGU>E</LANGU>
     <DESCRIPT>Freeze panes for supplied number of rows and/or columns</DESCRIPT>
    </SEOCOMPOTX>
    <SEOCOMPOTX>
     <CLSNAME>ZCL_EXCEL_WORKSHEET</CLSNAME>
     <CMPNAME>FREEZE_PANES</CMPNAME>
     <LANGU>I</LANGU>
     <DESCRIPT>Freeze panes for supplied number of rows and/or columns</DESCRIPT>
    </SEOCOMPOTX>
    <SEOCOMPOTX>
     <CLSNAME>ZCL_EXCEL_WORKSHEET</CLSNAME>
     <CMPNAME>FREEZE_PANE_CELL_COLUMN</CMPNAME>
     <LANGU>E</LANGU>
     <DESCRIPT>Cell Column</DESCRIPT>
    </SEOCOMPOTX>
    <SEOCOMPOTX>
     <CLSNAME>ZCL_EXCEL_WORKSHEET</CLSNAME>
     <CMPNAME>FREEZE_PANE_CELL_COLUMN</CMPNAME>
     <LANGU>I</LANGU>
     <DESCRIPT>Cell Column</DESCRIPT>
    </SEOCOMPOTX>
    <SEOCOMPOTX>
     <CLSNAME>ZCL_EXCEL_WORKSHEET</CLSNAME>
     <CMPNAME>FREEZE_PANE_CELL_ROW</CMPNAME>
     <LANGU>E</LANGU>
     <DESCRIPT>Cell Row</DESCRIPT>
    </SEOCOMPOTX>
    <SEOCOMPOTX>
     <CLSNAME>ZCL_EXCEL_WORKSHEET</CLSNAME>
     <CMPNAME>FREEZE_PANE_CELL_ROW</CMPNAME>
     <LANGU>I</LANGU>
     <DESCRIPT>Cell Row</DESCRIPT>
    </SEOCOMPOTX>
    <SEOCOMPOTX>
     <CLSNAME>ZCL_EXCEL_WORKSHEET</CLSNAME>
     <CMPNAME>GENERATE_TITLE</CMPNAME>
     <LANGU>E</LANGU>
     <DESCRIPT>Generate title for worksheet (called if none is supplied )</DESCRIPT>
    </SEOCOMPOTX>
    <SEOCOMPOTX>
     <CLSNAME>ZCL_EXCEL_WORKSHEET</CLSNAME>
     <CMPNAME>GENERATE_TITLE</CMPNAME>
     <LANGU>I</LANGU>
     <DESCRIPT>Generate title for worksheet (called if none is supplied )</DESCRIPT>
    </SEOCOMPOTX>
    <SEOCOMPOTX>
     <CLSNAME>ZCL_EXCEL_WORKSHEET</CLSNAME>
     <CMPNAME>GET_ACTIVE_CELL</CMPNAME>
     <LANGU>E</LANGU>
     <DESCRIPT>Get used range dimension</DESCRIPT>
    </SEOCOMPOTX>
    <SEOCOMPOTX>
     <CLSNAME>ZCL_EXCEL_WORKSHEET</CLSNAME>
     <CMPNAME>GET_ACTIVE_CELL</CMPNAME>
     <LANGU>I</LANGU>
     <DESCRIPT>Get used range dimension</DESCRIPT>
    </SEOCOMPOTX>
    <SEOCOMPOTX>
     <CLSNAME>ZCL_EXCEL_WORKSHEET</CLSNAME>
     <CMPNAME>GET_CELL</CMPNAME>
     <LANGU>E</LANGU>
     <DESCRIPT>Get cell value</DESCRIPT>
    </SEOCOMPOTX>
    <SEOCOMPOTX>
     <CLSNAME>ZCL_EXCEL_WORKSHEET</CLSNAME>
     <CMPNAME>GET_CELL</CMPNAME>
     <LANGU>I</LANGU>
     <DESCRIPT>Get cell value</DESCRIPT>
    </SEOCOMPOTX>
    <SEOCOMPOTX>
     <CLSNAME>ZCL_EXCEL_WORKSHEET</CLSNAME>
     <CMPNAME>GET_COLUMN_DIMENSION</CMPNAME>
     <LANGU>E</LANGU>
     <DESCRIPT>Get column dimension at a specific column</DESCRIPT>
    </SEOCOMPOTX>
    <SEOCOMPOTX>
     <CLSNAME>ZCL_EXCEL_WORKSHEET</CLSNAME>
     <CMPNAME>GET_COLUMN_DIMENSION</CMPNAME>
     <LANGU>I</LANGU>
     <DESCRIPT>Get column dimension at a specific column</DESCRIPT>
    </SEOCOMPOTX>
    <SEOCOMPOTX>
     <CLSNAME>ZCL_EXCEL_WORKSHEET</CLSNAME>
     <CMPNAME>GET_COLUMN_DIMENSIONS</CMPNAME>
     <LANGU>E</LANGU>
     <DESCRIPT>Get column dimensions</DESCRIPT>
    </SEOCOMPOTX>
    <SEOCOMPOTX>
     <CLSNAME>ZCL_EXCEL_WORKSHEET</CLSNAME>
     <CMPNAME>GET_COLUMN_DIMENSIONS</CMPNAME>
     <LANGU>I</LANGU>
     <DESCRIPT>Get column dimensions</DESCRIPT>
    </SEOCOMPOTX>
    <SEOCOMPOTX>
     <CLSNAME>ZCL_EXCEL_WORKSHEET</CLSNAME>
     <CMPNAME>GET_COND_STYLES_ITERATOR</CMPNAME>
     <LANGU>E</LANGU>
     <DESCRIPT>Get conditional styles iterator</DESCRIPT>
    </SEOCOMPOTX>
    <SEOCOMPOTX>
     <CLSNAME>ZCL_EXCEL_WORKSHEET</CLSNAME>
     <CMPNAME>GET_COND_STYLES_ITERATOR</CMPNAME>
     <LANGU>I</LANGU>
     <DESCRIPT>Get conditional styles iterator</DESCRIPT>
    </SEOCOMPOTX>
    <SEOCOMPOTX>
     <CLSNAME>ZCL_EXCEL_WORKSHEET</CLSNAME>
     <CMPNAME>GET_DATA_VALIDATIONS_ITERATOR</CMPNAME>
     <LANGU>E</LANGU>
     <DESCRIPT>Get conditional styles iterator</DESCRIPT>
    </SEOCOMPOTX>
    <SEOCOMPOTX>
     <CLSNAME>ZCL_EXCEL_WORKSHEET</CLSNAME>
     <CMPNAME>GET_DATA_VALIDATIONS_ITERATOR</CMPNAME>
     <LANGU>I</LANGU>
     <DESCRIPT>Get conditional styles iterator</DESCRIPT>
    </SEOCOMPOTX>
    <SEOCOMPOTX>
     <CLSNAME>ZCL_EXCEL_WORKSHEET</CLSNAME>
     <CMPNAME>GET_DATA_VALIDATIONS_SIZE</CMPNAME>
     <LANGU>E</LANGU>
     <DESCRIPT>Get the number of data validation objects</DESCRIPT>
    </SEOCOMPOTX>
    <SEOCOMPOTX>
     <CLSNAME>ZCL_EXCEL_WORKSHEET</CLSNAME>
     <CMPNAME>GET_DATA_VALIDATIONS_SIZE</CMPNAME>
     <LANGU>I</LANGU>
     <DESCRIPT>Get the number of data validation objects</DESCRIPT>
    </SEOCOMPOTX>
    <SEOCOMPOTX>
     <CLSNAME>ZCL_EXCEL_WORKSHEET</CLSNAME>
     <CMPNAME>GET_DEFAULT_COLUMN_DIMENSION</CMPNAME>
     <LANGU>E</LANGU>
     <DESCRIPT>Get column dimension at a specific column</DESCRIPT>
    </SEOCOMPOTX>
    <SEOCOMPOTX>
     <CLSNAME>ZCL_EXCEL_WORKSHEET</CLSNAME>
     <CMPNAME>GET_DEFAULT_COLUMN_DIMENSION</CMPNAME>
     <LANGU>I</LANGU>
     <DESCRIPT>Get column dimension at a specific column</DESCRIPT>
    </SEOCOMPOTX>
    <SEOCOMPOTX>
     <CLSNAME>ZCL_EXCEL_WORKSHEET</CLSNAME>
     <CMPNAME>GET_DEFAULT_EXCEL_DATE_FORMAT</CMPNAME>
     <LANGU>E</LANGU>
     <DESCRIPT>Gets default date format</DESCRIPT>
    </SEOCOMPOTX>
    <SEOCOMPOTX>
     <CLSNAME>ZCL_EXCEL_WORKSHEET</CLSNAME>
     <CMPNAME>GET_DEFAULT_EXCEL_DATE_FORMAT</CMPNAME>
     <LANGU>I</LANGU>
     <DESCRIPT>Gets default date format</DESCRIPT>
    </SEOCOMPOTX>
    <SEOCOMPOTX>
     <CLSNAME>ZCL_EXCEL_WORKSHEET</CLSNAME>
     <CMPNAME>GET_DEFAULT_EXCEL_TIME_FORMAT</CMPNAME>
     <LANGU>E</LANGU>
     <DESCRIPT>Gets default time format</DESCRIPT>
    </SEOCOMPOTX>
    <SEOCOMPOTX>
     <CLSNAME>ZCL_EXCEL_WORKSHEET</CLSNAME>
     <CMPNAME>GET_DEFAULT_EXCEL_TIME_FORMAT</CMPNAME>
     <LANGU>I</LANGU>
     <DESCRIPT>Gets default time format</DESCRIPT>
    </SEOCOMPOTX>
    <SEOCOMPOTX>
     <CLSNAME>ZCL_EXCEL_WORKSHEET</CLSNAME>
     <CMPNAME>GET_DEFAULT_ROW_DIMENSION</CMPNAME>
     <LANGU>E</LANGU>
     <DESCRIPT>Get column dimension at a specific column</DESCRIPT>
    </SEOCOMPOTX>
    <SEOCOMPOTX>
     <CLSNAME>ZCL_EXCEL_WORKSHEET</CLSNAME>
     <CMPNAME>GET_DEFAULT_ROW_DIMENSION</CMPNAME>
     <LANGU>I</LANGU>
     <DESCRIPT>Get column dimension at a specific column</DESCRIPT>
    </SEOCOMPOTX>
    <SEOCOMPOTX>
     <CLSNAME>ZCL_EXCEL_WORKSHEET</CLSNAME>
     <CMPNAME>GET_DIMENSION_RANGE</CMPNAME>
     <LANGU>E</LANGU>
     <DESCRIPT>Get used range dimension</DESCRIPT>
    </SEOCOMPOTX>
    <SEOCOMPOTX>
     <CLSNAME>ZCL_EXCEL_WORKSHEET</CLSNAME>
     <CMPNAME>GET_DIMENSION_RANGE</CMPNAME>
     <LANGU>I</LANGU>
     <DESCRIPT>Get used range dimension</DESCRIPT>
    </SEOCOMPOTX>
    <SEOCOMPOTX>
     <CLSNAME>ZCL_EXCEL_WORKSHEET</CLSNAME>
     <CMPNAME>GET_DRAWINGS</CMPNAME>
     <LANGU>E</LANGU>
     <DESCRIPT>Gets drawing attached to the sheet</DESCRIPT>
    </SEOCOMPOTX>
    <SEOCOMPOTX>
     <CLSNAME>ZCL_EXCEL_WORKSHEET</CLSNAME>
     <CMPNAME>GET_DRAWINGS</CMPNAME>
     <LANGU>I</LANGU>
     <DESCRIPT>Gets drawing attached to the sheet</DESCRIPT>
    </SEOCOMPOTX>
    <SEOCOMPOTX>
     <CLSNAME>ZCL_EXCEL_WORKSHEET</CLSNAME>
     <CMPNAME>GET_DRAWINGS_ITERATOR</CMPNAME>
     <LANGU>E</LANGU>
     <DESCRIPT>Get iterator for drawings collection</DESCRIPT>
    </SEOCOMPOTX>
    <SEOCOMPOTX>
     <CLSNAME>ZCL_EXCEL_WORKSHEET</CLSNAME>
     <CMPNAME>GET_DRAWINGS_ITERATOR</CMPNAME>
     <LANGU>I</LANGU>
     <DESCRIPT>Get iterator for drawings collection</DESCRIPT>
    </SEOCOMPOTX>
    <SEOCOMPOTX>
     <CLSNAME>ZCL_EXCEL_WORKSHEET</CLSNAME>
     <CMPNAME>GET_FREEZE_CELL</CMPNAME>
     <LANGU>E</LANGU>
     <DESCRIPT>Gets the coordinates of cell determining freeze panes</DESCRIPT>
    </SEOCOMPOTX>
    <SEOCOMPOTX>
     <CLSNAME>ZCL_EXCEL_WORKSHEET</CLSNAME>
     <CMPNAME>GET_FREEZE_CELL</CMPNAME>
     <LANGU>I</LANGU>
     <DESCRIPT>Gets the coordinates of cell determining freeze panes</DESCRIPT>
    </SEOCOMPOTX>
    <SEOCOMPOTX>
     <CLSNAME>ZCL_EXCEL_WORKSHEET</CLSNAME>
     <CMPNAME>GET_GUID</CMPNAME>
     <LANGU>E</LANGU>
     <DESCRIPT>Get sheet guid</DESCRIPT>
    </SEOCOMPOTX>
    <SEOCOMPOTX>
     <CLSNAME>ZCL_EXCEL_WORKSHEET</CLSNAME>
     <CMPNAME>GET_GUID</CMPNAME>
     <LANGU>I</LANGU>
     <DESCRIPT>Get sheet guid</DESCRIPT>
    </SEOCOMPOTX>
    <SEOCOMPOTX>
     <CLSNAME>ZCL_EXCEL_WORKSHEET</CLSNAME>
     <CMPNAME>GET_HYPERLINKS_ITERATOR</CMPNAME>
     <LANGU>E</LANGU>
     <DESCRIPT>Get iterator for links collection</DESCRIPT>
    </SEOCOMPOTX>
    <SEOCOMPOTX>
     <CLSNAME>ZCL_EXCEL_WORKSHEET</CLSNAME>
     <CMPNAME>GET_HYPERLINKS_ITERATOR</CMPNAME>
     <LANGU>I</LANGU>
     <DESCRIPT>Get iterator for links collection</DESCRIPT>
    </SEOCOMPOTX>
    <SEOCOMPOTX>
     <CLSNAME>ZCL_EXCEL_WORKSHEET</CLSNAME>
     <CMPNAME>GET_HYPERLINKS_SIZE</CMPNAME>
     <LANGU>E</LANGU>
     <DESCRIPT>Gets the size of links collection</DESCRIPT>
    </SEOCOMPOTX>
    <SEOCOMPOTX>
     <CLSNAME>ZCL_EXCEL_WORKSHEET</CLSNAME>
     <CMPNAME>GET_HYPERLINKS_SIZE</CMPNAME>
     <LANGU>I</LANGU>
     <DESCRIPT>Gets the size of links collection</DESCRIPT>
    </SEOCOMPOTX>
    <SEOCOMPOTX>
     <CLSNAME>ZCL_EXCEL_WORKSHEET</CLSNAME>
     <CMPNAME>GET_MERGE</CMPNAME>
     <LANGU>E</LANGU>
     <DESCRIPT>Get the merge range</DESCRIPT>
    </SEOCOMPOTX>
    <SEOCOMPOTX>
     <CLSNAME>ZCL_EXCEL_WORKSHEET</CLSNAME>
     <CMPNAME>GET_MERGE</CMPNAME>
     <LANGU>I</LANGU>
     <DESCRIPT>Get the merge range</DESCRIPT>
    </SEOCOMPOTX>
    <SEOCOMPOTX>
     <CLSNAME>ZCL_EXCEL_WORKSHEET</CLSNAME>
     <CMPNAME>GET_PAGEBREAKS</CMPNAME>
     <LANGU>E</LANGU>
     <DESCRIPT>Add pagebreak</DESCRIPT>
    </SEOCOMPOTX>
    <SEOCOMPOTX>
     <CLSNAME>ZCL_EXCEL_WORKSHEET</CLSNAME>
     <CMPNAME>GET_RANGES_ITERATOR</CMPNAME>
     <LANGU>E</LANGU>
     <DESCRIPT>Get ranges iterator</DESCRIPT>
    </SEOCOMPOTX>
    <SEOCOMPOTX>
     <CLSNAME>ZCL_EXCEL_WORKSHEET</CLSNAME>
     <CMPNAME>GET_RANGES_ITERATOR</CMPNAME>
     <LANGU>I</LANGU>
     <DESCRIPT>Get ranges iterator</DESCRIPT>
    </SEOCOMPOTX>
    <SEOCOMPOTX>
     <CLSNAME>ZCL_EXCEL_WORKSHEET</CLSNAME>
     <CMPNAME>GET_ROW_DIMENSION</CMPNAME>
     <LANGU>E</LANGU>
     <DESCRIPT>Get row dimension at a specific row</DESCRIPT>
    </SEOCOMPOTX>
    <SEOCOMPOTX>
     <CLSNAME>ZCL_EXCEL_WORKSHEET</CLSNAME>
     <CMPNAME>GET_ROW_DIMENSION</CMPNAME>
     <LANGU>I</LANGU>
     <DESCRIPT>Get column dimension at a specific column</DESCRIPT>
    </SEOCOMPOTX>
    <SEOCOMPOTX>
     <CLSNAME>ZCL_EXCEL_WORKSHEET</CLSNAME>
     <CMPNAME>GET_ROW_DIMENSIONS</CMPNAME>
     <LANGU>E</LANGU>
     <DESCRIPT>Get row dimensions</DESCRIPT>
    </SEOCOMPOTX>
    <SEOCOMPOTX>
     <CLSNAME>ZCL_EXCEL_WORKSHEET</CLSNAME>
     <CMPNAME>GET_ROW_DIMENSIONS</CMPNAME>
     <LANGU>I</LANGU>
     <DESCRIPT>Get column dimensions</DESCRIPT>
    </SEOCOMPOTX>
    <SEOCOMPOTX>
     <CLSNAME>ZCL_EXCEL_WORKSHEET</CLSNAME>
     <CMPNAME>GET_ROW_OUTLINES</CMPNAME>
     <LANGU>E</LANGU>
     <DESCRIPT>Get all outlines for rows</DESCRIPT>
    </SEOCOMPOTX>
    <SEOCOMPOTX>
     <CLSNAME>ZCL_EXCEL_WORKSHEET</CLSNAME>
     <CMPNAME>GET_TABCOLOR</CMPNAME>
     <LANGU>E</LANGU>
     <DESCRIPT>get tabcolor</DESCRIPT>
    </SEOCOMPOTX>
    <SEOCOMPOTX>
     <CLSNAME>ZCL_EXCEL_WORKSHEET</CLSNAME>
     <CMPNAME>GET_TABCOLOR</CMPNAME>
     <LANGU>I</LANGU>
     <DESCRIPT>get tabcolor</DESCRIPT>
    </SEOCOMPOTX>
    <SEOCOMPOTX>
     <CLSNAME>ZCL_EXCEL_WORKSHEET</CLSNAME>
     <CMPNAME>GET_TABLES_ITERATOR</CMPNAME>
     <LANGU>E</LANGU>
     <DESCRIPT>Get iterator for tables collection</DESCRIPT>
    </SEOCOMPOTX>
    <SEOCOMPOTX>
     <CLSNAME>ZCL_EXCEL_WORKSHEET</CLSNAME>
     <CMPNAME>GET_TABLES_ITERATOR</CMPNAME>
     <LANGU>I</LANGU>
     <DESCRIPT>Get iterator for tables collection</DESCRIPT>
    </SEOCOMPOTX>
    <SEOCOMPOTX>
     <CLSNAME>ZCL_EXCEL_WORKSHEET</CLSNAME>
     <CMPNAME>GET_TABLES_SIZE</CMPNAME>
     <LANGU>E</LANGU>
     <DESCRIPT>Gets the size of tables collection</DESCRIPT>
    </SEOCOMPOTX>
    <SEOCOMPOTX>
     <CLSNAME>ZCL_EXCEL_WORKSHEET</CLSNAME>
     <CMPNAME>GET_TABLES_SIZE</CMPNAME>
     <LANGU>I</LANGU>
     <DESCRIPT>Gets the size of tables collection</DESCRIPT>
    </SEOCOMPOTX>
    <SEOCOMPOTX>
     <CLSNAME>ZCL_EXCEL_WORKSHEET</CLSNAME>
     <CMPNAME>GET_TITLE</CMPNAME>
     <LANGU>E</LANGU>
     <DESCRIPT>Get WorkSheet Title</DESCRIPT>
    </SEOCOMPOTX>
    <SEOCOMPOTX>
     <CLSNAME>ZCL_EXCEL_WORKSHEET</CLSNAME>
     <CMPNAME>GET_TITLE</CMPNAME>
     <LANGU>I</LANGU>
     <DESCRIPT>Get WorkSheet Title</DESCRIPT>
    </SEOCOMPOTX>
    <SEOCOMPOTX>
     <CLSNAME>ZCL_EXCEL_WORKSHEET</CLSNAME>
     <CMPNAME>GET_VALUE_TYPE</CMPNAME>
     <LANGU>E</LANGU>
     <DESCRIPT>Get abap type kind and apply conversion routine</DESCRIPT>
    </SEOCOMPOTX>
    <SEOCOMPOTX>
     <CLSNAME>ZCL_EXCEL_WORKSHEET</CLSNAME>
     <CMPNAME>GET_VALUE_TYPE</CMPNAME>
     <LANGU>I</LANGU>
     <DESCRIPT>Get abap type kind and apply conversion routine</DESCRIPT>
    </SEOCOMPOTX>
    <SEOCOMPOTX>
     <CLSNAME>ZCL_EXCEL_WORKSHEET</CLSNAME>
     <CMPNAME>GUID</CMPNAME>
     <LANGU>E</LANGU>
     <DESCRIPT>GUID in &apos;RAW&apos; format</DESCRIPT>
    </SEOCOMPOTX>
    <SEOCOMPOTX>
     <CLSNAME>ZCL_EXCEL_WORKSHEET</CLSNAME>
     <CMPNAME>GUID</CMPNAME>
     <LANGU>I</LANGU>
     <DESCRIPT>GUID in &apos;RAW&apos; format</DESCRIPT>
    </SEOCOMPOTX>
    <SEOCOMPOTX>
     <CLSNAME>ZCL_EXCEL_WORKSHEET</CLSNAME>
     <CMPNAME>HYPERLINKS</CMPNAME>
     <LANGU>E</LANGU>
     <DESCRIPT>Colletion of hyperlinks</DESCRIPT>
    </SEOCOMPOTX>
    <SEOCOMPOTX>
     <CLSNAME>ZCL_EXCEL_WORKSHEET</CLSNAME>
     <CMPNAME>HYPERLINKS</CMPNAME>
     <LANGU>I</LANGU>
     <DESCRIPT>Colletion of hyperlinks</DESCRIPT>
    </SEOCOMPOTX>
    <SEOCOMPOTX>
     <CLSNAME>ZCL_EXCEL_WORKSHEET</CLSNAME>
     <CMPNAME>IS_CELL_MERGED</CMPNAME>
     <LANGU>E</LANGU>
     <DESCRIPT>Checks if a cell is merged</DESCRIPT>
    </SEOCOMPOTX>
    <SEOCOMPOTX>
     <CLSNAME>ZCL_EXCEL_WORKSHEET</CLSNAME>
     <CMPNAME>LOWER_CELL</CMPNAME>
     <LANGU>E</LANGU>
     <DESCRIPT>Bottom right range cell</DESCRIPT>
    </SEOCOMPOTX>
    <SEOCOMPOTX>
     <CLSNAME>ZCL_EXCEL_WORKSHEET</CLSNAME>
     <CMPNAME>LOWER_CELL</CMPNAME>
     <LANGU>I</LANGU>
     <DESCRIPT>Bottom right range cell</DESCRIPT>
    </SEOCOMPOTX>
    <SEOCOMPOTX>
     <CLSNAME>ZCL_EXCEL_WORKSHEET</CLSNAME>
     <CMPNAME>MO_PAGEBREAKS</CMPNAME>
     <LANGU>E</LANGU>
     <DESCRIPT>Pagebreaks</DESCRIPT>
    </SEOCOMPOTX>
    <SEOCOMPOTX>
     <CLSNAME>ZCL_EXCEL_WORKSHEET</CLSNAME>
     <CMPNAME>MTH_FONT_CACHE</CMPNAME>
     <LANGU>E</LANGU>
     <DESCRIPT>Hash table containing fonts and their metrics</DESCRIPT>
    </SEOCOMPOTX>
    <SEOCOMPOTX>
     <CLSNAME>ZCL_EXCEL_WORKSHEET</CLSNAME>
     <CMPNAME>MTY_MERGE</CMPNAME>
     <LANGU>E</LANGU>
     <DESCRIPT>Merge information</DESCRIPT>
    </SEOCOMPOTX>
    <SEOCOMPOTX>
     <CLSNAME>ZCL_EXCEL_WORKSHEET</CLSNAME>
     <CMPNAME>MTY_S_OUTLINE_ROW</CMPNAME>
     <LANGU>E</LANGU>
     <DESCRIPT>Information about a row outline</DESCRIPT>
    </SEOCOMPOTX>
    <SEOCOMPOTX>
     <CLSNAME>ZCL_EXCEL_WORKSHEET</CLSNAME>
     <CMPNAME>MTY_TS_MERGE</CMPNAME>
     <LANGU>E</LANGU>
     <DESCRIPT>Table with all merges</DESCRIPT>
    </SEOCOMPOTX>
    <SEOCOMPOTX>
     <CLSNAME>ZCL_EXCEL_WORKSHEET</CLSNAME>
     <CMPNAME>MTY_TS_OUTLINES_ROW</CMPNAME>
     <LANGU>E</LANGU>
     <DESCRIPT>All row outlines ( sorted table )</DESCRIPT>
    </SEOCOMPOTX>
    <SEOCOMPOTX>
     <CLSNAME>ZCL_EXCEL_WORKSHEET</CLSNAME>
     <CMPNAME>MTY_TS_ROW_DIMENSION</CMPNAME>
     <LANGU>E</LANGU>
     <DESCRIPT>Sorted table for row dimensions</DESCRIPT>
    </SEOCOMPOTX>
    <SEOCOMPOTX>
     <CLSNAME>ZCL_EXCEL_WORKSHEET</CLSNAME>
     <CMPNAME>MT_MERGED_CELLS</CMPNAME>
     <LANGU>E</LANGU>
     <DESCRIPT>Table with all merges</DESCRIPT>
    </SEOCOMPOTX>
    <SEOCOMPOTX>
     <CLSNAME>ZCL_EXCEL_WORKSHEET</CLSNAME>
     <CMPNAME>MT_ROW_OUTLINES</CMPNAME>
     <LANGU>E</LANGU>
     <DESCRIPT>All row outlines</DESCRIPT>
    </SEOCOMPOTX>
    <SEOCOMPOTX>
     <CLSNAME>ZCL_EXCEL_WORKSHEET</CLSNAME>
     <CMPNAME>PRINT_GRIDLINES</CMPNAME>
     <LANGU>E</LANGU>
     <DESCRIPT>Print Gridlines</DESCRIPT>
    </SEOCOMPOTX>
    <SEOCOMPOTX>
     <CLSNAME>ZCL_EXCEL_WORKSHEET</CLSNAME>
     <CMPNAME>PRINT_GRIDLINES</CMPNAME>
     <LANGU>I</LANGU>
     <DESCRIPT>Print Gridlines</DESCRIPT>
    </SEOCOMPOTX>
    <SEOCOMPOTX>
     <CLSNAME>ZCL_EXCEL_WORKSHEET</CLSNAME>
     <CMPNAME>PRINT_TITLE_COL_FROM</CMPNAME>
     <LANGU>E</LANGU>
     <DESCRIPT>Cell Column</DESCRIPT>
    </SEOCOMPOTX>
    <SEOCOMPOTX>
     <CLSNAME>ZCL_EXCEL_WORKSHEET</CLSNAME>
     <CMPNAME>PRINT_TITLE_COL_FROM</CMPNAME>
     <LANGU>I</LANGU>
     <DESCRIPT>Cell Column</DESCRIPT>
    </SEOCOMPOTX>
    <SEOCOMPOTX>
     <CLSNAME>ZCL_EXCEL_WORKSHEET</CLSNAME>
     <CMPNAME>PRINT_TITLE_COL_TO</CMPNAME>
     <LANGU>E</LANGU>
     <DESCRIPT>Cell Column</DESCRIPT>
    </SEOCOMPOTX>
    <SEOCOMPOTX>
     <CLSNAME>ZCL_EXCEL_WORKSHEET</CLSNAME>
     <CMPNAME>PRINT_TITLE_COL_TO</CMPNAME>
     <LANGU>I</LANGU>
     <DESCRIPT>Cell Column</DESCRIPT>
    </SEOCOMPOTX>
    <SEOCOMPOTX>
     <CLSNAME>ZCL_EXCEL_WORKSHEET</CLSNAME>
     <CMPNAME>PRINT_TITLE_ROW_FROM</CMPNAME>
     <LANGU>E</LANGU>
     <DESCRIPT>Cell Row</DESCRIPT>
    </SEOCOMPOTX>
    <SEOCOMPOTX>
     <CLSNAME>ZCL_EXCEL_WORKSHEET</CLSNAME>
     <CMPNAME>PRINT_TITLE_ROW_FROM</CMPNAME>
     <LANGU>I</LANGU>
     <DESCRIPT>Cell Row</DESCRIPT>
    </SEOCOMPOTX>
    <SEOCOMPOTX>
     <CLSNAME>ZCL_EXCEL_WORKSHEET</CLSNAME>
     <CMPNAME>PRINT_TITLE_ROW_TO</CMPNAME>
     <LANGU>E</LANGU>
     <DESCRIPT>Cell Row</DESCRIPT>
    </SEOCOMPOTX>
    <SEOCOMPOTX>
     <CLSNAME>ZCL_EXCEL_WORKSHEET</CLSNAME>
     <CMPNAME>PRINT_TITLE_ROW_TO</CMPNAME>
     <LANGU>I</LANGU>
     <DESCRIPT>Cell Row</DESCRIPT>
    </SEOCOMPOTX>
    <SEOCOMPOTX>
     <CLSNAME>ZCL_EXCEL_WORKSHEET</CLSNAME>
     <CMPNAME>PRINT_TITLE_SET_RANGE</CMPNAME>
     <LANGU>E</LANGU>
     <DESCRIPT>Update range for print title</DESCRIPT>
    </SEOCOMPOTX>
    <SEOCOMPOTX>
     <CLSNAME>ZCL_EXCEL_WORKSHEET</CLSNAME>
     <CMPNAME>PRINT_TITLE_SET_RANGE</CMPNAME>
     <LANGU>I</LANGU>
     <DESCRIPT>Update range for print title</DESCRIPT>
    </SEOCOMPOTX>
    <SEOCOMPOTX>
     <CLSNAME>ZCL_EXCEL_WORKSHEET</CLSNAME>
     <CMPNAME>RANGES</CMPNAME>
     <LANGU>E</LANGU>
     <DESCRIPT>Ranges collection</DESCRIPT>
    </SEOCOMPOTX>
    <SEOCOMPOTX>
     <CLSNAME>ZCL_EXCEL_WORKSHEET</CLSNAME>
     <CMPNAME>RANGES</CMPNAME>
     <LANGU>I</LANGU>
     <DESCRIPT>Ranges collection</DESCRIPT>
    </SEOCOMPOTX>
    <SEOCOMPOTX>
     <CLSNAME>ZCL_EXCEL_WORKSHEET</CLSNAME>
     <CMPNAME>ROW_DIMENSIONS</CMPNAME>
     <LANGU>E</LANGU>
     <DESCRIPT>Collection of row dimensions</DESCRIPT>
    </SEOCOMPOTX>
    <SEOCOMPOTX>
     <CLSNAME>ZCL_EXCEL_WORKSHEET</CLSNAME>
     <CMPNAME>ROW_DIMENSIONS</CMPNAME>
     <LANGU>I</LANGU>
     <DESCRIPT>Collection of row dimensions</DESCRIPT>
    </SEOCOMPOTX>
    <SEOCOMPOTX>
     <CLSNAME>ZCL_EXCEL_WORKSHEET</CLSNAME>
     <CMPNAME>SET_CELL</CMPNAME>
     <LANGU>E</LANGU>
     <DESCRIPT>Set cell value</DESCRIPT>
    </SEOCOMPOTX>
    <SEOCOMPOTX>
     <CLSNAME>ZCL_EXCEL_WORKSHEET</CLSNAME>
     <CMPNAME>SET_CELL</CMPNAME>
     <LANGU>I</LANGU>
     <DESCRIPT>Set cell value</DESCRIPT>
    </SEOCOMPOTX>
    <SEOCOMPOTX>
     <CLSNAME>ZCL_EXCEL_WORKSHEET</CLSNAME>
     <CMPNAME>SET_CELL_FORMULA</CMPNAME>
     <LANGU>E</LANGU>
     <DESCRIPT>Set cell formula</DESCRIPT>
    </SEOCOMPOTX>
    <SEOCOMPOTX>
     <CLSNAME>ZCL_EXCEL_WORKSHEET</CLSNAME>
     <CMPNAME>SET_CELL_FORMULA</CMPNAME>
     <LANGU>I</LANGU>
     <DESCRIPT>Set cell formula</DESCRIPT>
    </SEOCOMPOTX>
    <SEOCOMPOTX>
     <CLSNAME>ZCL_EXCEL_WORKSHEET</CLSNAME>
     <CMPNAME>SET_CELL_STYLE</CMPNAME>
     <LANGU>E</LANGU>
     <DESCRIPT>Set cell style</DESCRIPT>
    </SEOCOMPOTX>
    <SEOCOMPOTX>
     <CLSNAME>ZCL_EXCEL_WORKSHEET</CLSNAME>
     <CMPNAME>SET_CELL_STYLE</CMPNAME>
     <LANGU>I</LANGU>
     <DESCRIPT>Set cell style</DESCRIPT>
    </SEOCOMPOTX>
    <SEOCOMPOTX>
     <CLSNAME>ZCL_EXCEL_WORKSHEET</CLSNAME>
     <CMPNAME>SET_COLUMN_WIDTH</CMPNAME>
     <LANGU>E</LANGU>
     <DESCRIPT>Set column width</DESCRIPT>
    </SEOCOMPOTX>
    <SEOCOMPOTX>
     <CLSNAME>ZCL_EXCEL_WORKSHEET</CLSNAME>
     <CMPNAME>SET_COLUMN_WIDTH</CMPNAME>
     <LANGU>I</LANGU>
     <DESCRIPT>Set column width</DESCRIPT>
    </SEOCOMPOTX>
    <SEOCOMPOTX>
     <CLSNAME>ZCL_EXCEL_WORKSHEET</CLSNAME>
     <CMPNAME>SET_DEFAULT_EXCEL_DATE_FORMAT</CMPNAME>
     <LANGU>E</LANGU>
     <DESCRIPT>Sets default date format</DESCRIPT>
    </SEOCOMPOTX>
    <SEOCOMPOTX>
     <CLSNAME>ZCL_EXCEL_WORKSHEET</CLSNAME>
     <CMPNAME>SET_DEFAULT_EXCEL_DATE_FORMAT</CMPNAME>
     <LANGU>I</LANGU>
     <DESCRIPT>Sets default date format</DESCRIPT>
    </SEOCOMPOTX>
    <SEOCOMPOTX>
     <CLSNAME>ZCL_EXCEL_WORKSHEET</CLSNAME>
     <CMPNAME>SET_MERGE</CMPNAME>
     <LANGU>E</LANGU>
     <DESCRIPT>Set the merge range</DESCRIPT>
    </SEOCOMPOTX>
    <SEOCOMPOTX>
     <CLSNAME>ZCL_EXCEL_WORKSHEET</CLSNAME>
     <CMPNAME>SET_MERGE</CMPNAME>
     <LANGU>I</LANGU>
     <DESCRIPT>Set the merge range</DESCRIPT>
    </SEOCOMPOTX>
    <SEOCOMPOTX>
     <CLSNAME>ZCL_EXCEL_WORKSHEET</CLSNAME>
     <CMPNAME>SET_PRINT_GRIDLINES</CMPNAME>
     <LANGU>E</LANGU>
     <DESCRIPT>Set print gridlines</DESCRIPT>
    </SEOCOMPOTX>
    <SEOCOMPOTX>
     <CLSNAME>ZCL_EXCEL_WORKSHEET</CLSNAME>
     <CMPNAME>SET_PRINT_GRIDLINES</CMPNAME>
     <LANGU>I</LANGU>
     <DESCRIPT>Set print gridlines</DESCRIPT>
    </SEOCOMPOTX>
    <SEOCOMPOTX>
     <CLSNAME>ZCL_EXCEL_WORKSHEET</CLSNAME>
     <CMPNAME>SET_ROW_HEIGHT</CMPNAME>
     <LANGU>E</LANGU>
     <DESCRIPT>Set row height</DESCRIPT>
    </SEOCOMPOTX>
    <SEOCOMPOTX>
     <CLSNAME>ZCL_EXCEL_WORKSHEET</CLSNAME>
     <CMPNAME>SET_ROW_HEIGHT</CMPNAME>
     <LANGU>I</LANGU>
     <DESCRIPT>Set row height</DESCRIPT>
    </SEOCOMPOTX>
    <SEOCOMPOTX>
     <CLSNAME>ZCL_EXCEL_WORKSHEET</CLSNAME>
     <CMPNAME>SET_ROW_OUTLINE</CMPNAME>
     <LANGU>E</LANGU>
     <DESCRIPT>Add/change an outline for rows</DESCRIPT>
    </SEOCOMPOTX>
    <SEOCOMPOTX>
     <CLSNAME>ZCL_EXCEL_WORKSHEET</CLSNAME>
     <CMPNAME>SET_SHOW_GRIDLINES</CMPNAME>
     <LANGU>E</LANGU>
     <DESCRIPT>Set show gridlines</DESCRIPT>
    </SEOCOMPOTX>
    <SEOCOMPOTX>
     <CLSNAME>ZCL_EXCEL_WORKSHEET</CLSNAME>
     <CMPNAME>SET_SHOW_GRIDLINES</CMPNAME>
     <LANGU>I</LANGU>
     <DESCRIPT>Set show gridlines</DESCRIPT>
    </SEOCOMPOTX>
    <SEOCOMPOTX>
     <CLSNAME>ZCL_EXCEL_WORKSHEET</CLSNAME>
     <CMPNAME>SET_SHOW_ROWCOLHEADERS</CMPNAME>
     <LANGU>E</LANGU>
     <DESCRIPT>Set show colum row headers</DESCRIPT>
    </SEOCOMPOTX>
    <SEOCOMPOTX>
     <CLSNAME>ZCL_EXCEL_WORKSHEET</CLSNAME>
     <CMPNAME>SET_SHOW_ROWCOLHEADERS</CMPNAME>
     <LANGU>I</LANGU>
     <DESCRIPT>Set show colum row headers</DESCRIPT>
    </SEOCOMPOTX>
    <SEOCOMPOTX>
     <CLSNAME>ZCL_EXCEL_WORKSHEET</CLSNAME>
     <CMPNAME>SET_TABCOLOR</CMPNAME>
     <LANGU>E</LANGU>
     <DESCRIPT>Set tabcolor</DESCRIPT>
    </SEOCOMPOTX>
    <SEOCOMPOTX>
     <CLSNAME>ZCL_EXCEL_WORKSHEET</CLSNAME>
     <CMPNAME>SET_TABCOLOR</CMPNAME>
     <LANGU>I</LANGU>
     <DESCRIPT>Set tabcolor</DESCRIPT>
    </SEOCOMPOTX>
    <SEOCOMPOTX>
     <CLSNAME>ZCL_EXCEL_WORKSHEET</CLSNAME>
     <CMPNAME>SET_TABLE</CMPNAME>
     <LANGU>E</LANGU>
     <DESCRIPT>Set cell value from a table</DESCRIPT>
    </SEOCOMPOTX>
    <SEOCOMPOTX>
     <CLSNAME>ZCL_EXCEL_WORKSHEET</CLSNAME>
     <CMPNAME>SET_TABLE</CMPNAME>
     <LANGU>I</LANGU>
     <DESCRIPT>Set cell value from a table</DESCRIPT>
    </SEOCOMPOTX>
    <SEOCOMPOTX>
     <CLSNAME>ZCL_EXCEL_WORKSHEET</CLSNAME>
     <CMPNAME>SET_TITLE</CMPNAME>
     <LANGU>E</LANGU>
     <DESCRIPT>Set WorkSheet Title</DESCRIPT>
    </SEOCOMPOTX>
    <SEOCOMPOTX>
     <CLSNAME>ZCL_EXCEL_WORKSHEET</CLSNAME>
     <CMPNAME>SET_TITLE</CMPNAME>
     <LANGU>I</LANGU>
     <DESCRIPT>Set WorkSheet Title</DESCRIPT>
    </SEOCOMPOTX>
    <SEOCOMPOTX>
     <CLSNAME>ZCL_EXCEL_WORKSHEET</CLSNAME>
     <CMPNAME>SHEET_CONTENT</CMPNAME>
     <LANGU>E</LANGU>
     <DESCRIPT>Excel worksheet content</DESCRIPT>
    </SEOCOMPOTX>
    <SEOCOMPOTX>
     <CLSNAME>ZCL_EXCEL_WORKSHEET</CLSNAME>
     <CMPNAME>SHEET_CONTENT</CMPNAME>
     <LANGU>I</LANGU>
     <DESCRIPT>Excel worksheet content</DESCRIPT>
    </SEOCOMPOTX>
    <SEOCOMPOTX>
     <CLSNAME>ZCL_EXCEL_WORKSHEET</CLSNAME>
     <CMPNAME>SHEET_SETUP</CMPNAME>
     <LANGU>E</LANGU>
     <DESCRIPT>Sheet setup</DESCRIPT>
    </SEOCOMPOTX>
    <SEOCOMPOTX>
     <CLSNAME>ZCL_EXCEL_WORKSHEET</CLSNAME>
     <CMPNAME>SHEET_SETUP</CMPNAME>
     <LANGU>I</LANGU>
     <DESCRIPT>Sheet setup</DESCRIPT>
    </SEOCOMPOTX>
    <SEOCOMPOTX>
     <CLSNAME>ZCL_EXCEL_WORKSHEET</CLSNAME>
     <CMPNAME>SHOW_GRIDLINES</CMPNAME>
     <LANGU>E</LANGU>
     <DESCRIPT>Show Gridlines</DESCRIPT>
    </SEOCOMPOTX>
    <SEOCOMPOTX>
     <CLSNAME>ZCL_EXCEL_WORKSHEET</CLSNAME>
     <CMPNAME>SHOW_GRIDLINES</CMPNAME>
     <LANGU>I</LANGU>
     <DESCRIPT>Show Gridlines</DESCRIPT>
    </SEOCOMPOTX>
    <SEOCOMPOTX>
     <CLSNAME>ZCL_EXCEL_WORKSHEET</CLSNAME>
     <CMPNAME>SHOW_ROWCOLHEADERS</CMPNAME>
     <LANGU>E</LANGU>
     <DESCRIPT>Show Gridlines</DESCRIPT>
    </SEOCOMPOTX>
    <SEOCOMPOTX>
     <CLSNAME>ZCL_EXCEL_WORKSHEET</CLSNAME>
     <CMPNAME>SHOW_ROWCOLHEADERS</CMPNAME>
     <LANGU>I</LANGU>
     <DESCRIPT>Show Gridlines</DESCRIPT>
    </SEOCOMPOTX>
    <SEOCOMPOTX>
     <CLSNAME>ZCL_EXCEL_WORKSHEET</CLSNAME>
     <CMPNAME>STYLES</CMPNAME>
     <LANGU>E</LANGU>
     <DESCRIPT>Sheet style table type</DESCRIPT>
    </SEOCOMPOTX>
    <SEOCOMPOTX>
     <CLSNAME>ZCL_EXCEL_WORKSHEET</CLSNAME>
     <CMPNAME>STYLES</CMPNAME>
     <LANGU>I</LANGU>
     <DESCRIPT>Sheet style table type</DESCRIPT>
    </SEOCOMPOTX>
    <SEOCOMPOTX>
     <CLSNAME>ZCL_EXCEL_WORKSHEET</CLSNAME>
     <CMPNAME>TABCOLOR</CMPNAME>
     <LANGU>E</LANGU>
     <DESCRIPT>Tabcolor</DESCRIPT>
    </SEOCOMPOTX>
    <SEOCOMPOTX>
     <CLSNAME>ZCL_EXCEL_WORKSHEET</CLSNAME>
     <CMPNAME>TABCOLOR</CMPNAME>
     <LANGU>I</LANGU>
     <DESCRIPT>Tabcolor</DESCRIPT>
    </SEOCOMPOTX>
    <SEOCOMPOTX>
     <CLSNAME>ZCL_EXCEL_WORKSHEET</CLSNAME>
     <CMPNAME>TABLES</CMPNAME>
     <LANGU>E</LANGU>
     <DESCRIPT>Colletion of tables</DESCRIPT>
    </SEOCOMPOTX>
    <SEOCOMPOTX>
     <CLSNAME>ZCL_EXCEL_WORKSHEET</CLSNAME>
     <CMPNAME>TABLES</CMPNAME>
     <LANGU>I</LANGU>
     <DESCRIPT>Colletion of tables</DESCRIPT>
    </SEOCOMPOTX>
    <SEOCOMPOTX>
     <CLSNAME>ZCL_EXCEL_WORKSHEET</CLSNAME>
     <CMPNAME>TITLE</CMPNAME>
     <LANGU>E</LANGU>
     <DESCRIPT>Title</DESCRIPT>
    </SEOCOMPOTX>
    <SEOCOMPOTX>
     <CLSNAME>ZCL_EXCEL_WORKSHEET</CLSNAME>
     <CMPNAME>TITLE</CMPNAME>
     <LANGU>I</LANGU>
     <DESCRIPT>Title</DESCRIPT>
    </SEOCOMPOTX>
    <SEOCOMPOTX>
     <CLSNAME>ZCL_EXCEL_WORKSHEET</CLSNAME>
     <CMPNAME>UPDATE_DIMENSION_RANGE</CMPNAME>
     <LANGU>E</LANGU>
     <DESCRIPT>Update dimension range</DESCRIPT>
    </SEOCOMPOTX>
    <SEOCOMPOTX>
     <CLSNAME>ZCL_EXCEL_WORKSHEET</CLSNAME>
     <CMPNAME>UPDATE_DIMENSION_RANGE</CMPNAME>
     <LANGU>I</LANGU>
     <DESCRIPT>Update dimension range</DESCRIPT>
    </SEOCOMPOTX>
    <SEOCOMPOTX>
     <CLSNAME>ZCL_EXCEL_WORKSHEET</CLSNAME>
     <CMPNAME>UPPER_CELL</CMPNAME>
     <LANGU>E</LANGU>
     <DESCRIPT>Top left range cell</DESCRIPT>
    </SEOCOMPOTX>
    <SEOCOMPOTX>
     <CLSNAME>ZCL_EXCEL_WORKSHEET</CLSNAME>
     <CMPNAME>UPPER_CELL</CMPNAME>
     <LANGU>I</LANGU>
     <DESCRIPT>Top left range cell</DESCRIPT>
    </SEOCOMPOTX>
   </DESCRIPTIONS>
  </asx:values>
 </asx:abap>
</abapGit>
