﻿<?xml version="1.0" encoding="utf-8"?>
<abapGit version="v1.0.0" serializer="LCL_OBJECT_CLAS" serializer_version="v1.0.0">
 <asx:abap xmlns:asx="http://www.sap.com/abapxml" version="1.0">
  <asx:values>
   <VSEOCLASS>
    <CLSNAME>ZCL_EXCEL_STYLE_CONDITIONAL</CLSNAME>
    <VERSION>1</VERSION>
    <LANGU>E</LANGU>
    <DESCRIPT>Font Style</DESCRIPT>
    <EXPOSURE>2</EXPOSURE>
    <STATE>1</STATE>
    <CLSFINAL>X</CLSFINAL>
    <CLSCCINCL>X</CLSCCINCL>
    <FIXPT>X</FIXPT>
    <UNICODE>X</UNICODE>
   </VSEOCLASS>
   <DESCRIPTIONS>
    <SEOCOMPOTX>
     <CLSNAME>ZCL_EXCEL_STYLE_CONDITIONAL</CLSNAME>
     <CMPNAME>ADD_RANGE</CMPNAME>
     <LANGU>E</LANGU>
     <DESCRIPT>Add range used in conditional formatting</DESCRIPT>
    </SEOCOMPOTX>
    <SEOCOMPOTX>
     <CLSNAME>ZCL_EXCEL_STYLE_CONDITIONAL</CLSNAME>
     <CMPNAME>CONSTRUCTOR</CMPNAME>
     <LANGU>E</LANGU>
     <DESCRIPT>CONSTRUCTOR</DESCRIPT>
    </SEOCOMPOTX>
    <SEOCOMPOTX>
     <CLSNAME>ZCL_EXCEL_STYLE_CONDITIONAL</CLSNAME>
     <CMPNAME>CONSTRUCTOR</CMPNAME>
     <LANGU>I</LANGU>
     <DESCRIPT>CONSTRUCTOR</DESCRIPT>
    </SEOCOMPOTX>
    <SEOCOMPOTX>
     <CLSNAME>ZCL_EXCEL_STYLE_CONDITIONAL</CLSNAME>
     <CMPNAME>C_CFVO_TYPE_FORMULA</CMPNAME>
     <LANGU>E</LANGU>
     <DESCRIPT>Condition type</DESCRIPT>
    </SEOCOMPOTX>
    <SEOCOMPOTX>
     <CLSNAME>ZCL_EXCEL_STYLE_CONDITIONAL</CLSNAME>
     <CMPNAME>C_CFVO_TYPE_FORMULA</CMPNAME>
     <LANGU>I</LANGU>
     <DESCRIPT>Condition type</DESCRIPT>
    </SEOCOMPOTX>
    <SEOCOMPOTX>
     <CLSNAME>ZCL_EXCEL_STYLE_CONDITIONAL</CLSNAME>
     <CMPNAME>C_CFVO_TYPE_MAX</CMPNAME>
     <LANGU>E</LANGU>
     <DESCRIPT>Condition type</DESCRIPT>
    </SEOCOMPOTX>
    <SEOCOMPOTX>
     <CLSNAME>ZCL_EXCEL_STYLE_CONDITIONAL</CLSNAME>
     <CMPNAME>C_CFVO_TYPE_MIN</CMPNAME>
     <LANGU>E</LANGU>
     <DESCRIPT>Condition type</DESCRIPT>
    </SEOCOMPOTX>
    <SEOCOMPOTX>
     <CLSNAME>ZCL_EXCEL_STYLE_CONDITIONAL</CLSNAME>
     <CMPNAME>C_CFVO_TYPE_NUMBER</CMPNAME>
     <LANGU>E</LANGU>
     <DESCRIPT>Condition type</DESCRIPT>
    </SEOCOMPOTX>
    <SEOCOMPOTX>
     <CLSNAME>ZCL_EXCEL_STYLE_CONDITIONAL</CLSNAME>
     <CMPNAME>C_CFVO_TYPE_NUMBER</CMPNAME>
     <LANGU>I</LANGU>
     <DESCRIPT>Condition type</DESCRIPT>
    </SEOCOMPOTX>
    <SEOCOMPOTX>
     <CLSNAME>ZCL_EXCEL_STYLE_CONDITIONAL</CLSNAME>
     <CMPNAME>C_CFVO_TYPE_PERCENT</CMPNAME>
     <LANGU>E</LANGU>
     <DESCRIPT>Condition type</DESCRIPT>
    </SEOCOMPOTX>
    <SEOCOMPOTX>
     <CLSNAME>ZCL_EXCEL_STYLE_CONDITIONAL</CLSNAME>
     <CMPNAME>C_CFVO_TYPE_PERCENT</CMPNAME>
     <LANGU>I</LANGU>
     <DESCRIPT>Condition type</DESCRIPT>
    </SEOCOMPOTX>
    <SEOCOMPOTX>
     <CLSNAME>ZCL_EXCEL_STYLE_CONDITIONAL</CLSNAME>
     <CMPNAME>C_CFVO_TYPE_PERCENTILE</CMPNAME>
     <LANGU>E</LANGU>
     <DESCRIPT>Condition type</DESCRIPT>
    </SEOCOMPOTX>
    <SEOCOMPOTX>
     <CLSNAME>ZCL_EXCEL_STYLE_CONDITIONAL</CLSNAME>
     <CMPNAME>C_CFVO_TYPE_PERCENTILE</CMPNAME>
     <LANGU>I</LANGU>
     <DESCRIPT>Condition type</DESCRIPT>
    </SEOCOMPOTX>
    <SEOCOMPOTX>
     <CLSNAME>ZCL_EXCEL_STYLE_CONDITIONAL</CLSNAME>
     <CMPNAME>C_ICONSET_3ARROWS</CMPNAME>
     <LANGU>E</LANGU>
     <DESCRIPT>Condition rule iconset</DESCRIPT>
    </SEOCOMPOTX>
    <SEOCOMPOTX>
     <CLSNAME>ZCL_EXCEL_STYLE_CONDITIONAL</CLSNAME>
     <CMPNAME>C_ICONSET_3ARROWS</CMPNAME>
     <LANGU>I</LANGU>
     <DESCRIPT>Condition rule iconset</DESCRIPT>
    </SEOCOMPOTX>
    <SEOCOMPOTX>
     <CLSNAME>ZCL_EXCEL_STYLE_CONDITIONAL</CLSNAME>
     <CMPNAME>C_ICONSET_3ARROWSGRAY</CMPNAME>
     <LANGU>E</LANGU>
     <DESCRIPT>Condition rule iconset</DESCRIPT>
    </SEOCOMPOTX>
    <SEOCOMPOTX>
     <CLSNAME>ZCL_EXCEL_STYLE_CONDITIONAL</CLSNAME>
     <CMPNAME>C_ICONSET_3ARROWSGRAY</CMPNAME>
     <LANGU>I</LANGU>
     <DESCRIPT>Condition rule iconset</DESCRIPT>
    </SEOCOMPOTX>
    <SEOCOMPOTX>
     <CLSNAME>ZCL_EXCEL_STYLE_CONDITIONAL</CLSNAME>
     <CMPNAME>C_ICONSET_3FLAGS</CMPNAME>
     <LANGU>E</LANGU>
     <DESCRIPT>Condition rule iconset</DESCRIPT>
    </SEOCOMPOTX>
    <SEOCOMPOTX>
     <CLSNAME>ZCL_EXCEL_STYLE_CONDITIONAL</CLSNAME>
     <CMPNAME>C_ICONSET_3FLAGS</CMPNAME>
     <LANGU>I</LANGU>
     <DESCRIPT>Condition rule iconset</DESCRIPT>
    </SEOCOMPOTX>
    <SEOCOMPOTX>
     <CLSNAME>ZCL_EXCEL_STYLE_CONDITIONAL</CLSNAME>
     <CMPNAME>C_ICONSET_3SIGNS</CMPNAME>
     <LANGU>E</LANGU>
     <DESCRIPT>Condition rule iconset</DESCRIPT>
    </SEOCOMPOTX>
    <SEOCOMPOTX>
     <CLSNAME>ZCL_EXCEL_STYLE_CONDITIONAL</CLSNAME>
     <CMPNAME>C_ICONSET_3SIGNS</CMPNAME>
     <LANGU>I</LANGU>
     <DESCRIPT>Condition rule iconset</DESCRIPT>
    </SEOCOMPOTX>
    <SEOCOMPOTX>
     <CLSNAME>ZCL_EXCEL_STYLE_CONDITIONAL</CLSNAME>
     <CMPNAME>C_ICONSET_3SYMBOLS</CMPNAME>
     <LANGU>E</LANGU>
     <DESCRIPT>Condition rule iconset</DESCRIPT>
    </SEOCOMPOTX>
    <SEOCOMPOTX>
     <CLSNAME>ZCL_EXCEL_STYLE_CONDITIONAL</CLSNAME>
     <CMPNAME>C_ICONSET_3SYMBOLS</CMPNAME>
     <LANGU>I</LANGU>
     <DESCRIPT>Condition rule iconset</DESCRIPT>
    </SEOCOMPOTX>
    <SEOCOMPOTX>
     <CLSNAME>ZCL_EXCEL_STYLE_CONDITIONAL</CLSNAME>
     <CMPNAME>C_ICONSET_3SYMBOLS2</CMPNAME>
     <LANGU>E</LANGU>
     <DESCRIPT>Condition rule iconset</DESCRIPT>
    </SEOCOMPOTX>
    <SEOCOMPOTX>
     <CLSNAME>ZCL_EXCEL_STYLE_CONDITIONAL</CLSNAME>
     <CMPNAME>C_ICONSET_3SYMBOLS2</CMPNAME>
     <LANGU>I</LANGU>
     <DESCRIPT>Condition rule iconset</DESCRIPT>
    </SEOCOMPOTX>
    <SEOCOMPOTX>
     <CLSNAME>ZCL_EXCEL_STYLE_CONDITIONAL</CLSNAME>
     <CMPNAME>C_ICONSET_3TRAFFICLIGHTS</CMPNAME>
     <LANGU>E</LANGU>
     <DESCRIPT>Condition rule iconset</DESCRIPT>
    </SEOCOMPOTX>
    <SEOCOMPOTX>
     <CLSNAME>ZCL_EXCEL_STYLE_CONDITIONAL</CLSNAME>
     <CMPNAME>C_ICONSET_3TRAFFICLIGHTS</CMPNAME>
     <LANGU>I</LANGU>
     <DESCRIPT>Condition rule iconset</DESCRIPT>
    </SEOCOMPOTX>
    <SEOCOMPOTX>
     <CLSNAME>ZCL_EXCEL_STYLE_CONDITIONAL</CLSNAME>
     <CMPNAME>C_ICONSET_3TRAFFICLIGHTS2</CMPNAME>
     <LANGU>E</LANGU>
     <DESCRIPT>Condition rule iconset</DESCRIPT>
    </SEOCOMPOTX>
    <SEOCOMPOTX>
     <CLSNAME>ZCL_EXCEL_STYLE_CONDITIONAL</CLSNAME>
     <CMPNAME>C_ICONSET_3TRAFFICLIGHTS2</CMPNAME>
     <LANGU>I</LANGU>
     <DESCRIPT>Condition rule iconset</DESCRIPT>
    </SEOCOMPOTX>
    <SEOCOMPOTX>
     <CLSNAME>ZCL_EXCEL_STYLE_CONDITIONAL</CLSNAME>
     <CMPNAME>C_ICONSET_4ARROWS</CMPNAME>
     <LANGU>E</LANGU>
     <DESCRIPT>Condition rule iconset</DESCRIPT>
    </SEOCOMPOTX>
    <SEOCOMPOTX>
     <CLSNAME>ZCL_EXCEL_STYLE_CONDITIONAL</CLSNAME>
     <CMPNAME>C_ICONSET_4ARROWS</CMPNAME>
     <LANGU>I</LANGU>
     <DESCRIPT>Condition rule iconset</DESCRIPT>
    </SEOCOMPOTX>
    <SEOCOMPOTX>
     <CLSNAME>ZCL_EXCEL_STYLE_CONDITIONAL</CLSNAME>
     <CMPNAME>C_ICONSET_4ARROWSGRAY</CMPNAME>
     <LANGU>E</LANGU>
     <DESCRIPT>Condition rule iconset</DESCRIPT>
    </SEOCOMPOTX>
    <SEOCOMPOTX>
     <CLSNAME>ZCL_EXCEL_STYLE_CONDITIONAL</CLSNAME>
     <CMPNAME>C_ICONSET_4ARROWSGRAY</CMPNAME>
     <LANGU>I</LANGU>
     <DESCRIPT>Condition rule iconset</DESCRIPT>
    </SEOCOMPOTX>
    <SEOCOMPOTX>
     <CLSNAME>ZCL_EXCEL_STYLE_CONDITIONAL</CLSNAME>
     <CMPNAME>C_ICONSET_4RATING</CMPNAME>
     <LANGU>E</LANGU>
     <DESCRIPT>Condition rule iconset</DESCRIPT>
    </SEOCOMPOTX>
    <SEOCOMPOTX>
     <CLSNAME>ZCL_EXCEL_STYLE_CONDITIONAL</CLSNAME>
     <CMPNAME>C_ICONSET_4RATING</CMPNAME>
     <LANGU>I</LANGU>
     <DESCRIPT>Condition rule iconset</DESCRIPT>
    </SEOCOMPOTX>
    <SEOCOMPOTX>
     <CLSNAME>ZCL_EXCEL_STYLE_CONDITIONAL</CLSNAME>
     <CMPNAME>C_ICONSET_4REDTOBLACK</CMPNAME>
     <LANGU>E</LANGU>
     <DESCRIPT>Condition rule iconset</DESCRIPT>
    </SEOCOMPOTX>
    <SEOCOMPOTX>
     <CLSNAME>ZCL_EXCEL_STYLE_CONDITIONAL</CLSNAME>
     <CMPNAME>C_ICONSET_4REDTOBLACK</CMPNAME>
     <LANGU>I</LANGU>
     <DESCRIPT>Condition rule iconset</DESCRIPT>
    </SEOCOMPOTX>
    <SEOCOMPOTX>
     <CLSNAME>ZCL_EXCEL_STYLE_CONDITIONAL</CLSNAME>
     <CMPNAME>C_ICONSET_4TRAFFICLIGHTS</CMPNAME>
     <LANGU>E</LANGU>
     <DESCRIPT>Condition rule iconset</DESCRIPT>
    </SEOCOMPOTX>
    <SEOCOMPOTX>
     <CLSNAME>ZCL_EXCEL_STYLE_CONDITIONAL</CLSNAME>
     <CMPNAME>C_ICONSET_4TRAFFICLIGHTS</CMPNAME>
     <LANGU>I</LANGU>
     <DESCRIPT>Condition rule iconset</DESCRIPT>
    </SEOCOMPOTX>
    <SEOCOMPOTX>
     <CLSNAME>ZCL_EXCEL_STYLE_CONDITIONAL</CLSNAME>
     <CMPNAME>C_ICONSET_5ARROWS</CMPNAME>
     <LANGU>E</LANGU>
     <DESCRIPT>Condition rule iconset</DESCRIPT>
    </SEOCOMPOTX>
    <SEOCOMPOTX>
     <CLSNAME>ZCL_EXCEL_STYLE_CONDITIONAL</CLSNAME>
     <CMPNAME>C_ICONSET_5ARROWS</CMPNAME>
     <LANGU>I</LANGU>
     <DESCRIPT>Condition rule iconset</DESCRIPT>
    </SEOCOMPOTX>
    <SEOCOMPOTX>
     <CLSNAME>ZCL_EXCEL_STYLE_CONDITIONAL</CLSNAME>
     <CMPNAME>C_ICONSET_5ARROWSGRAY</CMPNAME>
     <LANGU>E</LANGU>
     <DESCRIPT>Condition rule iconset</DESCRIPT>
    </SEOCOMPOTX>
    <SEOCOMPOTX>
     <CLSNAME>ZCL_EXCEL_STYLE_CONDITIONAL</CLSNAME>
     <CMPNAME>C_ICONSET_5ARROWSGRAY</CMPNAME>
     <LANGU>I</LANGU>
     <DESCRIPT>Condition rule iconset</DESCRIPT>
    </SEOCOMPOTX>
    <SEOCOMPOTX>
     <CLSNAME>ZCL_EXCEL_STYLE_CONDITIONAL</CLSNAME>
     <CMPNAME>C_ICONSET_5QUARTERS</CMPNAME>
     <LANGU>E</LANGU>
     <DESCRIPT>Condition rule iconset</DESCRIPT>
    </SEOCOMPOTX>
    <SEOCOMPOTX>
     <CLSNAME>ZCL_EXCEL_STYLE_CONDITIONAL</CLSNAME>
     <CMPNAME>C_ICONSET_5QUARTERS</CMPNAME>
     <LANGU>I</LANGU>
     <DESCRIPT>Condition rule iconset</DESCRIPT>
    </SEOCOMPOTX>
    <SEOCOMPOTX>
     <CLSNAME>ZCL_EXCEL_STYLE_CONDITIONAL</CLSNAME>
     <CMPNAME>C_ICONSET_5RATING</CMPNAME>
     <LANGU>E</LANGU>
     <DESCRIPT>Condition rule iconset</DESCRIPT>
    </SEOCOMPOTX>
    <SEOCOMPOTX>
     <CLSNAME>ZCL_EXCEL_STYLE_CONDITIONAL</CLSNAME>
     <CMPNAME>C_ICONSET_5RATING</CMPNAME>
     <LANGU>I</LANGU>
     <DESCRIPT>Condition rule iconset</DESCRIPT>
    </SEOCOMPOTX>
    <SEOCOMPOTX>
     <CLSNAME>ZCL_EXCEL_STYLE_CONDITIONAL</CLSNAME>
     <CMPNAME>C_OPERATOR_BEGINSWITH</CMPNAME>
     <LANGU>E</LANGU>
     <DESCRIPT>Condition operator</DESCRIPT>
    </SEOCOMPOTX>
    <SEOCOMPOTX>
     <CLSNAME>ZCL_EXCEL_STYLE_CONDITIONAL</CLSNAME>
     <CMPNAME>C_OPERATOR_BEGINSWITH</CMPNAME>
     <LANGU>I</LANGU>
     <DESCRIPT>Condition operator</DESCRIPT>
    </SEOCOMPOTX>
    <SEOCOMPOTX>
     <CLSNAME>ZCL_EXCEL_STYLE_CONDITIONAL</CLSNAME>
     <CMPNAME>C_OPERATOR_BETWEEN</CMPNAME>
     <LANGU>E</LANGU>
     <DESCRIPT>Condition operator</DESCRIPT>
    </SEOCOMPOTX>
    <SEOCOMPOTX>
     <CLSNAME>ZCL_EXCEL_STYLE_CONDITIONAL</CLSNAME>
     <CMPNAME>C_OPERATOR_BETWEEN</CMPNAME>
     <LANGU>I</LANGU>
     <DESCRIPT>Condition operator</DESCRIPT>
    </SEOCOMPOTX>
    <SEOCOMPOTX>
     <CLSNAME>ZCL_EXCEL_STYLE_CONDITIONAL</CLSNAME>
     <CMPNAME>C_OPERATOR_CONTAINSTEXT</CMPNAME>
     <LANGU>E</LANGU>
     <DESCRIPT>Condition operator</DESCRIPT>
    </SEOCOMPOTX>
    <SEOCOMPOTX>
     <CLSNAME>ZCL_EXCEL_STYLE_CONDITIONAL</CLSNAME>
     <CMPNAME>C_OPERATOR_CONTAINSTEXT</CMPNAME>
     <LANGU>I</LANGU>
     <DESCRIPT>Condition operator</DESCRIPT>
    </SEOCOMPOTX>
    <SEOCOMPOTX>
     <CLSNAME>ZCL_EXCEL_STYLE_CONDITIONAL</CLSNAME>
     <CMPNAME>C_OPERATOR_ENDSWITH</CMPNAME>
     <LANGU>E</LANGU>
     <DESCRIPT>Condition operator</DESCRIPT>
    </SEOCOMPOTX>
    <SEOCOMPOTX>
     <CLSNAME>ZCL_EXCEL_STYLE_CONDITIONAL</CLSNAME>
     <CMPNAME>C_OPERATOR_ENDSWITH</CMPNAME>
     <LANGU>I</LANGU>
     <DESCRIPT>Condition operator</DESCRIPT>
    </SEOCOMPOTX>
    <SEOCOMPOTX>
     <CLSNAME>ZCL_EXCEL_STYLE_CONDITIONAL</CLSNAME>
     <CMPNAME>C_OPERATOR_EQUAL</CMPNAME>
     <LANGU>E</LANGU>
     <DESCRIPT>Condition operator</DESCRIPT>
    </SEOCOMPOTX>
    <SEOCOMPOTX>
     <CLSNAME>ZCL_EXCEL_STYLE_CONDITIONAL</CLSNAME>
     <CMPNAME>C_OPERATOR_EQUAL</CMPNAME>
     <LANGU>I</LANGU>
     <DESCRIPT>Condition operator</DESCRIPT>
    </SEOCOMPOTX>
    <SEOCOMPOTX>
     <CLSNAME>ZCL_EXCEL_STYLE_CONDITIONAL</CLSNAME>
     <CMPNAME>C_OPERATOR_GREATERTHAN</CMPNAME>
     <LANGU>E</LANGU>
     <DESCRIPT>Condition operator</DESCRIPT>
    </SEOCOMPOTX>
    <SEOCOMPOTX>
     <CLSNAME>ZCL_EXCEL_STYLE_CONDITIONAL</CLSNAME>
     <CMPNAME>C_OPERATOR_GREATERTHAN</CMPNAME>
     <LANGU>I</LANGU>
     <DESCRIPT>Condition operator</DESCRIPT>
    </SEOCOMPOTX>
    <SEOCOMPOTX>
     <CLSNAME>ZCL_EXCEL_STYLE_CONDITIONAL</CLSNAME>
     <CMPNAME>C_OPERATOR_GREATERTHANOREQUAL</CMPNAME>
     <LANGU>E</LANGU>
     <DESCRIPT>Condition operator</DESCRIPT>
    </SEOCOMPOTX>
    <SEOCOMPOTX>
     <CLSNAME>ZCL_EXCEL_STYLE_CONDITIONAL</CLSNAME>
     <CMPNAME>C_OPERATOR_GREATERTHANOREQUAL</CMPNAME>
     <LANGU>I</LANGU>
     <DESCRIPT>Condition operator</DESCRIPT>
    </SEOCOMPOTX>
    <SEOCOMPOTX>
     <CLSNAME>ZCL_EXCEL_STYLE_CONDITIONAL</CLSNAME>
     <CMPNAME>C_OPERATOR_LESSTHAN</CMPNAME>
     <LANGU>E</LANGU>
     <DESCRIPT>Condition operator</DESCRIPT>
    </SEOCOMPOTX>
    <SEOCOMPOTX>
     <CLSNAME>ZCL_EXCEL_STYLE_CONDITIONAL</CLSNAME>
     <CMPNAME>C_OPERATOR_LESSTHAN</CMPNAME>
     <LANGU>I</LANGU>
     <DESCRIPT>Condition operator</DESCRIPT>
    </SEOCOMPOTX>
    <SEOCOMPOTX>
     <CLSNAME>ZCL_EXCEL_STYLE_CONDITIONAL</CLSNAME>
     <CMPNAME>C_OPERATOR_LESSTHANOREQUAL</CMPNAME>
     <LANGU>E</LANGU>
     <DESCRIPT>Condition operator</DESCRIPT>
    </SEOCOMPOTX>
    <SEOCOMPOTX>
     <CLSNAME>ZCL_EXCEL_STYLE_CONDITIONAL</CLSNAME>
     <CMPNAME>C_OPERATOR_LESSTHANOREQUAL</CMPNAME>
     <LANGU>I</LANGU>
     <DESCRIPT>Condition operator</DESCRIPT>
    </SEOCOMPOTX>
    <SEOCOMPOTX>
     <CLSNAME>ZCL_EXCEL_STYLE_CONDITIONAL</CLSNAME>
     <CMPNAME>C_OPERATOR_NONE</CMPNAME>
     <LANGU>E</LANGU>
     <DESCRIPT>Condition operator</DESCRIPT>
    </SEOCOMPOTX>
    <SEOCOMPOTX>
     <CLSNAME>ZCL_EXCEL_STYLE_CONDITIONAL</CLSNAME>
     <CMPNAME>C_OPERATOR_NONE</CMPNAME>
     <LANGU>I</LANGU>
     <DESCRIPT>Condition operator</DESCRIPT>
    </SEOCOMPOTX>
    <SEOCOMPOTX>
     <CLSNAME>ZCL_EXCEL_STYLE_CONDITIONAL</CLSNAME>
     <CMPNAME>C_OPERATOR_NOTCONTAINS</CMPNAME>
     <LANGU>E</LANGU>
     <DESCRIPT>Condition operator</DESCRIPT>
    </SEOCOMPOTX>
    <SEOCOMPOTX>
     <CLSNAME>ZCL_EXCEL_STYLE_CONDITIONAL</CLSNAME>
     <CMPNAME>C_OPERATOR_NOTCONTAINS</CMPNAME>
     <LANGU>I</LANGU>
     <DESCRIPT>Condition operator</DESCRIPT>
    </SEOCOMPOTX>
    <SEOCOMPOTX>
     <CLSNAME>ZCL_EXCEL_STYLE_CONDITIONAL</CLSNAME>
     <CMPNAME>C_OPERATOR_NOTEQUAL</CMPNAME>
     <LANGU>E</LANGU>
     <DESCRIPT>Condition operator</DESCRIPT>
    </SEOCOMPOTX>
    <SEOCOMPOTX>
     <CLSNAME>ZCL_EXCEL_STYLE_CONDITIONAL</CLSNAME>
     <CMPNAME>C_OPERATOR_NOTEQUAL</CMPNAME>
     <LANGU>I</LANGU>
     <DESCRIPT>Condition operator</DESCRIPT>
    </SEOCOMPOTX>
    <SEOCOMPOTX>
     <CLSNAME>ZCL_EXCEL_STYLE_CONDITIONAL</CLSNAME>
     <CMPNAME>C_RULE_ABOVE_AVERAGE</CMPNAME>
     <LANGU>E</LANGU>
     <DESCRIPT>Rule above avearge</DESCRIPT>
    </SEOCOMPOTX>
    <SEOCOMPOTX>
     <CLSNAME>ZCL_EXCEL_STYLE_CONDITIONAL</CLSNAME>
     <CMPNAME>C_RULE_CELLIS</CMPNAME>
     <LANGU>E</LANGU>
     <DESCRIPT>Condition rule</DESCRIPT>
    </SEOCOMPOTX>
    <SEOCOMPOTX>
     <CLSNAME>ZCL_EXCEL_STYLE_CONDITIONAL</CLSNAME>
     <CMPNAME>C_RULE_CELLIS</CMPNAME>
     <LANGU>I</LANGU>
     <DESCRIPT>Condition rule</DESCRIPT>
    </SEOCOMPOTX>
    <SEOCOMPOTX>
     <CLSNAME>ZCL_EXCEL_STYLE_CONDITIONAL</CLSNAME>
     <CMPNAME>C_RULE_COLORSCALE</CMPNAME>
     <LANGU>E</LANGU>
     <DESCRIPT>Condition rule</DESCRIPT>
    </SEOCOMPOTX>
    <SEOCOMPOTX>
     <CLSNAME>ZCL_EXCEL_STYLE_CONDITIONAL</CLSNAME>
     <CMPNAME>C_RULE_CONTAINSTEXT</CMPNAME>
     <LANGU>E</LANGU>
     <DESCRIPT>Condition rule</DESCRIPT>
    </SEOCOMPOTX>
    <SEOCOMPOTX>
     <CLSNAME>ZCL_EXCEL_STYLE_CONDITIONAL</CLSNAME>
     <CMPNAME>C_RULE_CONTAINSTEXT</CMPNAME>
     <LANGU>I</LANGU>
     <DESCRIPT>Condition rule</DESCRIPT>
    </SEOCOMPOTX>
    <SEOCOMPOTX>
     <CLSNAME>ZCL_EXCEL_STYLE_CONDITIONAL</CLSNAME>
     <CMPNAME>C_RULE_DATABAR</CMPNAME>
     <LANGU>E</LANGU>
     <DESCRIPT>Condition rule</DESCRIPT>
    </SEOCOMPOTX>
    <SEOCOMPOTX>
     <CLSNAME>ZCL_EXCEL_STYLE_CONDITIONAL</CLSNAME>
     <CMPNAME>C_RULE_EXPRESSION</CMPNAME>
     <LANGU>E</LANGU>
     <DESCRIPT>Condition rule</DESCRIPT>
    </SEOCOMPOTX>
    <SEOCOMPOTX>
     <CLSNAME>ZCL_EXCEL_STYLE_CONDITIONAL</CLSNAME>
     <CMPNAME>C_RULE_EXPRESSION</CMPNAME>
     <LANGU>I</LANGU>
     <DESCRIPT>Condition rule</DESCRIPT>
    </SEOCOMPOTX>
    <SEOCOMPOTX>
     <CLSNAME>ZCL_EXCEL_STYLE_CONDITIONAL</CLSNAME>
     <CMPNAME>C_RULE_ICONSET</CMPNAME>
     <LANGU>E</LANGU>
     <DESCRIPT>Condition rule</DESCRIPT>
    </SEOCOMPOTX>
    <SEOCOMPOTX>
     <CLSNAME>ZCL_EXCEL_STYLE_CONDITIONAL</CLSNAME>
     <CMPNAME>C_RULE_ICONSET</CMPNAME>
     <LANGU>I</LANGU>
     <DESCRIPT>Condition rule</DESCRIPT>
    </SEOCOMPOTX>
    <SEOCOMPOTX>
     <CLSNAME>ZCL_EXCEL_STYLE_CONDITIONAL</CLSNAME>
     <CMPNAME>C_RULE_NONE</CMPNAME>
     <LANGU>E</LANGU>
     <DESCRIPT>Condition rule</DESCRIPT>
    </SEOCOMPOTX>
    <SEOCOMPOTX>
     <CLSNAME>ZCL_EXCEL_STYLE_CONDITIONAL</CLSNAME>
     <CMPNAME>C_RULE_NONE</CMPNAME>
     <LANGU>I</LANGU>
     <DESCRIPT>Condition rule</DESCRIPT>
    </SEOCOMPOTX>
    <SEOCOMPOTX>
     <CLSNAME>ZCL_EXCEL_STYLE_CONDITIONAL</CLSNAME>
     <CMPNAME>C_RULE_TOP10</CMPNAME>
     <LANGU>E</LANGU>
     <DESCRIPT>Rule top-10</DESCRIPT>
    </SEOCOMPOTX>
    <SEOCOMPOTX>
     <CLSNAME>ZCL_EXCEL_STYLE_CONDITIONAL</CLSNAME>
     <CMPNAME>C_SHOWVALUE_FALSE</CMPNAME>
     <LANGU>E</LANGU>
     <DESCRIPT>Condition type</DESCRIPT>
    </SEOCOMPOTX>
    <SEOCOMPOTX>
     <CLSNAME>ZCL_EXCEL_STYLE_CONDITIONAL</CLSNAME>
     <CMPNAME>C_SHOWVALUE_FALSE</CMPNAME>
     <LANGU>I</LANGU>
     <DESCRIPT>Condition type</DESCRIPT>
    </SEOCOMPOTX>
    <SEOCOMPOTX>
     <CLSNAME>ZCL_EXCEL_STYLE_CONDITIONAL</CLSNAME>
     <CMPNAME>C_SHOWVALUE_TRUE</CMPNAME>
     <LANGU>E</LANGU>
     <DESCRIPT>Condition type</DESCRIPT>
    </SEOCOMPOTX>
    <SEOCOMPOTX>
     <CLSNAME>ZCL_EXCEL_STYLE_CONDITIONAL</CLSNAME>
     <CMPNAME>C_SHOWVALUE_TRUE</CMPNAME>
     <LANGU>I</LANGU>
     <DESCRIPT>Condition type</DESCRIPT>
    </SEOCOMPOTX>
    <SEOCOMPOTX>
     <CLSNAME>ZCL_EXCEL_STYLE_CONDITIONAL</CLSNAME>
     <CMPNAME>FACTORY_COND_STYLE_ICONSET</CMPNAME>
     <LANGU>E</LANGU>
     <DESCRIPT>Add conditional style of type iconset</DESCRIPT>
    </SEOCOMPOTX>
    <SEOCOMPOTX>
     <CLSNAME>ZCL_EXCEL_STYLE_CONDITIONAL</CLSNAME>
     <CMPNAME>GET_DIMENSION_RANGE</CMPNAME>
     <LANGU>E</LANGU>
     <DESCRIPT>Get used range dimension</DESCRIPT>
    </SEOCOMPOTX>
    <SEOCOMPOTX>
     <CLSNAME>ZCL_EXCEL_STYLE_CONDITIONAL</CLSNAME>
     <CMPNAME>GET_DIMENSION_RANGE</CMPNAME>
     <LANGU>I</LANGU>
     <DESCRIPT>Get used range dimension</DESCRIPT>
    </SEOCOMPOTX>
    <SEOCOMPOTX>
     <CLSNAME>ZCL_EXCEL_STYLE_CONDITIONAL</CLSNAME>
     <CMPNAME>MODE_ABOVE_AVERAGE</CMPNAME>
     <LANGU>E</LANGU>
     <DESCRIPT>Top10 settings ( topxx_count determines top20,top50... )</DESCRIPT>
    </SEOCOMPOTX>
    <SEOCOMPOTX>
     <CLSNAME>ZCL_EXCEL_STYLE_CONDITIONAL</CLSNAME>
     <CMPNAME>MODE_CELLIS</CMPNAME>
     <LANGU>E</LANGU>
     <DESCRIPT>Iconset settings</DESCRIPT>
    </SEOCOMPOTX>
    <SEOCOMPOTX>
     <CLSNAME>ZCL_EXCEL_STYLE_CONDITIONAL</CLSNAME>
     <CMPNAME>MODE_CELLIS</CMPNAME>
     <LANGU>I</LANGU>
     <DESCRIPT>Iconset settings</DESCRIPT>
    </SEOCOMPOTX>
    <SEOCOMPOTX>
     <CLSNAME>ZCL_EXCEL_STYLE_CONDITIONAL</CLSNAME>
     <CMPNAME>MODE_COLORSCALE</CMPNAME>
     <LANGU>E</LANGU>
     <DESCRIPT>Colorscale settings</DESCRIPT>
    </SEOCOMPOTX>
    <SEOCOMPOTX>
     <CLSNAME>ZCL_EXCEL_STYLE_CONDITIONAL</CLSNAME>
     <CMPNAME>MODE_DATABAR</CMPNAME>
     <LANGU>E</LANGU>
     <DESCRIPT>Databar settings</DESCRIPT>
    </SEOCOMPOTX>
    <SEOCOMPOTX>
     <CLSNAME>ZCL_EXCEL_STYLE_CONDITIONAL</CLSNAME>
     <CMPNAME>MODE_EXPRESSION</CMPNAME>
     <LANGU>E</LANGU>
     <DESCRIPT>Expression settings</DESCRIPT>
    </SEOCOMPOTX>
    <SEOCOMPOTX>
     <CLSNAME>ZCL_EXCEL_STYLE_CONDITIONAL</CLSNAME>
     <CMPNAME>MODE_EXPRESSION</CMPNAME>
     <LANGU>I</LANGU>
     <DESCRIPT>Expression settings</DESCRIPT>
    </SEOCOMPOTX>
    <SEOCOMPOTX>
     <CLSNAME>ZCL_EXCEL_STYLE_CONDITIONAL</CLSNAME>
     <CMPNAME>MODE_ICONSET</CMPNAME>
     <LANGU>E</LANGU>
     <DESCRIPT>Iconset settings</DESCRIPT>
    </SEOCOMPOTX>
    <SEOCOMPOTX>
     <CLSNAME>ZCL_EXCEL_STYLE_CONDITIONAL</CLSNAME>
     <CMPNAME>MODE_ICONSET</CMPNAME>
     <LANGU>I</LANGU>
     <DESCRIPT>Iconset settings</DESCRIPT>
    </SEOCOMPOTX>
    <SEOCOMPOTX>
     <CLSNAME>ZCL_EXCEL_STYLE_CONDITIONAL</CLSNAME>
     <CMPNAME>MODE_TOP10</CMPNAME>
     <LANGU>E</LANGU>
     <DESCRIPT>Top10 settings ( topxx_count determines top20,top50... )</DESCRIPT>
    </SEOCOMPOTX>
    <SEOCOMPOTX>
     <CLSNAME>ZCL_EXCEL_STYLE_CONDITIONAL</CLSNAME>
     <CMPNAME>MV_RULE_RANGE</CMPNAME>
     <LANGU>E</LANGU>
     <DESCRIPT>Rule range</DESCRIPT>
    </SEOCOMPOTX>
    <SEOCOMPOTX>
     <CLSNAME>ZCL_EXCEL_STYLE_CONDITIONAL</CLSNAME>
     <CMPNAME>PRIORITY</CMPNAME>
     <LANGU>E</LANGU>
     <DESCRIPT>Style Priority</DESCRIPT>
    </SEOCOMPOTX>
    <SEOCOMPOTX>
     <CLSNAME>ZCL_EXCEL_STYLE_CONDITIONAL</CLSNAME>
     <CMPNAME>PRIORITY</CMPNAME>
     <LANGU>I</LANGU>
     <DESCRIPT>Style Priority</DESCRIPT>
    </SEOCOMPOTX>
    <SEOCOMPOTX>
     <CLSNAME>ZCL_EXCEL_STYLE_CONDITIONAL</CLSNAME>
     <CMPNAME>RULE</CMPNAME>
     <LANGU>E</LANGU>
     <DESCRIPT>Condition rule</DESCRIPT>
    </SEOCOMPOTX>
    <SEOCOMPOTX>
     <CLSNAME>ZCL_EXCEL_STYLE_CONDITIONAL</CLSNAME>
     <CMPNAME>RULE</CMPNAME>
     <LANGU>I</LANGU>
     <DESCRIPT>Condition rule</DESCRIPT>
    </SEOCOMPOTX>
    <SEOCOMPOTX>
     <CLSNAME>ZCL_EXCEL_STYLE_CONDITIONAL</CLSNAME>
     <CMPNAME>SET_RANGE</CMPNAME>
     <LANGU>E</LANGU>
     <DESCRIPT>Set range used in conditional formatting</DESCRIPT>
    </SEOCOMPOTX>
    <SEOCOMPOTX>
     <CLSNAME>ZCL_EXCEL_STYLE_CONDITIONAL</CLSNAME>
     <CMPNAME>SET_RANGE</CMPNAME>
     <LANGU>I</LANGU>
     <DESCRIPT>Set range used in conditional formatting</DESCRIPT>
    </SEOCOMPOTX>
   </DESCRIPTIONS>
  </asx:values>
 </asx:abap>
</abapGit>
