﻿<?xml version="1.0" encoding="utf-8"?>
<abapGit version="v1.0.0" serializer="LCL_OBJECT_CLAS" serializer_version="v1.0.0">
 <asx:abap xmlns:asx="http://www.sap.com/abapxml" version="1.0">
  <asx:values>
   <VSEOCLASS>
    <CLSNAME>ZCL_ABAP_GRAPH_STRING_TEMPLATE</CLSNAME>
    <VERSION>1</VERSION>
    <LANGU>E</LANGU>
    <EXPOSURE>2</EXPOSURE>
    <STATE>1</STATE>
    <CLSCCINCL>X</CLSCCINCL>
    <FIXPT>X</FIXPT>
    <UNICODE>X</UNICODE>
    <WITH_UNIT_TESTS>X</WITH_UNIT_TESTS>
   </VSEOCLASS>
   <DESCRIPTIONS>
    <SEOCOMPOTX>
     <CLSNAME>ZCL_ABAP_GRAPH_STRING_TEMPLATE</CLSNAME>
     <CMPNAME>CHUNKS</CMPNAME>
     <LANGU>E</LANGU>
     <DESCRIPT>CHUNKS</DESCRIPT>
    </SEOCOMPOTX>
    <SEOCOMPOTX>
     <CLSNAME>ZCL_ABAP_GRAPH_STRING_TEMPLATE</CLSNAME>
     <CMPNAME>CREATE</CMPNAME>
     <LANGU>E</LANGU>
     <DESCRIPT>CREATE</DESCRIPT>
    </SEOCOMPOTX>
    <SEOCOMPOTX>
     <CLSNAME>ZCL_ABAP_GRAPH_STRING_TEMPLATE</CLSNAME>
     <CMPNAME>DECODE</CMPNAME>
     <LANGU>E</LANGU>
     <DESCRIPT>DECODE</DESCRIPT>
    </SEOCOMPOTX>
    <SEOCOMPOTX>
     <CLSNAME>ZCL_ABAP_GRAPH_STRING_TEMPLATE</CLSNAME>
     <CMPNAME>GET_VAR_VALUE</CMPNAME>
     <LANGU>E</LANGU>
     <DESCRIPT>GET_VAR_VALUE</DESCRIPT>
    </SEOCOMPOTX>
    <SEOCOMPOTX>
     <CLSNAME>ZCL_ABAP_GRAPH_STRING_TEMPLATE</CLSNAME>
     <CMPNAME>PARSE</CMPNAME>
     <LANGU>E</LANGU>
     <DESCRIPT>PARSE</DESCRIPT>
    </SEOCOMPOTX>
    <SEOCOMPOTX>
     <CLSNAME>ZCL_ABAP_GRAPH_STRING_TEMPLATE</CLSNAME>
     <CMPNAME>RENDER</CMPNAME>
     <LANGU>E</LANGU>
     <DESCRIPT>RENDER</DESCRIPT>
    </SEOCOMPOTX>
    <SEOCOMPOTX>
     <CLSNAME>ZCL_ABAP_GRAPH_STRING_TEMPLATE</CLSNAME>
     <CMPNAME>SET_VARIABLE</CMPNAME>
     <LANGU>E</LANGU>
     <DESCRIPT>SET_VARIABLE</DESCRIPT>
    </SEOCOMPOTX>
    <SEOCOMPOTX>
     <CLSNAME>ZCL_ABAP_GRAPH_STRING_TEMPLATE</CLSNAME>
     <CMPNAME>TEMPLATE</CMPNAME>
     <LANGU>E</LANGU>
     <DESCRIPT>TEMPLATE</DESCRIPT>
    </SEOCOMPOTX>
    <SEOCOMPOTX>
     <CLSNAME>ZCL_ABAP_GRAPH_STRING_TEMPLATE</CLSNAME>
     <CMPNAME>TY_CHUNK</CMPNAME>
     <LANGU>E</LANGU>
     <DESCRIPT>TY_CHUNK</DESCRIPT>
    </SEOCOMPOTX>
    <SEOCOMPOTX>
     <CLSNAME>ZCL_ABAP_GRAPH_STRING_TEMPLATE</CLSNAME>
     <CMPNAME>VARNAME</CMPNAME>
     <LANGU>E</LANGU>
     <DESCRIPT>VARNAME</DESCRIPT>
    </SEOCOMPOTX>
    <SEOCOMPOTX>
     <CLSNAME>ZCL_ABAP_GRAPH_STRING_TEMPLATE</CLSNAME>
     <CMPNAME>VARNAMES</CMPNAME>
     <LANGU>E</LANGU>
     <DESCRIPT>VARNAMES</DESCRIPT>
    </SEOCOMPOTX>
    <SEOCOMPOTX>
     <CLSNAME>ZCL_ABAP_GRAPH_STRING_TEMPLATE</CLSNAME>
     <CMPNAME>VARVALUES</CMPNAME>
     <LANGU>E</LANGU>
     <DESCRIPT>VARVALUES</DESCRIPT>
    </SEOCOMPOTX>
    <SEOCOMPOTX>
     <CLSNAME>ZCL_ABAP_GRAPH_STRING_TEMPLATE</CLSNAME>
     <CMPNAME>VAR_NOT_FOUND</CMPNAME>
     <LANGU>E</LANGU>
     <DESCRIPT>VAR_NOT_FOUND</DESCRIPT>
    </SEOCOMPOTX>
   </DESCRIPTIONS>
  </asx:values>
 </asx:abap>
</abapGit>
