﻿<?xml version="1.0" encoding="utf-8"?>
<abapGit version="v1.0.0" serializer="LCL_OBJECT_PROG" serializer_version="v1.0.0">
 <asx:abap xmlns:asx="http://www.sap.com/abapxml" version="1.0">
  <asx:values>
   <PROGDIR>
    <NAME>ZDEMO_FALV14</NAME>
    <STATE>A</STATE>
    <VARCL>X</VARCL>
    <DBAPL>S</DBAPL>
    <SUBC>1</SUBC>
    <FIXPT>X</FIXPT>
    <LDBNAME>D$S</LDBNAME>
    <UCCHECK>X</UCCHECK>
   </PROGDIR>
   <TPOOL>
    <item>
     <ID>S</ID>
     <KEY>P_COLEND</KEY>
     <ENTRY>End column</ENTRY>
     <LENGTH>18</LENGTH>
    </item>
    <item>
     <ID>S</ID>
     <KEY>P_COLST</KEY>
     <ENTRY>Start column</ENTRY>
     <LENGTH>20</LENGTH>
    </item>
    <item>
     <ID>S</ID>
     <KEY>P_DEFAU</KEY>
     <ENTRY>Default size</ENTRY>
     <LENGTH>20</LENGTH>
    </item>
    <item>
     <ID>S</ID>
     <KEY>P_ROWEND</KEY>
     <ENTRY>End row</ENTRY>
     <LENGTH>15</LENGTH>
    </item>
    <item>
     <ID>S</ID>
     <KEY>P_ROWST</KEY>
     <ENTRY>Start row</ENTRY>
     <LENGTH>17</LENGTH>
    </item>
    <item>
     <ID>S</ID>
     <KEY>P_SET</KEY>
     <ENTRY>Customized size</ENTRY>
     <LENGTH>23</LENGTH>
    </item>
   </TPOOL>
  </asx:values>
 </asx:abap>
</abapGit>
