﻿<?xml version="1.0" encoding="utf-8"?>
<abapGit version="v1.0.0" serializer="LCL_OBJECT_DTEL" serializer_version="v1.0.0">
 <asx:abap xmlns:asx="http://www.sap.com/abapxml" version="1.0">
  <asx:values>
   <DD04V>
    <ROLLNAME>ZECODE</ROLLNAME>
    <DDLANGUAGE>E</DDLANGUAGE>
    <SCRLEN2>20</SCRLEN2>
    <DDTEXT>Code of Employee</DDTEXT>
    <SCRTEXT_M>Employee code</SCRTEXT_M>
    <DTELMASTER>E</DTELMASTER>
    <DATATYPE>CHAR</DATATYPE>
    <LENG>000030</LENG>
    <OUTPUTLEN>000030</OUTPUTLEN>
   </DD04V>
  </asx:values>
 </asx:abap>
</abapGit>
