﻿<?xml version="1.0" encoding="utf-8"?>
<abapGit version="v1.0.0" serializer="LCL_OBJECT_TABL" serializer_version="v1.0.0">
 <asx:abap xmlns:asx="http://www.sap.com/abapxml" version="1.0">
  <asx:values>
   <DD02V>
    <TABNAME>ZEXCEL_S_WORKSHEET_COLUMNDIME</TABNAME>
    <DDLANGUAGE>E</DDLANGUAGE>
    <TABCLASS>INTTAB</TABCLASS>
    <DDTEXT>Stucture for the collection of column dimensions</DDTEXT>
    <EXCLASS>1</EXCLASS>
   </DD02V>
   <DD03P_TABLE>
    <DD03P>
     <TABNAME>ZEXCEL_S_WORKSHEET_COLUMNDIME</TABNAME>
     <FIELDNAME>COLUMN</FIELDNAME>
     <POSITION>0001</POSITION>
     <ROLLNAME>ZEXCEL_CELL_COLUMN_ALPHA</ROLLNAME>
     <ADMINFIELD>0</ADMINFIELD>
     <COMPTYPE>E</COMPTYPE>
    </DD03P>
    <DD03P>
     <TABNAME>ZEXCEL_S_WORKSHEET_COLUMNDIME</TABNAME>
     <FIELDNAME>COLUMN_DIMENSION</FIELDNAME>
     <POSITION>0002</POSITION>
     <ROLLNAME>ZCL_EXCEL_WORKSHEET_COLUMNDIME</ROLLNAME>
     <ADMINFIELD>0</ADMINFIELD>
     <DATATYPE>REF</DATATYPE>
     <MASK>  REF RC</MASK>
     <COMPTYPE>R</COMPTYPE>
     <REFTYPE>C</REFTYPE>
    </DD03P>
   </DD03P_TABLE>
  </asx:values>
 </asx:abap>
</abapGit>
