﻿<?xml version="1.0" encoding="utf-8"?>
<abapGit version="v1.0.0">
 <asx:abap xmlns:asx="http://www.sap.com/abapxml" version="1.0">
  <asx:values>
   <PROGDIR>
    <NAME>SAPLZFALV</NAME>
    <STATE>A</STATE>
    <VARCL>X</VARCL>
    <DBAPL>S</DBAPL>
    <DBNA>D$</DBNA>
    <SUBC>F</SUBC>
    <APPL>S</APPL>
    <RLOAD>E</RLOAD>
    <FIXPT>X</FIXPT>
    <LDBNAME>D$S</LDBNAME>
    <UCCHECK>X</UCCHECK>
   </PROGDIR>
   <TPOOL>
    <item>
     <ID>I</ID>
     <KEY>E01</KEY>
     <ENTRY>Grid should be in edit mode in order to use this!</ENTRY>
     <LENGTH>120</LENGTH>
    </item>
    <item>
     <ID>I</ID>
     <KEY>E02</KEY>
     <ENTRY>No editable fields in the grid</ENTRY>
     <LENGTH>120</LENGTH>
    </item>
    <item>
     <ID>I</ID>
     <KEY>E03</KEY>
     <ENTRY>Please select editable fields only</ENTRY>
     <LENGTH>120</LENGTH>
    </item>
    <item>
     <ID>I</ID>
     <KEY>E04</KEY>
     <ENTRY>Please select at least one column!</ENTRY>
     <LENGTH>120</LENGTH>
    </item>
    <item>
     <ID>I</ID>
     <KEY>E05</KEY>
     <ENTRY>Select max 10 columns!</ENTRY>
     <LENGTH>120</LENGTH>
    </item>
    <item>
     <ID>I</ID>
     <KEY>E06</KEY>
     <ENTRY>No more free sessions. Close one window.</ENTRY>
     <LENGTH>120</LENGTH>
    </item>
    <item>
     <ID>I</ID>
     <KEY>S01</KEY>
     <ENTRY>Mass replace function</ENTRY>
     <LENGTH>50</LENGTH>
    </item>
    <item>
     <ID>I</ID>
     <KEY>S02</KEY>
     <ENTRY>with:</ENTRY>
     <LENGTH>20</LENGTH>
    </item>
    <item>
     <ID>I</ID>
     <KEY>S03</KEY>
     <ENTRY>Fill</ENTRY>
     <LENGTH>20</LENGTH>
    </item>
   </TPOOL>
  </asx:values>
 </asx:abap>
</abapGit>
