﻿<?xml version="1.0" encoding="utf-8"?>
<abapGit version="v1.0.0" serializer="LCL_OBJECT_DTEL" serializer_version="v1.0.0">
 <asx:abap xmlns:asx="http://www.sap.com/abapxml" version="1.0">
  <asx:values>
   <DD04V>
    <ROLLNAME>ZLOA</ROLLNAME>
    <DDLANGUAGE>E</DDLANGUAGE>
    <DOMNAME>ZLOA</DOMNAME>
    <SCRLEN2>10</SCRLEN2>
    <SCRLEN3>20</SCRLEN3>
    <DDTEXT>LOA number</DDTEXT>
    <SCRTEXT_M>LOA No.</SCRTEXT_M>
    <SCRTEXT_L>LOA Nmber</SCRTEXT_L>
    <DTELMASTER>E</DTELMASTER>
    <SHLPNAME>ZLOA_SEARCHHELP</SHLPNAME>
    <SHLPFIELD>ZLOA</SHLPFIELD>
    <REFKIND>D</REFKIND>
   </DD04V>
  </asx:values>
 </asx:abap>
</abapGit>
