﻿<?xml version="1.0" encoding="utf-8"?>
<abapGit version="v1.0.0" serializer="LCL_OBJECT_SHLP" serializer_version="v1.0.0">
 <asx:abap xmlns:asx="http://www.sap.com/abapxml" version="1.0">
  <asx:values>
   <DD30V>
    <SHLPNAME>ZLOA_SEARCHHELP</SHLPNAME>
    <DDLANGUAGE>E</DDLANGUAGE>
    <DDTEXT>Search help for LOA fields</DDTEXT>
    <ISSIMPLE>X</ISSIMPLE>
    <SELMETHOD>ZLOA_CTKM</SELMETHOD>
    <SELMTYPE>T</SELMTYPE>
    <SELMEXIT>ZF4IF_SHLP_EXIT_EXAMPLE</SELMEXIT>
    <DIALOGTYPE>C</DIALOGTYPE>
    <AUTOSUGGEST>X</AUTOSUGGEST>
    <FUZZY_SIMILARITY>0.8</FUZZY_SIMILARITY>
   </DD30V>
   <DD32P_TABLE>
    <DD32P>
     <SHLPNAME>ZLOA_SEARCHHELP</SHLPNAME>
     <FIELDNAME>ZLOA</FIELDNAME>
     <FLPOSITION>0001</FLPOSITION>
     <ROLLNAME>ZLOA</ROLLNAME>
     <SHLPINPUT>X</SHLPINPUT>
     <SHLPOUTPUT>X</SHLPOUTPUT>
     <SHLPSELPOS>01</SHLPSELPOS>
     <SHLPLISPOS>01</SHLPLISPOS>
     <SCRLEN3>20</SCRLEN3>
    </DD32P>
    <DD32P>
     <SHLPNAME>ZLOA_SEARCHHELP</SHLPNAME>
     <FIELDNAME>ZLOANAME</FIELDNAME>
     <FLPOSITION>0002</FLPOSITION>
     <ROLLNAME>ZLOANAME</ROLLNAME>
     <SHLPOUTPUT>X</SHLPOUTPUT>
     <SHLPSELPOS>02</SHLPSELPOS>
     <SHLPLISPOS>05</SHLPLISPOS>
    </DD32P>
    <DD32P>
     <SHLPNAME>ZLOA_SEARCHHELP</SHLPNAME>
     <FIELDNAME>ZVALIDF</FIELDNAME>
     <FLPOSITION>0003</FLPOSITION>
     <ROLLNAME>GUEBG</ROLLNAME>
     <SHLPINPUT>X</SHLPINPUT>
     <SHLPSELPOS>03</SHLPSELPOS>
     <SHLPLISPOS>02</SHLPLISPOS>
     <SCRLEN3>20</SCRLEN3>
    </DD32P>
    <DD32P>
     <SHLPNAME>ZLOA_SEARCHHELP</SHLPNAME>
     <FIELDNAME>ZVALIDT</FIELDNAME>
     <FLPOSITION>0004</FLPOSITION>
     <ROLLNAME>GUEEN</ROLLNAME>
     <SHLPINPUT>X</SHLPINPUT>
     <SHLPSELPOS>04</SHLPSELPOS>
     <SHLPLISPOS>03</SHLPLISPOS>
     <SCRLEN3>20</SCRLEN3>
    </DD32P>
    <DD32P>
     <SHLPNAME>ZLOA_SEARCHHELP</SHLPNAME>
     <FIELDNAME>ZSCT</FIELDNAME>
     <FLPOSITION>0005</FLPOSITION>
     <ROLLNAME>ZSCT</ROLLNAME>
     <SHLPINPUT>X</SHLPINPUT>
     <SHLPOUTPUT>X</SHLPOUTPUT>
     <SHLPSELPOS>05</SHLPSELPOS>
     <SHLPLISPOS>04</SHLPLISPOS>
     <SCRLEN3>40</SCRLEN3>
    </DD32P>
   </DD32P_TABLE>
  </asx:values>
 </asx:abap>
</abapGit>
