﻿<?xml version="1.0" encoding="utf-8"?>
<abapGit version="v1.0.0" serializer="LCL_OBJECT_VIEW" serializer_version="v1.0.0">
 <asx:abap xmlns:asx="http://www.sap.com/abapxml" version="1.0">
  <asx:values>
   <DD25V>
    <VIEWNAME>ZMM001</VIEWNAME>
    <AS4LOCAL>A</AS4LOCAL>
    <DDLANGUAGE>E</DDLANGUAGE>
    <AGGTYPE>V</AGGTYPE>
    <ROOTTAB>MARD</ROOTTAB>
    <DDTEXT>Material infomation</DDTEXT>
    <VIEWCLASS>D</VIEWCLASS>
    <VIEWGRANT>R</VIEWGRANT>
   </DD25V>
   <DD26V_TABLE>
    <DD26V>
     <VIEWNAME>ZMM001</VIEWNAME>
     <TABNAME>MARD</TABNAME>
     <TABPOS>0001</TABPOS>
     <FORTABNAME>MARD</FORTABNAME>
    </DD26V>
    <DD26V>
     <VIEWNAME>ZMM001</VIEWNAME>
     <TABNAME>MARA</TABNAME>
     <TABPOS>0002</TABPOS>
    </DD26V>
    <DD26V>
     <VIEWNAME>ZMM001</VIEWNAME>
     <TABNAME>MARC</TABNAME>
     <TABPOS>0003</TABPOS>
    </DD26V>
    <DD26V>
     <VIEWNAME>ZMM001</VIEWNAME>
     <TABNAME>EKPO</TABNAME>
     <TABPOS>0004</TABPOS>
    </DD26V>
    <DD26V>
     <VIEWNAME>ZMM001</VIEWNAME>
     <TABNAME>EKBE</TABNAME>
     <TABPOS>0005</TABPOS>
    </DD26V>
    <DD26V>
     <VIEWNAME>ZMM001</VIEWNAME>
     <TABNAME>VBBE</TABNAME>
     <TABPOS>0006</TABPOS>
    </DD26V>
    <DD26V>
     <VIEWNAME>ZMM001</VIEWNAME>
     <TABNAME>VBAP</TABNAME>
     <TABPOS>0007</TABPOS>
    </DD26V>
    <DD26V>
     <VIEWNAME>ZMM001</VIEWNAME>
     <TABNAME>MBEW</TABNAME>
     <TABPOS>0008</TABPOS>
    </DD26V>
   </DD26V_TABLE>
   <DD27P_TABLE>
    <DD27P>
     <VIEWNAME>ZMM001</VIEWNAME>
     <OBJPOS>0001</OBJPOS>
     <DDLANGUAGE>E</DDLANGUAGE>
     <VIEWFIELD>MANDT</VIEWFIELD>
     <TABNAME>MARD</TABNAME>
     <FIELDNAME>MANDT</FIELDNAME>
     <KEYFLAG>X</KEYFLAG>
     <ROLLNAME>MANDT</ROLLNAME>
     <ROLLNAMEVI>MANDT</ROLLNAMEVI>
     <CHECKTABLE>T000</CHECKTABLE>
     <SHLPORIGIN>P</SHLPORIGIN>
    </DD27P>
    <DD27P>
     <VIEWNAME>ZMM001</VIEWNAME>
     <OBJPOS>0002</OBJPOS>
     <DDLANGUAGE>E</DDLANGUAGE>
     <VIEWFIELD>MATNR</VIEWFIELD>
     <TABNAME>MARD</TABNAME>
     <FIELDNAME>MATNR</FIELDNAME>
     <KEYFLAG>X</KEYFLAG>
     <ROLLNAME>MATNR</ROLLNAME>
     <ROLLNAMEVI>MATNR</ROLLNAMEVI>
     <CHECKTABLE>MARA</CHECKTABLE>
     <SHLPORIGIN>X</SHLPORIGIN>
     <SHLPNAME>S_MAT1</SHLPNAME>
     <SHLPFIELD>MATNR</SHLPFIELD>
     <LOGFLAG>X</LOGFLAG>
    </DD27P>
    <DD27P>
     <VIEWNAME>ZMM001</VIEWNAME>
     <OBJPOS>0003</OBJPOS>
     <DDLANGUAGE>E</DDLANGUAGE>
     <VIEWFIELD>WERKS</VIEWFIELD>
     <TABNAME>MARD</TABNAME>
     <FIELDNAME>WERKS</FIELDNAME>
     <KEYFLAG>X</KEYFLAG>
     <ROLLNAME>WERKS_D</ROLLNAME>
     <ROLLNAMEVI>WERKS_D</ROLLNAMEVI>
     <CHECKTABLE>MARC</CHECKTABLE>
     <SHLPORIGIN>P</SHLPORIGIN>
     <SHLPNAME>H_T001W_C</SHLPNAME>
     <SHLPFIELD>WERKS</SHLPFIELD>
     <LOGFLAG>X</LOGFLAG>
    </DD27P>
    <DD27P>
     <VIEWNAME>ZMM001</VIEWNAME>
     <OBJPOS>0004</OBJPOS>
     <DDLANGUAGE>E</DDLANGUAGE>
     <VIEWFIELD>LGORT</VIEWFIELD>
     <TABNAME>MARD</TABNAME>
     <FIELDNAME>LGORT</FIELDNAME>
     <KEYFLAG>X</KEYFLAG>
     <ROLLNAME>LGORT_D</ROLLNAME>
     <ROLLNAMEVI>LGORT_D</ROLLNAMEVI>
     <CHECKTABLE>T001L</CHECKTABLE>
     <SHLPORIGIN>P</SHLPORIGIN>
     <LOGFLAG>X</LOGFLAG>
    </DD27P>
    <DD27P>
     <VIEWNAME>ZMM001</VIEWNAME>
     <OBJPOS>0005</OBJPOS>
     <DDLANGUAGE>E</DDLANGUAGE>
     <VIEWFIELD>LABST</VIEWFIELD>
     <TABNAME>MARD</TABNAME>
     <FIELDNAME>LABST</FIELDNAME>
     <KEYFLAG>X</KEYFLAG>
     <ROLLNAME>LABST</ROLLNAME>
     <ROLLNAMEVI>LABST</ROLLNAMEVI>
     <REFTABLE>MARA</REFTABLE>
     <REFFIELD>MEINS</REFFIELD>
     <LOGFLAG>X</LOGFLAG>
    </DD27P>
    <DD27P>
     <VIEWNAME>ZMM001</VIEWNAME>
     <OBJPOS>0006</OBJPOS>
     <DDLANGUAGE>E</DDLANGUAGE>
     <VIEWFIELD>UMLME</VIEWFIELD>
     <TABNAME>MARD</TABNAME>
     <FIELDNAME>UMLME</FIELDNAME>
     <KEYFLAG>X</KEYFLAG>
     <ROLLNAME>UMLMD</ROLLNAME>
     <ROLLNAMEVI>UMLMD</ROLLNAMEVI>
     <REFTABLE>MARA</REFTABLE>
     <REFFIELD>MEINS</REFFIELD>
     <LOGFLAG>X</LOGFLAG>
    </DD27P>
    <DD27P>
     <VIEWNAME>ZMM001</VIEWNAME>
     <OBJPOS>0007</OBJPOS>
     <DDLANGUAGE>E</DDLANGUAGE>
     <VIEWFIELD>INSME</VIEWFIELD>
     <TABNAME>MARD</TABNAME>
     <FIELDNAME>INSME</FIELDNAME>
     <KEYFLAG>X</KEYFLAG>
     <ROLLNAME>INSME</ROLLNAME>
     <ROLLNAMEVI>INSME</ROLLNAMEVI>
     <REFTABLE>MARA</REFTABLE>
     <REFFIELD>MEINS</REFFIELD>
     <LOGFLAG>X</LOGFLAG>
    </DD27P>
    <DD27P>
     <VIEWNAME>ZMM001</VIEWNAME>
     <OBJPOS>0008</OBJPOS>
     <DDLANGUAGE>E</DDLANGUAGE>
     <VIEWFIELD>SPEME</VIEWFIELD>
     <TABNAME>MARD</TABNAME>
     <FIELDNAME>SPEME</FIELDNAME>
     <KEYFLAG>X</KEYFLAG>
     <ROLLNAME>SPEME</ROLLNAME>
     <ROLLNAMEVI>SPEME</ROLLNAMEVI>
     <REFTABLE>MARA</REFTABLE>
     <REFFIELD>MEINS</REFFIELD>
     <LOGFLAG>X</LOGFLAG>
    </DD27P>
    <DD27P>
     <VIEWNAME>ZMM001</VIEWNAME>
     <OBJPOS>0009</OBJPOS>
     <DDLANGUAGE>E</DDLANGUAGE>
     <VIEWFIELD>RETME</VIEWFIELD>
     <TABNAME>MARD</TABNAME>
     <FIELDNAME>RETME</FIELDNAME>
     <KEYFLAG>X</KEYFLAG>
     <ROLLNAME>RETME</ROLLNAME>
     <ROLLNAMEVI>RETME</ROLLNAMEVI>
     <REFTABLE>MARA</REFTABLE>
     <REFFIELD>MEINS</REFFIELD>
     <LOGFLAG>X</LOGFLAG>
    </DD27P>
    <DD27P>
     <VIEWNAME>ZMM001</VIEWNAME>
     <OBJPOS>0010</OBJPOS>
     <DDLANGUAGE>E</DDLANGUAGE>
     <VIEWFIELD>MTART</VIEWFIELD>
     <TABNAME>MARA</TABNAME>
     <FIELDNAME>MTART</FIELDNAME>
     <KEYFLAG>X</KEYFLAG>
     <ROLLNAME>MTART</ROLLNAME>
     <ROLLNAMEVI>MTART</ROLLNAMEVI>
     <CHECKTABLE>T134</CHECKTABLE>
     <SHLPORIGIN>P</SHLPORIGIN>
     <LOGFLAG>X</LOGFLAG>
    </DD27P>
    <DD27P>
     <VIEWNAME>ZMM001</VIEWNAME>
     <OBJPOS>0011</OBJPOS>
     <DDLANGUAGE>E</DDLANGUAGE>
     <VIEWFIELD>MEINS</VIEWFIELD>
     <TABNAME>MARA</TABNAME>
     <FIELDNAME>MEINS</FIELDNAME>
     <KEYFLAG>X</KEYFLAG>
     <ROLLNAME>MEINS</ROLLNAME>
     <ROLLNAMEVI>MEINS</ROLLNAMEVI>
     <CHECKTABLE>T006</CHECKTABLE>
     <SHLPORIGIN>P</SHLPORIGIN>
     <LOGFLAG>X</LOGFLAG>
    </DD27P>
    <DD27P>
     <VIEWNAME>ZMM001</VIEWNAME>
     <OBJPOS>0012</OBJPOS>
     <DDLANGUAGE>E</DDLANGUAGE>
     <VIEWFIELD>BWKEY</VIEWFIELD>
     <TABNAME>MBEW</TABNAME>
     <FIELDNAME>BWKEY</FIELDNAME>
     <KEYFLAG>X</KEYFLAG>
     <ROLLNAME>BWKEY</ROLLNAME>
     <ROLLNAMEVI>BWKEY</ROLLNAMEVI>
     <CHECKTABLE>T001K</CHECKTABLE>
     <SHLPORIGIN>P</SHLPORIGIN>
     <LOGFLAG>X</LOGFLAG>
    </DD27P>
    <DD27P>
     <VIEWNAME>ZMM001</VIEWNAME>
     <OBJPOS>0013</OBJPOS>
     <DDLANGUAGE>E</DDLANGUAGE>
     <VIEWFIELD>BWTAR</VIEWFIELD>
     <TABNAME>MBEW</TABNAME>
     <FIELDNAME>BWTAR</FIELDNAME>
     <KEYFLAG>X</KEYFLAG>
     <ROLLNAME>BWTAR_D</ROLLNAME>
     <ROLLNAMEVI>BWTAR_D</ROLLNAMEVI>
     <LOGFLAG>X</LOGFLAG>
    </DD27P>
    <DD27P>
     <VIEWNAME>ZMM001</VIEWNAME>
     <OBJPOS>0014</OBJPOS>
     <DDLANGUAGE>E</DDLANGUAGE>
     <VIEWFIELD>SALK3</VIEWFIELD>
     <TABNAME>MBEW</TABNAME>
     <FIELDNAME>SALK3</FIELDNAME>
     <KEYFLAG>X</KEYFLAG>
     <ROLLNAME>SALK3</ROLLNAME>
     <ROLLNAMEVI>SALK3</ROLLNAMEVI>
     <REFTABLE>T001</REFTABLE>
     <REFFIELD>WAERS</REFFIELD>
     <LOGFLAG>X</LOGFLAG>
    </DD27P>
    <DD27P>
     <VIEWNAME>ZMM001</VIEWNAME>
     <OBJPOS>0015</OBJPOS>
     <DDLANGUAGE>E</DDLANGUAGE>
     <VIEWFIELD>UMLMC</VIEWFIELD>
     <TABNAME>MARC</TABNAME>
     <FIELDNAME>UMLMC</FIELDNAME>
     <KEYFLAG>X</KEYFLAG>
     <ROLLNAME>UMLME</ROLLNAME>
     <ROLLNAMEVI>UMLME</ROLLNAMEVI>
     <REFTABLE>MARA</REFTABLE>
     <REFFIELD>MEINS</REFFIELD>
     <LOGFLAG>X</LOGFLAG>
    </DD27P>
    <DD27P>
     <VIEWNAME>ZMM001</VIEWNAME>
     <OBJPOS>0016</OBJPOS>
     <DDLANGUAGE>E</DDLANGUAGE>
     <VIEWFIELD>TRAME</VIEWFIELD>
     <TABNAME>MARC</TABNAME>
     <FIELDNAME>TRAME</FIELDNAME>
     <KEYFLAG>X</KEYFLAG>
     <ROLLNAME>TRAME</ROLLNAME>
     <ROLLNAMEVI>TRAME</ROLLNAMEVI>
     <REFTABLE>MARA</REFTABLE>
     <REFFIELD>MEINS</REFFIELD>
    </DD27P>
    <DD27P>
     <VIEWNAME>ZMM001</VIEWNAME>
     <OBJPOS>0017</OBJPOS>
     <DDLANGUAGE>E</DDLANGUAGE>
     <VIEWFIELD>EBELN</VIEWFIELD>
     <TABNAME>EKBE</TABNAME>
     <FIELDNAME>EBELN</FIELDNAME>
     <KEYFLAG>X</KEYFLAG>
     <ROLLNAME>EBELN</ROLLNAME>
     <ROLLNAMEVI>EBELN</ROLLNAMEVI>
     <CHECKTABLE>EKKO</CHECKTABLE>
     <SHLPORIGIN>P</SHLPORIGIN>
     <SHLPNAME>MEKK_C</SHLPNAME>
     <SHLPFIELD>EBELN</SHLPFIELD>
    </DD27P>
    <DD27P>
     <VIEWNAME>ZMM001</VIEWNAME>
     <OBJPOS>0018</OBJPOS>
     <DDLANGUAGE>E</DDLANGUAGE>
     <VIEWFIELD>EBELP</VIEWFIELD>
     <TABNAME>EKBE</TABNAME>
     <FIELDNAME>EBELP</FIELDNAME>
     <KEYFLAG>X</KEYFLAG>
     <ROLLNAME>EBELP</ROLLNAME>
     <ROLLNAMEVI>EBELP</ROLLNAMEVI>
     <CHECKTABLE>EKPO</CHECKTABLE>
     <SHLPORIGIN>P</SHLPORIGIN>
    </DD27P>
    <DD27P>
     <VIEWNAME>ZMM001</VIEWNAME>
     <OBJPOS>0019</OBJPOS>
     <DDLANGUAGE>E</DDLANGUAGE>
     <VIEWFIELD>ZEKKN</VIEWFIELD>
     <TABNAME>EKBE</TABNAME>
     <FIELDNAME>ZEKKN</FIELDNAME>
     <KEYFLAG>X</KEYFLAG>
     <ROLLNAME>DZEKKN</ROLLNAME>
     <ROLLNAMEVI>DZEKKN</ROLLNAMEVI>
    </DD27P>
    <DD27P>
     <VIEWNAME>ZMM001</VIEWNAME>
     <OBJPOS>0020</OBJPOS>
     <DDLANGUAGE>E</DDLANGUAGE>
     <VIEWFIELD>VGABE</VIEWFIELD>
     <TABNAME>EKBE</TABNAME>
     <FIELDNAME>VGABE</FIELDNAME>
     <KEYFLAG>X</KEYFLAG>
     <ROLLNAME>VGABE</ROLLNAME>
     <ROLLNAMEVI>VGABE</ROLLNAMEVI>
     <SHLPORIGIN>F</SHLPORIGIN>
     <LOGFLAG>X</LOGFLAG>
     <VALEXI>X</VALEXI>
    </DD27P>
    <DD27P>
     <VIEWNAME>ZMM001</VIEWNAME>
     <OBJPOS>0021</OBJPOS>
     <DDLANGUAGE>E</DDLANGUAGE>
     <VIEWFIELD>GJAHR</VIEWFIELD>
     <TABNAME>EKBE</TABNAME>
     <FIELDNAME>GJAHR</FIELDNAME>
     <KEYFLAG>X</KEYFLAG>
     <ROLLNAME>MJAHR</ROLLNAME>
     <ROLLNAMEVI>MJAHR</ROLLNAMEVI>
    </DD27P>
    <DD27P>
     <VIEWNAME>ZMM001</VIEWNAME>
     <OBJPOS>0022</OBJPOS>
     <DDLANGUAGE>E</DDLANGUAGE>
     <VIEWFIELD>BELNR</VIEWFIELD>
     <TABNAME>EKBE</TABNAME>
     <FIELDNAME>BELNR</FIELDNAME>
     <KEYFLAG>X</KEYFLAG>
     <ROLLNAME>MBLNR</ROLLNAME>
     <ROLLNAMEVI>MBLNR</ROLLNAMEVI>
    </DD27P>
    <DD27P>
     <VIEWNAME>ZMM001</VIEWNAME>
     <OBJPOS>0023</OBJPOS>
     <DDLANGUAGE>E</DDLANGUAGE>
     <VIEWFIELD>BUZEI</VIEWFIELD>
     <TABNAME>EKBE</TABNAME>
     <FIELDNAME>BUZEI</FIELDNAME>
     <KEYFLAG>X</KEYFLAG>
     <ROLLNAME>MBLPO</ROLLNAME>
     <ROLLNAMEVI>MBLPO</ROLLNAMEVI>
    </DD27P>
    <DD27P>
     <VIEWNAME>ZMM001</VIEWNAME>
     <OBJPOS>0024</OBJPOS>
     <DDLANGUAGE>E</DDLANGUAGE>
     <VIEWFIELD>WESBS</VIEWFIELD>
     <TABNAME>EKBE</TABNAME>
     <FIELDNAME>WESBS</FIELDNAME>
     <KEYFLAG>X</KEYFLAG>
     <ROLLNAME>WESBS</ROLLNAME>
     <ROLLNAMEVI>WESBS</ROLLNAMEVI>
     <REFTABLE>EKPO</REFTABLE>
     <REFFIELD>MEINS</REFFIELD>
    </DD27P>
    <DD27P>
     <VIEWNAME>ZMM001</VIEWNAME>
     <OBJPOS>0025</OBJPOS>
     <DDLANGUAGE>E</DDLANGUAGE>
     <VIEWFIELD>POSNR</VIEWFIELD>
     <TABNAME>VBAP</TABNAME>
     <FIELDNAME>POSNR</FIELDNAME>
     <KEYFLAG>X</KEYFLAG>
     <ROLLNAME>POSNR_VA</ROLLNAME>
     <ROLLNAMEVI>POSNR_VA</ROLLNAMEVI>
     <CHECKTABLE>VBUP</CHECKTABLE>
     <SHLPORIGIN>P</SHLPORIGIN>
     <LOGFLAG>X</LOGFLAG>
    </DD27P>
    <DD27P>
     <VIEWNAME>ZMM001</VIEWNAME>
     <OBJPOS>0026</OBJPOS>
     <DDLANGUAGE>E</DDLANGUAGE>
     <VIEWFIELD>KWMENG</VIEWFIELD>
     <TABNAME>VBAP</TABNAME>
     <FIELDNAME>KWMENG</FIELDNAME>
     <KEYFLAG>X</KEYFLAG>
     <ROLLNAME>KWMENG</ROLLNAME>
     <ROLLNAMEVI>KWMENG</ROLLNAMEVI>
     <REFTABLE>VBAP</REFTABLE>
     <REFFIELD>VRKME</REFFIELD>
    </DD27P>
    <DD27P>
     <VIEWNAME>ZMM001</VIEWNAME>
     <OBJPOS>0027</OBJPOS>
     <DDLANGUAGE>E</DDLANGUAGE>
     <VIEWFIELD>MENGE</VIEWFIELD>
     <TABNAME>EKPO</TABNAME>
     <FIELDNAME>MENGE</FIELDNAME>
     <KEYFLAG>X</KEYFLAG>
     <ROLLNAME>BSTMG</ROLLNAME>
     <ROLLNAMEVI>BSTMG</ROLLNAMEVI>
     <REFTABLE>EKPO</REFTABLE>
     <REFFIELD>MEINS</REFFIELD>
     <LOGFLAG>X</LOGFLAG>
    </DD27P>
    <DD27P>
     <VIEWNAME>ZMM001</VIEWNAME>
     <OBJPOS>0028</OBJPOS>
     <DDLANGUAGE>E</DDLANGUAGE>
     <VIEWFIELD>VBELN</VIEWFIELD>
     <TABNAME>VBAP</TABNAME>
     <FIELDNAME>VBELN</FIELDNAME>
     <KEYFLAG>X</KEYFLAG>
     <ROLLNAME>VBELN_VA</ROLLNAME>
     <ROLLNAMEVI>VBELN_VA</ROLLNAMEVI>
     <CHECKTABLE>VBUK</CHECKTABLE>
     <SHLPORIGIN>P</SHLPORIGIN>
     <LOGFLAG>X</LOGFLAG>
    </DD27P>
    <DD27P>
     <VIEWNAME>ZMM001</VIEWNAME>
     <OBJPOS>0029</OBJPOS>
     <DDLANGUAGE>E</DDLANGUAGE>
     <VIEWFIELD>ETENR</VIEWFIELD>
     <TABNAME>VBBE</TABNAME>
     <FIELDNAME>ETENR</FIELDNAME>
     <KEYFLAG>X</KEYFLAG>
     <ROLLNAME>ETENR</ROLLNAME>
     <ROLLNAMEVI>ETENR</ROLLNAMEVI>
     <CHECKTABLE>VBEP</CHECKTABLE>
     <SHLPORIGIN>P</SHLPORIGIN>
     <LOGFLAG>X</LOGFLAG>
    </DD27P>
    <DD27P>
     <VIEWNAME>ZMM001</VIEWNAME>
     <OBJPOS>0030</OBJPOS>
     <DDLANGUAGE>E</DDLANGUAGE>
     <VIEWFIELD>OMENG</VIEWFIELD>
     <TABNAME>VBBE</TABNAME>
     <FIELDNAME>OMENG</FIELDNAME>
     <KEYFLAG>X</KEYFLAG>
     <ROLLNAME>OMENG</ROLLNAME>
     <ROLLNAMEVI>OMENG</ROLLNAMEVI>
     <REFTABLE>VBBE</REFTABLE>
     <REFFIELD>MEINS</REFFIELD>
    </DD27P>
    <DD27P>
     <VIEWNAME>ZMM001</VIEWNAME>
     <OBJPOS>0031</OBJPOS>
     <DDLANGUAGE>E</DDLANGUAGE>
     <VIEWFIELD>VBELN1</VIEWFIELD>
     <TABNAME>VBBE</TABNAME>
     <FIELDNAME>VBELN</FIELDNAME>
     <KEYFLAG>X</KEYFLAG>
     <ROLLNAME>VBELN_VA</ROLLNAME>
     <ROLLNAMEVI>VBELN_VA</ROLLNAMEVI>
     <CHECKTABLE>VBUK</CHECKTABLE>
     <SHLPORIGIN>P</SHLPORIGIN>
     <LOGFLAG>X</LOGFLAG>
    </DD27P>
    <DD27P>
     <VIEWNAME>ZMM001</VIEWNAME>
     <OBJPOS>0032</OBJPOS>
     <DDLANGUAGE>E</DDLANGUAGE>
     <VIEWFIELD>POSNR1</VIEWFIELD>
     <TABNAME>VBBE</TABNAME>
     <FIELDNAME>POSNR</FIELDNAME>
     <KEYFLAG>X</KEYFLAG>
     <ROLLNAME>POSNR_VA</ROLLNAME>
     <ROLLNAMEVI>POSNR_VA</ROLLNAMEVI>
     <CHECKTABLE>VBUP</CHECKTABLE>
     <SHLPORIGIN>P</SHLPORIGIN>
     <LOGFLAG>X</LOGFLAG>
    </DD27P>
   </DD27P_TABLE>
   <DD28J_TABLE>
    <DD28J>
     <VIEWNAME>ZMM001</VIEWNAME>
     <LTAB>MARA</LTAB>
     <LFIELD>MANDT</LFIELD>
     <OPERATOR>EQ</OPERATOR>
     <RTAB>MARD</RTAB>
     <RFIELD>MANDT</RFIELD>
     <SOURCE>S</SOURCE>
    </DD28J>
    <DD28J>
     <VIEWNAME>ZMM001</VIEWNAME>
     <LTAB>MARA</LTAB>
     <LFIELD>MATNR</LFIELD>
     <OPERATOR>EQ</OPERATOR>
     <RTAB>MARD</RTAB>
     <RFIELD>MATNR</RFIELD>
     <SOURCE>S</SOURCE>
    </DD28J>
    <DD28J>
     <VIEWNAME>ZMM001</VIEWNAME>
     <LTAB>MARD</LTAB>
     <LFIELD>MANDT</LFIELD>
     <OPERATOR>EQ</OPERATOR>
     <RTAB>MARC</RTAB>
     <RFIELD>MANDT</RFIELD>
     <SOURCE>S</SOURCE>
    </DD28J>
    <DD28J>
     <VIEWNAME>ZMM001</VIEWNAME>
     <LTAB>MARD</LTAB>
     <LFIELD>MATNR</LFIELD>
     <OPERATOR>EQ</OPERATOR>
     <RTAB>MARC</RTAB>
     <RFIELD>MATNR</RFIELD>
     <SOURCE>S</SOURCE>
    </DD28J>
    <DD28J>
     <VIEWNAME>ZMM001</VIEWNAME>
     <LTAB>MARD</LTAB>
     <LFIELD>WERKS</LFIELD>
     <OPERATOR>EQ</OPERATOR>
     <RTAB>MARC</RTAB>
     <RFIELD>WERKS</RFIELD>
     <SOURCE>S</SOURCE>
    </DD28J>
    <DD28J>
     <VIEWNAME>ZMM001</VIEWNAME>
     <LTAB>MARD</LTAB>
     <LFIELD>MANDT</LFIELD>
     <OPERATOR>EQ</OPERATOR>
     <RTAB>EKPO</RTAB>
     <RFIELD>MANDT</RFIELD>
     <SOURCE>S</SOURCE>
    </DD28J>
    <DD28J>
     <VIEWNAME>ZMM001</VIEWNAME>
     <LTAB>MARD</LTAB>
     <LFIELD>WERKS</LFIELD>
     <OPERATOR>EQ</OPERATOR>
     <RTAB>EKPO</RTAB>
     <RFIELD>WERKS</RFIELD>
     <SOURCE>S</SOURCE>
    </DD28J>
    <DD28J>
     <VIEWNAME>ZMM001</VIEWNAME>
     <LTAB>MARD</LTAB>
     <LFIELD>MATNR</LFIELD>
     <OPERATOR>EQ</OPERATOR>
     <RTAB>EKPO</RTAB>
     <RFIELD>MATNR</RFIELD>
     <SOURCE>S</SOURCE>
    </DD28J>
    <DD28J>
     <VIEWNAME>ZMM001</VIEWNAME>
     <LTAB>EKPO</LTAB>
     <LFIELD>MANDT</LFIELD>
     <OPERATOR>EQ</OPERATOR>
     <RTAB>EKBE</RTAB>
     <RFIELD>MANDT</RFIELD>
     <SOURCE>S</SOURCE>
    </DD28J>
    <DD28J>
     <VIEWNAME>ZMM001</VIEWNAME>
     <LTAB>EKPO</LTAB>
     <LFIELD>EBELN</LFIELD>
     <OPERATOR>EQ</OPERATOR>
     <RTAB>EKBE</RTAB>
     <RFIELD>EBELN</RFIELD>
     <SOURCE>S</SOURCE>
    </DD28J>
    <DD28J>
     <VIEWNAME>ZMM001</VIEWNAME>
     <LTAB>EKPO</LTAB>
     <LFIELD>EBELP</LFIELD>
     <OPERATOR>EQ</OPERATOR>
     <RTAB>EKBE</RTAB>
     <RFIELD>EBELP</RFIELD>
     <SOURCE>S</SOURCE>
    </DD28J>
    <DD28J>
     <VIEWNAME>ZMM001</VIEWNAME>
     <LTAB>MARD</LTAB>
     <LFIELD>MANDT</LFIELD>
     <OPERATOR>EQ</OPERATOR>
     <RTAB>VBBE</RTAB>
     <RFIELD>MANDT</RFIELD>
     <SOURCE>S</SOURCE>
    </DD28J>
    <DD28J>
     <VIEWNAME>ZMM001</VIEWNAME>
     <LTAB>MARD</LTAB>
     <LFIELD>WERKS</LFIELD>
     <OPERATOR>EQ</OPERATOR>
     <RTAB>VBBE</RTAB>
     <RFIELD>WERKS</RFIELD>
     <SOURCE>S</SOURCE>
    </DD28J>
    <DD28J>
     <VIEWNAME>ZMM001</VIEWNAME>
     <LTAB>MARD</LTAB>
     <LFIELD>MATNR</LFIELD>
     <OPERATOR>EQ</OPERATOR>
     <RTAB>VBBE</RTAB>
     <RFIELD>MATNR</RFIELD>
     <SOURCE>S</SOURCE>
    </DD28J>
    <DD28J>
     <VIEWNAME>ZMM001</VIEWNAME>
     <LTAB>MARD</LTAB>
     <LFIELD>MANDT</LFIELD>
     <OPERATOR>EQ</OPERATOR>
     <RTAB>VBAP</RTAB>
     <RFIELD>MANDT</RFIELD>
     <SOURCE>S</SOURCE>
    </DD28J>
    <DD28J>
     <VIEWNAME>ZMM001</VIEWNAME>
     <LTAB>MARD</LTAB>
     <LFIELD>WERKS</LFIELD>
     <OPERATOR>EQ</OPERATOR>
     <RTAB>VBAP</RTAB>
     <RFIELD>WERKS</RFIELD>
     <SOURCE>S</SOURCE>
    </DD28J>
    <DD28J>
     <VIEWNAME>ZMM001</VIEWNAME>
     <LTAB>MARD</LTAB>
     <LFIELD>MATNR</LFIELD>
     <OPERATOR>EQ</OPERATOR>
     <RTAB>VBAP</RTAB>
     <RFIELD>MATNR</RFIELD>
     <SOURCE>S</SOURCE>
    </DD28J>
    <DD28J>
     <VIEWNAME>ZMM001</VIEWNAME>
     <LTAB>MARD</LTAB>
     <LFIELD>MANDT</LFIELD>
     <OPERATOR>EQ</OPERATOR>
     <RTAB>MBEW</RTAB>
     <RFIELD>MANDT</RFIELD>
     <SOURCE>S</SOURCE>
    </DD28J>
    <DD28J>
     <VIEWNAME>ZMM001</VIEWNAME>
     <LTAB>MARD</LTAB>
     <LFIELD>MATNR</LFIELD>
     <OPERATOR>EQ</OPERATOR>
     <RTAB>MBEW</RTAB>
     <RFIELD>MATNR</RFIELD>
     <SOURCE>S</SOURCE>
    </DD28J>
    <DD28J>
     <VIEWNAME>ZMM001</VIEWNAME>
     <LTAB>MARD</LTAB>
     <LFIELD>WERKS</LFIELD>
     <OPERATOR>EQ</OPERATOR>
     <RTAB>MBEW</RTAB>
     <RFIELD>BWKEY</RFIELD>
     <SOURCE>S</SOURCE>
    </DD28J>
   </DD28J_TABLE>
  </asx:values>
 </asx:abap>
</abapGit>
