﻿<?xml version="1.0" encoding="utf-8"?>
<abapGit version="v1.0.0" serializer="LCL_OBJECT_SHLP" serializer_version="v1.0.0">
 <asx:abap xmlns:asx="http://www.sap.com/abapxml" version="1.0">
  <asx:values>
   <DD30V>
    <SHLPNAME>ZPERNO1</SHLPNAME>
    <DDLANGUAGE>E</DDLANGUAGE>
    <DDTEXT>Search Help For Person No.</DDTEXT>
    <ELEMEXI>X</ELEMEXI>
    <ATTACHEXI>X</ATTACHEXI>
    <SELMETHOD>PREM</SELMETHOD>
   </DD30V>
   <DD31V_TABLE>
    <DD31V>
     <SHLPNAME>ZPERNO1</SHLPNAME>
     <SUBSHLP>ZPERNO</SUBSHLP>
     <SHPOSITION>0001</SHPOSITION>
     <VIASHLP>ZPERNO1</VIASHLP>
    </DD31V>
   </DD31V_TABLE>
   <DD32P_TABLE>
    <DD32P>
     <SHLPNAME>ZPERNO1</SHLPNAME>
     <FIELDNAME>PERNR</FIELDNAME>
     <FLPOSITION>0001</FLPOSITION>
     <ROLLNAME>PERSNO</ROLLNAME>
     <SHLPOUTPUT>X</SHLPOUTPUT>
     <ROLLCHANGE>N</ROLLCHANGE>
     <SCRLEN3>20</SCRLEN3>
    </DD32P>
   </DD32P_TABLE>
   <DD33V_TABLE>
    <DD33V>
     <SHLPNAME>ZPERNO1</SHLPNAME>
     <FIELDNAME>PERNR</FIELDNAME>
     <SUBSHLP>ZPERNO</SUBSHLP>
     <SUBFIELD>PERNR</SUBFIELD>
     <VALUEDIREC>C</VALUEDIREC>
    </DD33V>
   </DD33V_TABLE>
  </asx:values>
 </asx:abap>
</abapGit>
