﻿<?xml version="1.0" encoding="utf-8"?>
<abapGit version="v1.0.0" serializer="LCL_OBJECT_SHLP" serializer_version="v1.0.0">
 <asx:abap xmlns:asx="http://www.sap.com/abapxml" version="1.0">
  <asx:values>
   <DD30V>
    <SHLPNAME>ZPERNO</SHLPNAME>
    <DDLANGUAGE>E</DDLANGUAGE>
    <DDTEXT>Personnel Number Search</DDTEXT>
    <ISSIMPLE>X</ISSIMPLE>
    <SELMETHOD>ZSRCHLP_V</SELMETHOD>
    <SELMTYPE>V</SELMTYPE>
    <SELMEXIT>HRMC_PREM_EXIT_A</SELMEXIT>
    <HOTKEY>Z</HOTKEY>
    <DIALOGTYPE>C</DIALOGTYPE>
    <FUZZY_SIMILARITY>0.8</FUZZY_SIMILARITY>
   </DD30V>
   <DD32P_TABLE>
    <DD32P>
     <SHLPNAME>ZPERNO</SHLPNAME>
     <FIELDNAME>PERNR</FIELDNAME>
     <FLPOSITION>0001</FLPOSITION>
     <ROLLNAME>PERSNO</ROLLNAME>
     <SHLPINPUT>X</SHLPINPUT>
     <SHLPOUTPUT>X</SHLPOUTPUT>
     <SHLPSELPOS>01</SHLPSELPOS>
     <SHLPLISPOS>01</SHLPLISPOS>
     <ROLLCHANGE>X</ROLLCHANGE>
     <SCRLEN3>20</SCRLEN3>
    </DD32P>
    <DD32P>
     <SHLPNAME>ZPERNO</SHLPNAME>
     <FIELDNAME>BEGDA</FIELDNAME>
     <FLPOSITION>0002</FLPOSITION>
     <ROLLNAME>BEGDA</ROLLNAME>
     <SHLPINPUT>X</SHLPINPUT>
     <SHLPSELPOS>07</SHLPSELPOS>
     <SHLPLISPOS>07</SHLPLISPOS>
     <SCRLEN3>20</SCRLEN3>
    </DD32P>
    <DD32P>
     <SHLPNAME>ZPERNO</SHLPNAME>
     <FIELDNAME>ENDDA</FIELDNAME>
     <FLPOSITION>0003</FLPOSITION>
     <ROLLNAME>ENDDA</ROLLNAME>
     <SHLPINPUT>X</SHLPINPUT>
     <SHLPSELPOS>08</SHLPSELPOS>
     <SHLPLISPOS>08</SHLPLISPOS>
     <SCRLEN3>15</SCRLEN3>
    </DD32P>
    <DD32P>
     <SHLPNAME>ZPERNO</SHLPNAME>
     <FIELDNAME>ENAME</FIELDNAME>
     <FLPOSITION>0004</FLPOSITION>
     <ROLLNAME>EMNAM</ROLLNAME>
     <SHLPINPUT>X</SHLPINPUT>
     <SHLPSELPOS>02</SHLPSELPOS>
     <SHLPLISPOS>02</SHLPLISPOS>
     <ROLLCHANGE>X</ROLLCHANGE>
     <SCRLEN3>20</SCRLEN3>
    </DD32P>
    <DD32P>
     <SHLPNAME>ZPERNO</SHLPNAME>
     <FIELDNAME>ORGTX</FIELDNAME>
     <FLPOSITION>0005</FLPOSITION>
     <ROLLNAME>ORGTX</ROLLNAME>
     <SHLPINPUT>X</SHLPINPUT>
     <SHLPSELPOS>04</SHLPSELPOS>
     <SHLPLISPOS>04</SHLPLISPOS>
     <ROLLCHANGE>X</ROLLCHANGE>
     <SCRLEN3>20</SCRLEN3>
    </DD32P>
    <DD32P>
     <SHLPNAME>ZPERNO</SHLPNAME>
     <FIELDNAME>PLSTX</FIELDNAME>
     <FLPOSITION>0006</FLPOSITION>
     <ROLLNAME>PLSTX</ROLLNAME>
     <SHLPINPUT>X</SHLPINPUT>
     <SHLPSELPOS>06</SHLPSELPOS>
     <SHLPLISPOS>06</SHLPLISPOS>
     <ROLLCHANGE>X</ROLLCHANGE>
     <SCRLEN3>20</SCRLEN3>
    </DD32P>
    <DD32P>
     <SHLPNAME>ZPERNO</SHLPNAME>
     <FIELDNAME>ORGEH</FIELDNAME>
     <FLPOSITION>0007</FLPOSITION>
     <ROLLNAME>ORGEH</ROLLNAME>
     <SHLPINPUT>X</SHLPINPUT>
     <SHLPOUTPUT>X</SHLPOUTPUT>
     <SHLPSELPOS>03</SHLPSELPOS>
     <SHLPLISPOS>03</SHLPLISPOS>
     <ROLLCHANGE>X</ROLLCHANGE>
     <SCRLEN3>20</SCRLEN3>
    </DD32P>
    <DD32P>
     <SHLPNAME>ZPERNO</SHLPNAME>
     <FIELDNAME>PLANS</FIELDNAME>
     <FLPOSITION>0008</FLPOSITION>
     <ROLLNAME>PLANS</ROLLNAME>
     <SHLPINPUT>X</SHLPINPUT>
     <SHLPOUTPUT>X</SHLPOUTPUT>
     <SHLPSELPOS>05</SHLPSELPOS>
     <SHLPLISPOS>05</SHLPLISPOS>
     <ROLLCHANGE>X</ROLLCHANGE>
     <SCRLEN3>20</SCRLEN3>
    </DD32P>
   </DD32P_TABLE>
  </asx:values>
 </asx:abap>
</abapGit>
