﻿<?xml version="1.0" encoding="utf-8"?>
<abapGit version="v1.0.0" serializer="LCL_OBJECT_DTEL" serializer_version="v1.0.0">
 <asx:abap xmlns:asx="http://www.sap.com/abapxml" version="1.0">
  <asx:values>
   <DD04V>
    <ROLLNAME>ZSCT</ROLLNAME>
    <DDLANGUAGE>E</DDLANGUAGE>
    <DOMNAME>ZSCT</DOMNAME>
    <SCRLEN2>20</SCRLEN2>
    <SCRLEN3>40</SCRLEN3>
    <DDTEXT>Số chấp thuận SCT</DDTEXT>
    <SCRTEXT_M>SCT No.</SCRTEXT_M>
    <SCRTEXT_L>SCT Number</SCRTEXT_L>
    <DTELMASTER>E</DTELMASTER>
    <SHLPNAME>ZLOA_SEARCHHELP</SHLPNAME>
    <SHLPFIELD>ZSCT</SHLPFIELD>
    <REFKIND>D</REFKIND>
   </DD04V>
  </asx:values>
 </asx:abap>
</abapGit>
