﻿<?xml version="1.0" encoding="utf-8"?>
<abapGit version="v1.0.0" serializer="LCL_OBJECT_FUGR" serializer_version="v1.0.0">
 <asx:abap xmlns:asx="http://www.sap.com/abapxml" version="1.0">
  <asx:values>
   <AREAT>Customize search help</AREAT>
   <INCLUDES>
    <SOBJ_NAME>LZSEARCHHELP_EXITTOP</SOBJ_NAME>
    <SOBJ_NAME>SAPLZSEARCHHELP_EXIT</SOBJ_NAME>
   </INCLUDES>
   <FUNCTIONS>
    <item>
     <FUNCNAME>ZF4IF_SHLP_EXIT_EXAMPLE</FUNCNAME>
     <SHORT_TEXT>Customize search help</SHORT_TEXT>
     <CHANGING>
      <RSCHA>
       <PARAMETER>SHLP</PARAMETER>
       <TYP>SHLP_DESCR</TYP>
      </RSCHA>
      <RSCHA>
       <PARAMETER>CALLCONTROL</PARAMETER>
       <DBFIELD>DDSHF4CTRL</DBFIELD>
      </RSCHA>
     </CHANGING>
     <TABLES>
      <RSTBL>
       <PARAMETER>SHLP_TAB</PARAMETER>
       <TYP>SHLP_DESCT</TYP>
      </RSTBL>
      <RSTBL>
       <PARAMETER>RECORD_TAB</PARAMETER>
       <DBSTRUCT>SEAHLPRES</DBSTRUCT>
      </RSTBL>
     </TABLES>
     <DOCUMENTATION>
      <RSFDO>
       <PARAMETER>SHLP_TAB</PARAMETER>
       <KIND>P</KIND>
       <STEXT>Table of elementary search helps</STEXT>
       <INDEX> 001</INDEX>
      </RSFDO>
      <RSFDO>
       <PARAMETER>RECORD_TAB</PARAMETER>
       <KIND>P</KIND>
       <STEXT>Hit list</STEXT>
       <INDEX> 002</INDEX>
      </RSFDO>
      <RSFDO>
       <PARAMETER>SHLP</PARAMETER>
       <KIND>P</KIND>
       <STEXT>Single (current) search help</STEXT>
       <INDEX> 003</INDEX>
      </RSFDO>
      <RSFDO>
       <PARAMETER>CALLCONTROL</PARAMETER>
       <KIND>P</KIND>
       <STEXT>Control of the F4 process</STEXT>
       <INDEX> 004</INDEX>
      </RSFDO>
     </DOCUMENTATION>
    </item>
   </FUNCTIONS>
  </asx:values>
 </asx:abap>
</abapGit>
