﻿<?xml version="1.0" encoding="utf-8"?>
<abapGit version="v1.0.0" serializer="LCL_OBJECT_VIEW" serializer_version="v1.0.0">
 <asx:abap xmlns:asx="http://www.sap.com/abapxml" version="1.0">
  <asx:values>
   <DD25V>
    <VIEWNAME>ZSRCHLP_V</VIEWNAME>
    <AS4LOCAL>A</AS4LOCAL>
    <DDLANGUAGE>E</DDLANGUAGE>
    <AGGTYPE>V</AGGTYPE>
    <ROOTTAB>PA0001</ROOTTAB>
    <DDTEXT>Table View for Search help</DDTEXT>
    <VIEWCLASS>D</VIEWCLASS>
    <VIEWGRANT>R</VIEWGRANT>
   </DD25V>
   <DD26V_TABLE>
    <DD26V>
     <VIEWNAME>ZSRCHLP_V</VIEWNAME>
     <TABNAME>PA0001</TABNAME>
     <TABPOS>0001</TABPOS>
     <FORTABNAME>PA0001</FORTABNAME>
    </DD26V>
    <DD26V>
     <VIEWNAME>ZSRCHLP_V</VIEWNAME>
     <TABNAME>T527X</TABNAME>
     <TABPOS>0002</TABPOS>
    </DD26V>
    <DD26V>
     <VIEWNAME>ZSRCHLP_V</VIEWNAME>
     <TABNAME>T528T</TABNAME>
     <TABPOS>0003</TABPOS>
    </DD26V>
    <DD26V>
     <VIEWNAME>ZSRCHLP_V</VIEWNAME>
     <TABNAME>T528B</TABNAME>
     <TABPOS>0004</TABPOS>
    </DD26V>
   </DD26V_TABLE>
   <DD27P_TABLE>
    <DD27P>
     <VIEWNAME>ZSRCHLP_V</VIEWNAME>
     <OBJPOS>0001</OBJPOS>
     <DDLANGUAGE>E</DDLANGUAGE>
     <VIEWFIELD>MANDT</VIEWFIELD>
     <TABNAME>PA0001</TABNAME>
     <FIELDNAME>MANDT</FIELDNAME>
     <KEYFLAG>X</KEYFLAG>
     <ROLLNAME>MANDT</ROLLNAME>
     <ROLLNAMEVI>MANDT</ROLLNAMEVI>
     <CHECKTABLE>T000</CHECKTABLE>
     <SHLPORIGIN>P</SHLPORIGIN>
    </DD27P>
    <DD27P>
     <VIEWNAME>ZSRCHLP_V</VIEWNAME>
     <OBJPOS>0002</OBJPOS>
     <DDLANGUAGE>E</DDLANGUAGE>
     <VIEWFIELD>PERNR</VIEWFIELD>
     <TABNAME>PA0001</TABNAME>
     <FIELDNAME>PERNR</FIELDNAME>
     <KEYFLAG>X</KEYFLAG>
     <ROLLNAME>PERSNO</ROLLNAME>
     <ROLLNAMEVI>PERSNO</ROLLNAMEVI>
     <CHECKTABLE>PA0003</CHECKTABLE>
     <SHLPORIGIN>P</SHLPORIGIN>
    </DD27P>
    <DD27P>
     <VIEWNAME>ZSRCHLP_V</VIEWNAME>
     <OBJPOS>0003</OBJPOS>
     <DDLANGUAGE>E</DDLANGUAGE>
     <VIEWFIELD>SUBTY</VIEWFIELD>
     <TABNAME>PA0001</TABNAME>
     <FIELDNAME>SUBTY</FIELDNAME>
     <KEYFLAG>X</KEYFLAG>
     <ROLLNAME>SUBTY</ROLLNAME>
     <ROLLNAMEVI>SUBTY</ROLLNAMEVI>
    </DD27P>
    <DD27P>
     <VIEWNAME>ZSRCHLP_V</VIEWNAME>
     <OBJPOS>0004</OBJPOS>
     <DDLANGUAGE>E</DDLANGUAGE>
     <VIEWFIELD>OBJPS</VIEWFIELD>
     <TABNAME>PA0001</TABNAME>
     <FIELDNAME>OBJPS</FIELDNAME>
     <KEYFLAG>X</KEYFLAG>
     <ROLLNAME>OBJPS</ROLLNAME>
     <ROLLNAMEVI>OBJPS</ROLLNAMEVI>
    </DD27P>
    <DD27P>
     <VIEWNAME>ZSRCHLP_V</VIEWNAME>
     <OBJPOS>0005</OBJPOS>
     <DDLANGUAGE>E</DDLANGUAGE>
     <VIEWFIELD>SPRPS</VIEWFIELD>
     <TABNAME>PA0001</TABNAME>
     <FIELDNAME>SPRPS</FIELDNAME>
     <KEYFLAG>X</KEYFLAG>
     <ROLLNAME>SPRPS</ROLLNAME>
     <ROLLNAMEVI>SPRPS</ROLLNAMEVI>
    </DD27P>
    <DD27P>
     <VIEWNAME>ZSRCHLP_V</VIEWNAME>
     <OBJPOS>0006</OBJPOS>
     <DDLANGUAGE>E</DDLANGUAGE>
     <VIEWFIELD>ENDDA</VIEWFIELD>
     <TABNAME>PA0001</TABNAME>
     <FIELDNAME>ENDDA</FIELDNAME>
     <KEYFLAG>X</KEYFLAG>
     <ROLLNAME>ENDDA</ROLLNAME>
     <ROLLNAMEVI>ENDDA</ROLLNAMEVI>
     <SHLPORIGIN>T</SHLPORIGIN>
    </DD27P>
    <DD27P>
     <VIEWNAME>ZSRCHLP_V</VIEWNAME>
     <OBJPOS>0007</OBJPOS>
     <DDLANGUAGE>E</DDLANGUAGE>
     <VIEWFIELD>BEGDA</VIEWFIELD>
     <TABNAME>PA0001</TABNAME>
     <FIELDNAME>BEGDA</FIELDNAME>
     <KEYFLAG>X</KEYFLAG>
     <ROLLNAME>BEGDA</ROLLNAME>
     <ROLLNAMEVI>BEGDA</ROLLNAMEVI>
     <SHLPORIGIN>T</SHLPORIGIN>
    </DD27P>
    <DD27P>
     <VIEWNAME>ZSRCHLP_V</VIEWNAME>
     <OBJPOS>0008</OBJPOS>
     <DDLANGUAGE>E</DDLANGUAGE>
     <VIEWFIELD>SEQNR</VIEWFIELD>
     <TABNAME>PA0001</TABNAME>
     <FIELDNAME>SEQNR</FIELDNAME>
     <KEYFLAG>X</KEYFLAG>
     <ROLLNAME>SEQNR</ROLLNAME>
     <ROLLNAMEVI>SEQNR</ROLLNAMEVI>
    </DD27P>
    <DD27P>
     <VIEWNAME>ZSRCHLP_V</VIEWNAME>
     <OBJPOS>0009</OBJPOS>
     <DDLANGUAGE>E</DDLANGUAGE>
     <VIEWFIELD>SPRSL</VIEWFIELD>
     <TABNAME>T527X</TABNAME>
     <FIELDNAME>SPRSL</FIELDNAME>
     <KEYFLAG>X</KEYFLAG>
     <ROLLNAME>SPRAS</ROLLNAME>
     <ROLLNAMEVI>SPRAS</ROLLNAMEVI>
     <CHECKTABLE>T002</CHECKTABLE>
     <SHLPORIGIN>P</SHLPORIGIN>
     <SHLPNAME>H_T002</SHLPNAME>
     <SHLPFIELD>SPRAS</SHLPFIELD>
     <LOGFLAG>X</LOGFLAG>
    </DD27P>
    <DD27P>
     <VIEWNAME>ZSRCHLP_V</VIEWNAME>
     <OBJPOS>0010</OBJPOS>
     <DDLANGUAGE>E</DDLANGUAGE>
     <VIEWFIELD>ORGEH</VIEWFIELD>
     <TABNAME>T527X</TABNAME>
     <FIELDNAME>ORGEH</FIELDNAME>
     <KEYFLAG>X</KEYFLAG>
     <ROLLNAME>ORGEH</ROLLNAME>
     <ROLLNAMEVI>ORGEH</ROLLNAMEVI>
    </DD27P>
    <DD27P>
     <VIEWNAME>ZSRCHLP_V</VIEWNAME>
     <OBJPOS>0011</OBJPOS>
     <DDLANGUAGE>E</DDLANGUAGE>
     <VIEWFIELD>ORGTX</VIEWFIELD>
     <TABNAME>T527X</TABNAME>
     <FIELDNAME>ORGTX</FIELDNAME>
     <KEYFLAG>X</KEYFLAG>
     <ROLLNAME>ORGTX</ROLLNAME>
     <ROLLNAMEVI>ORGTX</ROLLNAMEVI>
    </DD27P>
    <DD27P>
     <VIEWNAME>ZSRCHLP_V</VIEWNAME>
     <OBJPOS>0012</OBJPOS>
     <DDLANGUAGE>E</DDLANGUAGE>
     <VIEWFIELD>OTYPE</VIEWFIELD>
     <TABNAME>T528T</TABNAME>
     <FIELDNAME>OTYPE</FIELDNAME>
     <KEYFLAG>X</KEYFLAG>
     <ROLLNAME>OTYPE</ROLLNAME>
     <ROLLNAMEVI>OTYPE</ROLLNAMEVI>
     <CHECKTABLE>T778O</CHECKTABLE>
     <SHLPORIGIN>P</SHLPORIGIN>
     <LOGFLAG>X</LOGFLAG>
    </DD27P>
    <DD27P>
     <VIEWNAME>ZSRCHLP_V</VIEWNAME>
     <OBJPOS>0013</OBJPOS>
     <DDLANGUAGE>E</DDLANGUAGE>
     <VIEWFIELD>PLANS</VIEWFIELD>
     <TABNAME>T528T</TABNAME>
     <FIELDNAME>PLANS</FIELDNAME>
     <KEYFLAG>X</KEYFLAG>
     <ROLLNAME>PLANS</ROLLNAME>
     <ROLLNAMEVI>PLANS</ROLLNAMEVI>
     <CHECKTABLE>T528B</CHECKTABLE>
     <SHLPORIGIN>P</SHLPORIGIN>
    </DD27P>
    <DD27P>
     <VIEWNAME>ZSRCHLP_V</VIEWNAME>
     <OBJPOS>0014</OBJPOS>
     <DDLANGUAGE>E</DDLANGUAGE>
     <VIEWFIELD>PLSTX</VIEWFIELD>
     <TABNAME>T528T</TABNAME>
     <FIELDNAME>PLSTX</FIELDNAME>
     <KEYFLAG>X</KEYFLAG>
     <ROLLNAME>PLSTX</ROLLNAME>
     <ROLLNAMEVI>PLSTX</ROLLNAMEVI>
    </DD27P>
    <DD27P>
     <VIEWNAME>ZSRCHLP_V</VIEWNAME>
     <OBJPOS>0015</OBJPOS>
     <DDLANGUAGE>E</DDLANGUAGE>
     <VIEWFIELD>ENDDA1</VIEWFIELD>
     <TABNAME>T527X</TABNAME>
     <FIELDNAME>ENDDA</FIELDNAME>
     <KEYFLAG>X</KEYFLAG>
     <ROLLNAME>ENDDA</ROLLNAME>
     <ROLLNAMEVI>ENDDA</ROLLNAMEVI>
     <SHLPORIGIN>T</SHLPORIGIN>
    </DD27P>
    <DD27P>
     <VIEWNAME>ZSRCHLP_V</VIEWNAME>
     <OBJPOS>0016</OBJPOS>
     <DDLANGUAGE>E</DDLANGUAGE>
     <VIEWFIELD>OTYPE1</VIEWFIELD>
     <TABNAME>T528B</TABNAME>
     <FIELDNAME>OTYPE</FIELDNAME>
     <KEYFLAG>X</KEYFLAG>
     <ROLLNAME>OTYPE</ROLLNAME>
     <ROLLNAMEVI>OTYPE</ROLLNAMEVI>
     <CHECKTABLE>T778O</CHECKTABLE>
     <SHLPORIGIN>P</SHLPORIGIN>
     <LOGFLAG>X</LOGFLAG>
    </DD27P>
    <DD27P>
     <VIEWNAME>ZSRCHLP_V</VIEWNAME>
     <OBJPOS>0017</OBJPOS>
     <DDLANGUAGE>E</DDLANGUAGE>
     <VIEWFIELD>PLANS1</VIEWFIELD>
     <TABNAME>T528B</TABNAME>
     <FIELDNAME>PLANS</FIELDNAME>
     <KEYFLAG>X</KEYFLAG>
     <ROLLNAME>PLANS</ROLLNAME>
     <ROLLNAMEVI>PLANS</ROLLNAMEVI>
    </DD27P>
    <DD27P>
     <VIEWNAME>ZSRCHLP_V</VIEWNAME>
     <OBJPOS>0018</OBJPOS>
     <DDLANGUAGE>E</DDLANGUAGE>
     <VIEWFIELD>ENDDA2</VIEWFIELD>
     <TABNAME>T528B</TABNAME>
     <FIELDNAME>ENDDA</FIELDNAME>
     <KEYFLAG>X</KEYFLAG>
     <ROLLNAME>ENDDA</ROLLNAME>
     <ROLLNAMEVI>ENDDA</ROLLNAMEVI>
     <SHLPORIGIN>T</SHLPORIGIN>
    </DD27P>
    <DD27P>
     <VIEWNAME>ZSRCHLP_V</VIEWNAME>
     <OBJPOS>0019</OBJPOS>
     <DDLANGUAGE>E</DDLANGUAGE>
     <VIEWFIELD>ENDDA3</VIEWFIELD>
     <TABNAME>T528T</TABNAME>
     <FIELDNAME>ENDDA</FIELDNAME>
     <KEYFLAG>X</KEYFLAG>
     <ROLLNAME>ENDDA</ROLLNAME>
     <ROLLNAMEVI>ENDDA</ROLLNAMEVI>
     <SHLPORIGIN>T</SHLPORIGIN>
    </DD27P>
    <DD27P>
     <VIEWNAME>ZSRCHLP_V</VIEWNAME>
     <OBJPOS>0020</OBJPOS>
     <DDLANGUAGE>E</DDLANGUAGE>
     <VIEWFIELD>SPRSL1</VIEWFIELD>
     <TABNAME>T528T</TABNAME>
     <FIELDNAME>SPRSL</FIELDNAME>
     <KEYFLAG>X</KEYFLAG>
     <ROLLNAME>SPRAS</ROLLNAME>
     <ROLLNAMEVI>SPRAS</ROLLNAMEVI>
     <CHECKTABLE>T002</CHECKTABLE>
     <SHLPORIGIN>P</SHLPORIGIN>
     <SHLPNAME>H_T002</SHLPNAME>
     <SHLPFIELD>SPRAS</SHLPFIELD>
     <LOGFLAG>X</LOGFLAG>
    </DD27P>
    <DD27P>
     <VIEWNAME>ZSRCHLP_V</VIEWNAME>
     <OBJPOS>0021</OBJPOS>
     <DDLANGUAGE>E</DDLANGUAGE>
     <VIEWFIELD>SNAME</VIEWFIELD>
     <TABNAME>PA0001</TABNAME>
     <FIELDNAME>SNAME</FIELDNAME>
     <ROLLNAME>SMNAM</ROLLNAME>
     <ROLLNAMEVI>SMNAM</ROLLNAMEVI>
    </DD27P>
    <DD27P>
     <VIEWNAME>ZSRCHLP_V</VIEWNAME>
     <OBJPOS>0022</OBJPOS>
     <DDLANGUAGE>E</DDLANGUAGE>
     <VIEWFIELD>UNAME</VIEWFIELD>
     <TABNAME>PA0001</TABNAME>
     <FIELDNAME>UNAME</FIELDNAME>
     <ROLLNAME>AENAM</ROLLNAME>
     <ROLLNAMEVI>AENAM</ROLLNAMEVI>
    </DD27P>
    <DD27P>
     <VIEWNAME>ZSRCHLP_V</VIEWNAME>
     <OBJPOS>0023</OBJPOS>
     <DDLANGUAGE>E</DDLANGUAGE>
     <VIEWFIELD>ENAME</VIEWFIELD>
     <TABNAME>PA0001</TABNAME>
     <FIELDNAME>ENAME</FIELDNAME>
     <ROLLNAME>EMNAM</ROLLNAME>
     <ROLLNAMEVI>EMNAM</ROLLNAMEVI>
    </DD27P>
   </DD27P_TABLE>
   <DD28J_TABLE>
    <DD28J>
     <VIEWNAME>ZSRCHLP_V</VIEWNAME>
     <LTAB>T527X</LTAB>
     <LFIELD>MANDT</LFIELD>
     <OPERATOR>EQ</OPERATOR>
     <RTAB>PA0001</RTAB>
     <RFIELD>MANDT</RFIELD>
     <SOURCE>S</SOURCE>
    </DD28J>
    <DD28J>
     <VIEWNAME>ZSRCHLP_V</VIEWNAME>
     <LTAB>T527X</LTAB>
     <LFIELD>ORGEH</LFIELD>
     <OPERATOR>EQ</OPERATOR>
     <RTAB>PA0001</RTAB>
     <RFIELD>ORGEH</RFIELD>
     <SOURCE>S</SOURCE>
    </DD28J>
    <DD28J>
     <VIEWNAME>ZSRCHLP_V</VIEWNAME>
     <LTAB>T528B</LTAB>
     <LFIELD>MANDT</LFIELD>
     <OPERATOR>EQ</OPERATOR>
     <RTAB>PA0001</RTAB>
     <RFIELD>MANDT</RFIELD>
     <SOURCE>S</SOURCE>
    </DD28J>
    <DD28J>
     <VIEWNAME>ZSRCHLP_V</VIEWNAME>
     <LTAB>T528B</LTAB>
     <LFIELD>OTYPE</LFIELD>
     <OPERATOR>EQ</OPERATOR>
     <RTAB>PA0001</RTAB>
     <RFIELD>OTYPE</RFIELD>
     <SOURCE>S</SOURCE>
    </DD28J>
    <DD28J>
     <VIEWNAME>ZSRCHLP_V</VIEWNAME>
     <LTAB>T528B</LTAB>
     <LFIELD>PLANS</LFIELD>
     <OPERATOR>EQ</OPERATOR>
     <RTAB>PA0001</RTAB>
     <RFIELD>PLANS</RFIELD>
     <SOURCE>S</SOURCE>
    </DD28J>
    <DD28J>
     <VIEWNAME>ZSRCHLP_V</VIEWNAME>
     <LTAB>T528B</LTAB>
     <LFIELD>MANDT</LFIELD>
     <OPERATOR>EQ</OPERATOR>
     <RTAB>T528T</RTAB>
     <RFIELD>MANDT</RFIELD>
     <SOURCE>S</SOURCE>
    </DD28J>
    <DD28J>
     <VIEWNAME>ZSRCHLP_V</VIEWNAME>
     <LTAB>T528B</LTAB>
     <LFIELD>OTYPE</LFIELD>
     <OPERATOR>EQ</OPERATOR>
     <RTAB>T528T</RTAB>
     <RFIELD>OTYPE</RFIELD>
     <SOURCE>S</SOURCE>
    </DD28J>
    <DD28J>
     <VIEWNAME>ZSRCHLP_V</VIEWNAME>
     <LTAB>T528B</LTAB>
     <LFIELD>PLANS</LFIELD>
     <OPERATOR>EQ</OPERATOR>
     <RTAB>T528T</RTAB>
     <RFIELD>PLANS</RFIELD>
     <SOURCE>S</SOURCE>
    </DD28J>
   </DD28J_TABLE>
   <DD28V_TABLE>
    <DD28V>
     <CONDNAME>ZSRCHLP_V</CONDNAME>
     <POSITION>0017</POSITION>
     <TABNAME>PA0001</TABNAME>
     <FIELDNAME>ENDDA</FIELDNAME>
     <OPERATOR>EQ</OPERATOR>
     <CONSTANTS>&apos;99991231&apos;</CONSTANTS>
    </DD28V>
   </DD28V_TABLE>
  </asx:values>
 </asx:abap>
</abapGit>
