﻿<?xml version="1.0" encoding="utf-8"?>
<abapGit version="v1.0.0" serializer="LCL_OBJECT_TABL" serializer_version="v1.0.0">
 <asx:abap xmlns:asx="http://www.sap.com/abapxml" version="1.0">
  <asx:values>
   <DD02V>
    <TABNAME>ZTACC_CUST_CLSTX</TABNAME>
    <DDLANGUAGE>E</DDLANGUAGE>
    <TABCLASS>TRANSP</TABCLASS>
    <CLIDEP>X</CLIDEP>
    <DDTEXT>ZTACC_CUST_CLSTX Text</DDTEXT>
    <CONTFLAG>A</CONTFLAG>
   </DD02V>
   <DD09L>
    <TABNAME>ZTACC_CUST_CLSTX</TABNAME>
    <AS4LOCAL>A</AS4LOCAL>
    <TABKAT>0</TABKAT>
    <TABART>APPL2</TABART>
    <UEBERSETZ>X</UEBERSETZ>
    <BUFALLOW>N</BUFALLOW>
   </DD09L>
   <DD03P_TABLE>
    <DD03P>
     <TABNAME>ZTACC_CUST_CLSTX</TABNAME>
     <FIELDNAME>MANDT</FIELDNAME>
     <POSITION>0001</POSITION>
     <KEYFLAG>X</KEYFLAG>
     <ROLLNAME>MANDT</ROLLNAME>
     <CHECKTABLE>T000</CHECKTABLE>
     <ADMINFIELD>0</ADMINFIELD>
     <NOTNULL>X</NOTNULL>
     <SHLPORIGIN>P</SHLPORIGIN>
     <COMPTYPE>E</COMPTYPE>
    </DD03P>
    <DD03P>
     <TABNAME>ZTACC_CUST_CLSTX</TABNAME>
     <FIELDNAME>ACC_CUS_CLASS</FIELDNAME>
     <POSITION>0002</POSITION>
     <KEYFLAG>X</KEYFLAG>
     <ROLLNAME>ZACC_CUST_CLASS</ROLLNAME>
     <CHECKTABLE>ZTACC_CUST_CLASS</CHECKTABLE>
     <ADMINFIELD>0</ADMINFIELD>
     <NOTNULL>X</NOTNULL>
     <VALEXI>X</VALEXI>
     <SHLPORIGIN>P</SHLPORIGIN>
     <COMPTYPE>E</COMPTYPE>
    </DD03P>
    <DD03P>
     <TABNAME>ZTACC_CUST_CLSTX</TABNAME>
     <FIELDNAME>SPRAS</FIELDNAME>
     <POSITION>0003</POSITION>
     <KEYFLAG>X</KEYFLAG>
     <ROLLNAME>SPRAS</ROLLNAME>
     <CHECKTABLE>T002</CHECKTABLE>
     <ADMINFIELD>0</ADMINFIELD>
     <NOTNULL>X</NOTNULL>
     <SHLPORIGIN>P</SHLPORIGIN>
     <SHLPNAME>H_T002</SHLPNAME>
     <SHLPFIELD>SPRAS</SHLPFIELD>
     <COMPTYPE>E</COMPTYPE>
     <LANGUFLAG>X</LANGUFLAG>
    </DD03P>
    <DD03P>
     <TABNAME>ZTACC_CUST_CLSTX</TABNAME>
     <FIELDNAME>BEZEI</FIELDNAME>
     <POSITION>0004</POSITION>
     <ROLLNAME>ZACC_CUST_CLSTX</ROLLNAME>
     <ADMINFIELD>0</ADMINFIELD>
     <NOTNULL>X</NOTNULL>
     <COMPTYPE>E</COMPTYPE>
    </DD03P>
   </DD03P_TABLE>
   <DD05M_TABLE>
    <DD05M>
     <TABNAME>ZTACC_CUST_CLSTX</TABNAME>
     <FIELDNAME>ACC_CUS_CLASS</FIELDNAME>
     <FORTABLE>ZTACC_CUST_CLSTX</FORTABLE>
     <FORKEY>MANDT</FORKEY>
     <CHECKTABLE>ZTACC_CUST_CLASS</CHECKTABLE>
     <CHECKFIELD>MANDT</CHECKFIELD>
     <PRIMPOS>0001</PRIMPOS>
     <DOMNAME>MANDT</DOMNAME>
     <DATATYPE>CLNT</DATATYPE>
     <LENG>000003</LENG>
    </DD05M>
    <DD05M>
     <TABNAME>ZTACC_CUST_CLSTX</TABNAME>
     <FIELDNAME>ACC_CUS_CLASS</FIELDNAME>
     <FORTABLE>ZTACC_CUST_CLSTX</FORTABLE>
     <FORKEY>ACC_CUS_CLASS</FORKEY>
     <CHECKTABLE>ZTACC_CUST_CLASS</CHECKTABLE>
     <CHECKFIELD>ACC_CUS_CLASS</CHECKFIELD>
     <PRIMPOS>0002</PRIMPOS>
     <DOMNAME>ZACC_CUST_CLASS</DOMNAME>
     <DATATYPE>CHAR</DATATYPE>
     <LENG>000010</LENG>
    </DD05M>
    <DD05M>
     <TABNAME>ZTACC_CUST_CLSTX</TABNAME>
     <FIELDNAME>MANDT</FIELDNAME>
     <FORTABLE>ZTACC_CUST_CLSTX</FORTABLE>
     <FORKEY>MANDT</FORKEY>
     <CHECKTABLE>T000</CHECKTABLE>
     <CHECKFIELD>MANDT</CHECKFIELD>
     <PRIMPOS>0001</PRIMPOS>
     <DOMNAME>MANDT</DOMNAME>
     <DATATYPE>CLNT</DATATYPE>
     <LENG>000003</LENG>
    </DD05M>
    <DD05M>
     <TABNAME>ZTACC_CUST_CLSTX</TABNAME>
     <FIELDNAME>SPRAS</FIELDNAME>
     <FORTABLE>ZTACC_CUST_CLSTX</FORTABLE>
     <FORKEY>SPRAS</FORKEY>
     <CHECKTABLE>T002</CHECKTABLE>
     <CHECKFIELD>SPRAS</CHECKFIELD>
     <PRIMPOS>0001</PRIMPOS>
     <DOMNAME>SPRAS</DOMNAME>
     <DATATYPE>LANG</DATATYPE>
     <LENG>000001</LENG>
    </DD05M>
   </DD05M_TABLE>
   <DD08V_TABLE>
    <DD08V>
     <TABNAME>ZTACC_CUST_CLSTX</TABNAME>
     <FIELDNAME>ACC_CUS_CLASS</FIELDNAME>
     <DDLANGUAGE>E</DDLANGUAGE>
     <CHECKTABLE>ZTACC_CUST_CLASS</CHECKTABLE>
     <FRKART>TEXT</FRKART>
     <CARD>N</CARD>
     <CARDLEFT>1</CARDLEFT>
    </DD08V>
    <DD08V>
     <TABNAME>ZTACC_CUST_CLSTX</TABNAME>
     <FIELDNAME>MANDT</FIELDNAME>
     <DDLANGUAGE>E</DDLANGUAGE>
     <CHECKTABLE>T000</CHECKTABLE>
    </DD08V>
    <DD08V>
     <TABNAME>ZTACC_CUST_CLSTX</TABNAME>
     <FIELDNAME>SPRAS</FIELDNAME>
     <DDLANGUAGE>E</DDLANGUAGE>
     <CHECKTABLE>T002</CHECKTABLE>
    </DD08V>
   </DD08V_TABLE>
  </asx:values>
 </asx:abap>
</abapGit>
