﻿<?xml version="1.0" encoding="utf-8"?>
<abapGit version="v1.0.0" serializer="LCL_OBJECT_WDYN" serializer_version="v1.0.0">
 <asx:abap xmlns:asx="http://www.sap.com/abapxml" version="1.0">
  <asx:values>
   <COMPONENT>
    <COMP_METADATA>
     <DEFINITION>
      <COMPONENT_NAME>ZWDC_MONSTER_MONITOR</COMPONENT_NAME>
      <VERSION>A</VERSION>
      <DISPLAY_NAME>ZWDC_MONSTER_MONITOR</DISPLAY_NAME>
     </DEFINITION>
     <DESCRIPTIONS>
      <WDY_COMPONENTT>
       <COMPONENT_NAME>ZWDC_MONSTER_MONITOR</COMPONENT_NAME>
       <LANGU>E</LANGU>
       <DESCRIPTION>Monster Monitor</DESCRIPTION>
      </WDY_COMPONENTT>
     </DESCRIPTIONS>
    </COMP_METADATA>
    <VIEW_METADATA>
     <WDY_MD_VIEW_META_DATA>
      <DEFINITION>
       <COMPONENT_NAME>ZWDC_MONSTER_MONITOR</COMPONENT_NAME>
       <VIEW_NAME>EMPTYVIEW</VIEW_NAME>
       <VERSION>A</VERSION>
       <TYPE>CL_WDY_MD_EMPTY_VIEW</TYPE>
       <DISPLAY_NAME>EMPTYVIEW</DISPLAY_NAME>
      </DEFINITION>
     </WDY_MD_VIEW_META_DATA>
     <WDY_MD_VIEW_META_DATA>
      <DEFINITION>
       <COMPONENT_NAME>ZWDC_MONSTER_MONITOR</COMPONENT_NAME>
       <VIEW_NAME>SELECT_OPTIONS</VIEW_NAME>
       <VERSION>A</VERSION>
       <TYPE>CL_WDY_MD_VIEW</TYPE>
       <DISPLAY_NAME>SELECT_OPTIONS</DISPLAY_NAME>
      </DEFINITION>
      <DESCRIPTIONS>
       <WDY_VIEWT>
        <COMPONENT_NAME>ZWDC_MONSTER_MONITOR</COMPONENT_NAME>
        <VIEW_NAME>SELECT_OPTIONS</VIEW_NAME>
        <LANGU>E</LANGU>
        <DESCRIPTION>SELECT OPTIONS</DESCRIPTION>
       </WDY_VIEWT>
      </DESCRIPTIONS>
     </WDY_MD_VIEW_META_DATA>
     <WDY_MD_VIEW_META_DATA>
      <DEFINITION>
       <COMPONENT_NAME>ZWDC_MONSTER_MONITOR</COMPONENT_NAME>
       <VIEW_NAME>V_HEADER_GRID</VIEW_NAME>
       <VERSION>A</VERSION>
       <TYPE>CL_WDY_MD_VIEW</TYPE>
       <DISPLAY_NAME>V_HEADER_GRID</DISPLAY_NAME>
      </DEFINITION>
     </WDY_MD_VIEW_META_DATA>
     <WDY_MD_VIEW_META_DATA>
      <DEFINITION>
       <COMPONENT_NAME>ZWDC_MONSTER_MONITOR</COMPONENT_NAME>
       <VIEW_NAME>WDC_MONSTER_MONITOR</VIEW_NAME>
       <VERSION>A</VERSION>
       <TYPE>CL_WDY_MD_WINDOW</TYPE>
       <DISPLAY_NAME>WDC_MONSTER_MONITOR</DISPLAY_NAME>
      </DEFINITION>
     </WDY_MD_VIEW_META_DATA>
    </VIEW_METADATA>
    <CTLR_METADATA>
     <WDY_MD_CONTROLLER_META_DATA>
      <DEFINITION>
       <COMPONENT_NAME>ZWDC_MONSTER_MONITOR</COMPONENT_NAME>
       <CONTROLLER_NAME>COMPONENTCONTROLLER</CONTROLLER_NAME>
       <VERSION>A</VERSION>
       <CONTROLLER_TYPE>02</CONTROLLER_TYPE>
       <DISPLAY_NAME>COMPONENTCONTROLLER</DISPLAY_NAME>
      </DEFINITION>
      <CONTROLLER_COMPONENT_TEXTS>
       <WDY_CTLR_COMPOT>
        <COMPONENT_NAME>ZWDC_MONSTER_MONITOR</COMPONENT_NAME>
        <CONTROLLER_NAME>COMPONENTCONTROLLER</CONTROLLER_NAME>
        <CMPNAME>WDDOAPPLICATIONSTATECHANGE</CMPNAME>
        <LANGU>E</LANGU>
        <DESCRIPTION>Handling for Suspending and Resuming an Application</DESCRIPTION>
       </WDY_CTLR_COMPOT>
       <WDY_CTLR_COMPOT>
        <COMPONENT_NAME>ZWDC_MONSTER_MONITOR</COMPONENT_NAME>
        <CONTROLLER_NAME>COMPONENTCONTROLLER</CONTROLLER_NAME>
        <CMPNAME>WDDOBEFORENAVIGATION</CMPNAME>
        <LANGU>E</LANGU>
        <DESCRIPTION>Error Handling by Application Before Navigation</DESCRIPTION>
       </WDY_CTLR_COMPOT>
       <WDY_CTLR_COMPOT>
        <COMPONENT_NAME>ZWDC_MONSTER_MONITOR</COMPONENT_NAME>
        <CONTROLLER_NAME>COMPONENTCONTROLLER</CONTROLLER_NAME>
        <CMPNAME>WDDOEXIT</CMPNAME>
        <LANGU>E</LANGU>
        <DESCRIPTION>Controller Clean-Up Method</DESCRIPTION>
       </WDY_CTLR_COMPOT>
       <WDY_CTLR_COMPOT>
        <COMPONENT_NAME>ZWDC_MONSTER_MONITOR</COMPONENT_NAME>
        <CONTROLLER_NAME>COMPONENTCONTROLLER</CONTROLLER_NAME>
        <CMPNAME>WDDOINIT</CMPNAME>
        <LANGU>E</LANGU>
        <DESCRIPTION>Controller Initialization Method</DESCRIPTION>
       </WDY_CTLR_COMPOT>
       <WDY_CTLR_COMPOT>
        <COMPONENT_NAME>ZWDC_MONSTER_MONITOR</COMPONENT_NAME>
        <CONTROLLER_NAME>COMPONENTCONTROLLER</CONTROLLER_NAME>
        <CMPNAME>WDDOPOSTPROCESSING</CMPNAME>
        <LANGU>E</LANGU>
        <DESCRIPTION>Preparation of Output</DESCRIPTION>
       </WDY_CTLR_COMPOT>
      </CONTROLLER_COMPONENT_TEXTS>
     </WDY_MD_CONTROLLER_META_DATA>
     <WDY_MD_CONTROLLER_META_DATA>
      <DEFINITION>
       <COMPONENT_NAME>ZWDC_MONSTER_MONITOR</COMPONENT_NAME>
       <CONTROLLER_NAME>EMPTYVIEW</CONTROLLER_NAME>
       <VERSION>A</VERSION>
       <CONTROLLER_TYPE>01</CONTROLLER_TYPE>
       <DISPLAY_NAME>EMPTYVIEW</DISPLAY_NAME>
      </DEFINITION>
     </WDY_MD_CONTROLLER_META_DATA>
     <WDY_MD_CONTROLLER_META_DATA>
      <DEFINITION>
       <COMPONENT_NAME>ZWDC_MONSTER_MONITOR</COMPONENT_NAME>
       <CONTROLLER_NAME>SELECT_OPTIONS</CONTROLLER_NAME>
       <VERSION>A</VERSION>
       <CONTROLLER_TYPE>01</CONTROLLER_TYPE>
       <DISPLAY_NAME>SELECT_OPTIONS</DISPLAY_NAME>
      </DEFINITION>
      <DESCRIPTIONS>
       <WDY_CONTROLLERT>
        <COMPONENT_NAME>ZWDC_MONSTER_MONITOR</COMPONENT_NAME>
        <CONTROLLER_NAME>SELECT_OPTIONS</CONTROLLER_NAME>
        <LANGU>E</LANGU>
        <DESCRIPTION>SELECT OPTIONS</DESCRIPTION>
       </WDY_CONTROLLERT>
      </DESCRIPTIONS>
      <CONTROLLER_COMPONENT_TEXTS>
       <WDY_CTLR_COMPOT>
        <COMPONENT_NAME>ZWDC_MONSTER_MONITOR</COMPONENT_NAME>
        <CONTROLLER_NAME>SELECT_OPTIONS</CONTROLLER_NAME>
        <CMPNAME>WDDOAFTERACTION</CMPNAME>
        <LANGU>E</LANGU>
        <DESCRIPTION>Method for non-action specific operations before navigation</DESCRIPTION>
       </WDY_CTLR_COMPOT>
       <WDY_CTLR_COMPOT>
        <COMPONENT_NAME>ZWDC_MONSTER_MONITOR</COMPONENT_NAME>
        <CONTROLLER_NAME>SELECT_OPTIONS</CONTROLLER_NAME>
        <CMPNAME>WDDOBEFOREACTION</CMPNAME>
        <LANGU>E</LANGU>
        <DESCRIPTION>Method for Validation of User Input</DESCRIPTION>
       </WDY_CTLR_COMPOT>
       <WDY_CTLR_COMPOT>
        <COMPONENT_NAME>ZWDC_MONSTER_MONITOR</COMPONENT_NAME>
        <CONTROLLER_NAME>SELECT_OPTIONS</CONTROLLER_NAME>
        <CMPNAME>WDDOEXIT</CMPNAME>
        <LANGU>E</LANGU>
        <DESCRIPTION>Controller Clean-Up Method</DESCRIPTION>
       </WDY_CTLR_COMPOT>
       <WDY_CTLR_COMPOT>
        <COMPONENT_NAME>ZWDC_MONSTER_MONITOR</COMPONENT_NAME>
        <CONTROLLER_NAME>SELECT_OPTIONS</CONTROLLER_NAME>
        <CMPNAME>WDDOINIT</CMPNAME>
        <LANGU>E</LANGU>
        <DESCRIPTION>Controller Initialization Method</DESCRIPTION>
       </WDY_CTLR_COMPOT>
       <WDY_CTLR_COMPOT>
        <COMPONENT_NAME>ZWDC_MONSTER_MONITOR</COMPONENT_NAME>
        <CONTROLLER_NAME>SELECT_OPTIONS</CONTROLLER_NAME>
        <CMPNAME>WDDOMODIFYVIEW</CMPNAME>
        <LANGU>E</LANGU>
        <DESCRIPTION>Method for Modifying the View Before Rendering</DESCRIPTION>
       </WDY_CTLR_COMPOT>
       <WDY_CTLR_COMPOT>
        <COMPONENT_NAME>ZWDC_MONSTER_MONITOR</COMPONENT_NAME>
        <CONTROLLER_NAME>SELECT_OPTIONS</CONTROLLER_NAME>
        <CMPNAME>WDDOONCONTEXTMENU</CMPNAME>
        <LANGU>E</LANGU>
        <DESCRIPTION>Method for Modifying the Context Menu</DESCRIPTION>
       </WDY_CTLR_COMPOT>
      </CONTROLLER_COMPONENT_TEXTS>
     </WDY_MD_CONTROLLER_META_DATA>
     <WDY_MD_CONTROLLER_META_DATA>
      <DEFINITION>
       <COMPONENT_NAME>ZWDC_MONSTER_MONITOR</COMPONENT_NAME>
       <CONTROLLER_NAME>V_HEADER_GRID</CONTROLLER_NAME>
       <VERSION>A</VERSION>
       <CONTROLLER_TYPE>01</CONTROLLER_TYPE>
       <DISPLAY_NAME>V_HEADER_GRID</DISPLAY_NAME>
      </DEFINITION>
      <CONTROLLER_COMPONENT_TEXTS>
       <WDY_CTLR_COMPOT>
        <COMPONENT_NAME>ZWDC_MONSTER_MONITOR</COMPONENT_NAME>
        <CONTROLLER_NAME>V_HEADER_GRID</CONTROLLER_NAME>
        <CMPNAME>WDDOAFTERACTION</CMPNAME>
        <LANGU>E</LANGU>
        <DESCRIPTION>Method for non-action specific operations before navigation</DESCRIPTION>
       </WDY_CTLR_COMPOT>
       <WDY_CTLR_COMPOT>
        <COMPONENT_NAME>ZWDC_MONSTER_MONITOR</COMPONENT_NAME>
        <CONTROLLER_NAME>V_HEADER_GRID</CONTROLLER_NAME>
        <CMPNAME>WDDOBEFOREACTION</CMPNAME>
        <LANGU>E</LANGU>
        <DESCRIPTION>Method for Validation of User Input</DESCRIPTION>
       </WDY_CTLR_COMPOT>
       <WDY_CTLR_COMPOT>
        <COMPONENT_NAME>ZWDC_MONSTER_MONITOR</COMPONENT_NAME>
        <CONTROLLER_NAME>V_HEADER_GRID</CONTROLLER_NAME>
        <CMPNAME>WDDOEXIT</CMPNAME>
        <LANGU>E</LANGU>
        <DESCRIPTION>Controller Clean-Up Method</DESCRIPTION>
       </WDY_CTLR_COMPOT>
       <WDY_CTLR_COMPOT>
        <COMPONENT_NAME>ZWDC_MONSTER_MONITOR</COMPONENT_NAME>
        <CONTROLLER_NAME>V_HEADER_GRID</CONTROLLER_NAME>
        <CMPNAME>WDDOINIT</CMPNAME>
        <LANGU>E</LANGU>
        <DESCRIPTION>Controller Initialization Method</DESCRIPTION>
       </WDY_CTLR_COMPOT>
       <WDY_CTLR_COMPOT>
        <COMPONENT_NAME>ZWDC_MONSTER_MONITOR</COMPONENT_NAME>
        <CONTROLLER_NAME>V_HEADER_GRID</CONTROLLER_NAME>
        <CMPNAME>WDDOMODIFYVIEW</CMPNAME>
        <LANGU>E</LANGU>
        <DESCRIPTION>Method for Modifying the View Before Rendering</DESCRIPTION>
       </WDY_CTLR_COMPOT>
       <WDY_CTLR_COMPOT>
        <COMPONENT_NAME>ZWDC_MONSTER_MONITOR</COMPONENT_NAME>
        <CONTROLLER_NAME>V_HEADER_GRID</CONTROLLER_NAME>
        <CMPNAME>WDDOONCONTEXTMENU</CMPNAME>
        <LANGU>E</LANGU>
        <DESCRIPTION>Method for Modifying the Context Menu</DESCRIPTION>
       </WDY_CTLR_COMPOT>
      </CONTROLLER_COMPONENT_TEXTS>
     </WDY_MD_CONTROLLER_META_DATA>
     <WDY_MD_CONTROLLER_META_DATA>
      <DEFINITION>
       <COMPONENT_NAME>ZWDC_MONSTER_MONITOR</COMPONENT_NAME>
       <CONTROLLER_NAME>WDC_MONSTER_MONITOR</CONTROLLER_NAME>
       <VERSION>A</VERSION>
       <CONTROLLER_TYPE>06</CONTROLLER_TYPE>
       <DISPLAY_NAME>WDC_MONSTER_MONITOR</DISPLAY_NAME>
      </DEFINITION>
      <CONTROLLER_COMPONENT_TEXTS>
       <WDY_CTLR_COMPOT>
        <COMPONENT_NAME>ZWDC_MONSTER_MONITOR</COMPONENT_NAME>
        <CONTROLLER_NAME>WDC_MONSTER_MONITOR</CONTROLLER_NAME>
        <CMPNAME>WDDOEXIT</CMPNAME>
        <LANGU>E</LANGU>
        <DESCRIPTION>Controller Clean-Up Method</DESCRIPTION>
       </WDY_CTLR_COMPOT>
       <WDY_CTLR_COMPOT>
        <COMPONENT_NAME>ZWDC_MONSTER_MONITOR</COMPONENT_NAME>
        <CONTROLLER_NAME>WDC_MONSTER_MONITOR</CONTROLLER_NAME>
        <CMPNAME>WDDOINIT</CMPNAME>
        <LANGU>E</LANGU>
        <DESCRIPTION>Controller Initialization Method</DESCRIPTION>
       </WDY_CTLR_COMPOT>
       <WDY_CTLR_COMPOT>
        <COMPONENT_NAME>ZWDC_MONSTER_MONITOR</COMPONENT_NAME>
        <CONTROLLER_NAME>WDC_MONSTER_MONITOR</CONTROLLER_NAME>
        <CMPNAME>WDDOONCLOSE</CMPNAME>
        <LANGU>E</LANGU>
        <DESCRIPTION>Handling When Closing the Window</DESCRIPTION>
       </WDY_CTLR_COMPOT>
       <WDY_CTLR_COMPOT>
        <COMPONENT_NAME>ZWDC_MONSTER_MONITOR</COMPONENT_NAME>
        <CONTROLLER_NAME>WDC_MONSTER_MONITOR</CONTROLLER_NAME>
        <CMPNAME>WDDOONOPEN</CMPNAME>
        <LANGU>E</LANGU>
        <DESCRIPTION>Handling When Opening the Window</DESCRIPTION>
       </WDY_CTLR_COMPOT>
      </CONTROLLER_COMPONENT_TEXTS>
     </WDY_MD_CONTROLLER_META_DATA>
    </CTLR_METADATA>
   </COMPONENT>
  </asx:values>
 </asx:abap>
</abapGit>
